responden_id,intensitas_dm_lawan_jenis,komunikasi_rahasia,lingkungan_kerja_intens,masih_kontak_mantan,hubungan_jarak_jauh
1,sedang,tidak,iya,tidak,iya
2,sedang,tidak,iya,tidak,iya
3,tinggi,iya,tidak,iya,tidak
4,rendah,tidak,tidak,tidak,tidak
5,sedang,tidak,iya,tidak,iya
6,sedang,iya,iya,tidak,tidak
7,tinggi,tidak,iya,tidak,iya
8,sedang,tidak,iya,iya,tidak
9,sedang,tidak,tidak,iya,tidak
10,rendah,tidak,tidak,tidak,tidak
11,sedang,tidak,iya,tidak,tidak
12,tinggi,iya,iya,tidak,iya
13,tinggi,tidak,tidak,tidak,tidak
14,sedang,tidak,iya,tidak,tidak
15,rendah,tidak,iya,tidak,iya
16,tinggi,tidak,tidak,tidak,tidak
17,rendah,tidak,iya,tidak,tidak
18,rendah,tidak,iya,iya,tidak
19,sedang,tidak,iya,iya,tidak
20,rendah,tidak,tidak,iya,tidak
21,tinggi,iya,tidak,tidak,tidak
22,sedang,tidak,tidak,iya,tidak
23,sedang,tidak,tidak,iya,tidak
24,sedang,tidak,tidak,iya,tidak
25,tinggi,tidak,iya,tidak,tidak
26,sedang,tidak,tidak,tidak,tidak
27,rendah,iya,iya,tidak,tidak
28,tinggi,tidak,iya,tidak,tidak
29,rendah,tidak,tidak,iya,tidak
30,rendah,iya,iya,tidak,tidak
31,sedang,tidak,iya,tidak,iya
32,rendah,iya,iya,tidak,tidak
33,tinggi,iya,tidak,tidak,tidak
34,sedang,iya,iya,iya,tidak
35,tinggi,iya,tidak,tidak,tidak
36,rendah,iya,iya,tidak,iya
37,tinggi,tidak,iya,tidak,tidak
38,rendah,tidak,tidak,tidak,tidak
39,rendah,tidak,tidak,iya,tidak
40,rendah,tidak,iya,iya,tidak
41,sedang,iya,iya,tidak,tidak
42,rendah,tidak,iya,iya,iya
43,sedang,iya,tidak,tidak,tidak
44,rendah,iya,tidak,tidak,tidak
45,rendah,iya,tidak,iya,tidak
46,sedang,tidak,iya,tidak,iya
47,rendah,iya,tidak,tidak,tidak
48,tinggi,tidak,tidak,tidak,iya
49,sedang,iya,iya,iya,tidak
50,tinggi,tidak,iya,iya,iya
51,rendah,iya,iya,tidak,iya
52,tinggi,tidak,iya,tidak,tidak
53,sedang,tidak,iya,tidak,iya
54,tinggi,tidak,tidak,iya,tidak
55,rendah,iya,iya,tidak,tidak
56,sedang,iya,iya,iya,tidak
57,tinggi,tidak,iya,iya,tidak
58,rendah,tidak,tidak,tidak,tidak
59,sedang,tidak,iya,tidak,tidak
60,tinggi,tidak,iya,tidak,tidak
61,sedang,tidak,iya,tidak,iya
62,rendah,tidak,iya,tidak,tidak
63,sedang,iya,iya,tidak,tidak
64,rendah,tidak,tidak,tidak,tidak
65,tinggi,iya,iya,tidak,tidak
66,rendah,tidak,iya,iya,tidak
67,rendah,tidak,tidak,iya,iya
68,rendah,tidak,tidak,iya,tidak
69,sedang,tidak,iya,tidak,tidak
70,tinggi,tidak,tidak,tidak,tidak
71,rendah,tidak,iya,tidak,tidak
72,rendah,tidak,tidak,tidak,tidak
73,rendah,tidak,iya,tidak,tidak
74,tinggi,tidak,iya,tidak,tidak
75,sedang,tidak,tidak,tidak,tidak
76,rendah,tidak,tidak,tidak,tidak
77,sedang,tidak,tidak,tidak,tidak
78,rendah,tidak,tidak,tidak,tidak
79,sedang,tidak,iya,tidak,iya
80,rendah,tidak,tidak,iya,tidak
81,tinggi,iya,iya,tidak,tidak
82,tinggi,iya,iya,tidak,tidak
83,tinggi,tidak,tidak,tidak,iya
84,sedang,tidak,tidak,tidak,iya
85,sedang,tidak,tidak,iya,iya
86,rendah,tidak,iya,tidak,tidak
87,sedang,tidak,tidak,iya,iya
88,sedang,tidak,tidak,tidak,iya
89,tinggi,iya,tidak,tidak,tidak
90,rendah,iya,iya,iya,iya
91,tinggi,iya,iya,iya,iya
92,sedang,tidak,iya,tidak,iya
93,rendah,tidak,tidak,iya,iya
94,sedang,tidak,tidak,tidak,iya
95,tinggi,tidak,tidak,tidak,iya
96,tinggi,iya,iya,tidak,tidak
97,sedang,tidak,tidak,iya,iya
98,rendah,tidak,iya,tidak,tidak
99,tinggi,tidak,tidak,iya,tidak
100,sedang,tidak,iya,tidak,iya
101,rendah,tidak,tidak,tidak,tidak
102,rendah,tidak,iya,iya,iya
103,rendah,tidak,iya,tidak,tidak
104,rendah,iya,tidak,tidak,tidak
105,tinggi,tidak,iya,tidak,tidak
106,rendah,tidak,iya,iya,tidak
107,rendah,tidak,iya,tidak,tidak
108,rendah,iya,tidak,tidak,tidak
109,sedang,tidak,tidak,tidak,tidak
110,rendah,iya,iya,iya,tidak
111,rendah,tidak,tidak,tidak,tidak
112,rendah,tidak,iya,iya,tidak
113,sedang,tidak,iya,iya,tidak
114,rendah,iya,iya,tidak,tidak
115,sedang,tidak,tidak,tidak,iya
116,rendah,tidak,iya,tidak,tidak
117,rendah,tidak,iya,tidak,tidak
118,rendah,tidak,iya,tidak,tidak
119,rendah,tidak,tidak,iya,iya
120,rendah,iya,iya,tidak,tidak
121,rendah,iya,tidak,tidak,tidak
122,rendah,iya,tidak,tidak,tidak
123,sedang,tidak,iya,tidak,tidak
124,rendah,tidak,iya,tidak,tidak
125,tinggi,tidak,tidak,iya,tidak
126,tinggi,tidak,iya,tidak,iya
127,tinggi,iya,tidak,tidak,tidak
128,rendah,tidak,tidak,iya,tidak
129,tinggi,iya,iya,tidak,tidak
130,rendah,iya,tidak,iya,tidak
131,rendah,tidak,iya,tidak,tidak
132,rendah,tidak,iya,iya,iya
133,tinggi,tidak,tidak,tidak,tidak
134,rendah,tidak,iya,tidak,tidak
135,tinggi,tidak,tidak,tidak,tidak
136,rendah,iya,iya,tidak,tidak
137,tinggi,tidak,iya,iya,tidak
138,tinggi,iya,iya,tidak,tidak
139,tinggi,iya,tidak,tidak,iya
140,sedang,iya,tidak,tidak,tidak
141,tinggi,iya,tidak,tidak,iya
142,tinggi,tidak,iya,tidak,tidak
143,rendah,iya,iya,tidak,tidak
144,sedang,tidak,tidak,tidak,iya
145,sedang,tidak,tidak,tidak,tidak
146,rendah,tidak,iya,iya,tidak
147,tinggi,tidak,tidak,tidak,tidak
148,rendah,iya,tidak,tidak,iya
149,sedang,tidak,iya,tidak,tidak
150,rendah,tidak,tidak,iya,iya
151,rendah,tidak,iya,tidak,tidak
152,rendah,tidak,tidak,tidak,tidak
153,tinggi,tidak,tidak,tidak,tidak
154,rendah,tidak,iya,tidak,iya
155,tinggi,iya,iya,tidak,tidak
156,tinggi,tidak,iya,iya,tidak
157,sedang,tidak,tidak,tidak,tidak
158,rendah,tidak,iya,tidak,tidak
159,rendah,tidak,iya,iya,tidak
160,sedang,iya,tidak,tidak,tidak
161,rendah,tidak,iya,tidak,tidak
162,sedang,tidak,iya,tidak,tidak
163,tinggi,tidak,iya,iya,iya
164,rendah,iya,iya,tidak,tidak
165,sedang,tidak,tidak,tidak,tidak
166,tinggi,tidak,iya,tidak,iya
167,tinggi,tidak,iya,tidak,tidak
168,tinggi,iya,tidak,tidak,tidak
169,tinggi,iya,iya,iya,iya
170,rendah,tidak,tidak,tidak,tidak
171,tinggi,iya,tidak,iya,tidak
172,tinggi,tidak,tidak,tidak,tidak
173,sedang,tidak,iya,iya,tidak
174,rendah,tidak,iya,iya,tidak
175,sedang,iya,tidak,tidak,tidak
176,rendah,tidak,iya,tidak,tidak
177,rendah,iya,tidak,iya,tidak
178,sedang,tidak,iya,tidak,iya
179,sedang,iya,iya,tidak,tidak
180,sedang,tidak,iya,iya,tidak
181,rendah,tidak,iya,tidak,tidak
182,tinggi,tidak,iya,tidak,iya
183,rendah,tidak,iya,iya,tidak
184,rendah,tidak,iya,tidak,tidak
185,sedang,tidak,iya,tidak,tidak
186,rendah,iya,iya,tidak,iya
187,rendah,tidak,iya,tidak,tidak
188,rendah,tidak,iya,iya,tidak
189,tinggi,tidak,iya,iya,tidak
190,sedang,tidak,iya,tidak,tidak
191,rendah,tidak,tidak,iya,iya
192,rendah,iya,tidak,tidak,iya
193,sedang,tidak,iya,tidak,tidak
194,tinggi,iya,iya,tidak,iya
195,sedang,tidak,iya,tidak,tidak
196,tinggi,iya,tidak,tidak,iya
197,sedang,tidak,tidak,tidak,tidak
198,sedang,tidak,iya,tidak,tidak
199,tinggi,tidak,tidak,tidak,iya
200,tinggi,iya,tidak,iya,iya
201,tinggi,tidak,tidak,iya,iya
202,sedang,tidak,iya,iya,tidak
203,tinggi,tidak,iya,tidak,tidak
204,sedang,iya,iya,tidak,tidak
205,tinggi,tidak,tidak,tidak,tidak
206,rendah,tidak,iya,tidak,tidak
207,sedang,iya,tidak,tidak,tidak
208,tinggi,iya,tidak,tidak,tidak
209,rendah,iya,iya,tidak,tidak
210,sedang,iya,tidak,iya,tidak
211,tinggi,tidak,tidak,tidak,tidak
212,rendah,tidak,tidak,tidak,tidak
213,sedang,iya,tidak,tidak,tidak
214,sedang,iya,iya,tidak,iya
215,sedang,iya,tidak,tidak,tidak
216,rendah,iya,iya,tidak,tidak
217,rendah,tidak,iya,iya,tidak
218,rendah,tidak,tidak,tidak,iya
219,rendah,tidak,iya,tidak,tidak
220,rendah,iya,iya,tidak,iya
221,sedang,tidak,iya,tidak,tidak
222,sedang,iya,iya,tidak,tidak
223,tinggi,tidak,iya,tidak,tidak
224,rendah,tidak,tidak,tidak,iya
225,sedang,tidak,iya,iya,tidak
226,rendah,iya,iya,tidak,tidak
227,tinggi,tidak,iya,tidak,tidak
228,sedang,iya,iya,tidak,tidak
229,tinggi,tidak,iya,tidak,iya
230,rendah,tidak,tidak,tidak,tidak
231,sedang,tidak,iya,tidak,tidak
232,sedang,iya,iya,iya,tidak
233,tinggi,tidak,tidak,tidak,tidak
234,sedang,iya,tidak,tidak,tidak
235,sedang,tidak,iya,tidak,tidak
236,rendah,tidak,iya,iya,tidak
237,sedang,tidak,tidak,tidak,iya
238,rendah,tidak,tidak,tidak,tidak
239,rendah,tidak,iya,tidak,iya
240,rendah,tidak,tidak,tidak,iya
241,tinggi,iya,tidak,tidak,tidak
242,rendah,tidak,iya,tidak,tidak
243,tinggi,tidak,iya,tidak,iya
244,tinggi,tidak,iya,iya,tidak
245,tinggi,tidak,iya,tidak,tidak
246,tinggi,tidak,iya,tidak,tidak
247,tinggi,iya,iya,tidak,tidak
248,rendah,iya,tidak,tidak,tidak
249,rendah,iya,tidak,tidak,tidak
250,sedang,tidak,tidak,iya,tidak
251,sedang,tidak,iya,tidak,iya
252,rendah,tidak,iya,iya,tidak
253,sedang,tidak,iya,tidak,tidak
254,sedang,tidak,iya,iya,tidak
255,tinggi,tidak,iya,tidak,tidak
256,sedang,iya,iya,tidak,iya
257,sedang,iya,tidak,tidak,tidak
258,sedang,tidak,iya,tidak,iya
259,sedang,iya,iya,tidak,iya
260,tinggi,iya,iya,tidak,tidak
261,rendah,tidak,tidak,iya,tidak
262,sedang,iya,iya,iya,iya
263,sedang,tidak,tidak,iya,tidak
264,sedang,iya,iya,tidak,iya
265,rendah,tidak,iya,iya,tidak
266,rendah,tidak,tidak,tidak,tidak
267,rendah,tidak,tidak,tidak,iya
268,rendah,iya,iya,tidak,iya
269,tinggi,tidak,iya,tidak,iya
270,sedang,tidak,iya,tidak,tidak
271,rendah,tidak,iya,tidak,iya
272,rendah,tidak,iya,tidak,tidak
273,rendah,iya,tidak,iya,tidak
274,tinggi,iya,iya,iya,iya
275,sedang,iya,iya,tidak,tidak
276,tinggi,iya,iya,tidak,tidak
277,rendah,iya,tidak,iya,tidak
278,tinggi,iya,tidak,tidak,tidak
279,rendah,iya,tidak,iya,iya
280,rendah,tidak,iya,iya,tidak
281,rendah,tidak,iya,tidak,iya
282,sedang,iya,tidak,tidak,iya
283,rendah,iya,tidak,iya,tidak
284,sedang,iya,tidak,iya,tidak
285,tinggi,tidak,iya,tidak,tidak
286,rendah,iya,iya,tidak,iya
287,rendah,iya,iya,tidak,tidak
288,tinggi,tidak,tidak,tidak,iya
289,sedang,tidak,tidak,iya,tidak
290,tinggi,tidak,iya,iya,tidak
291,rendah,iya,tidak,tidak,tidak
292,rendah,iya,iya,tidak,tidak
293,rendah,iya,tidak,iya,tidak
294,tinggi,tidak,tidak,tidak,iya
295,tinggi,iya,iya,tidak,tidak
296,tinggi,tidak,iya,tidak,tidak
297,sedang,tidak,tidak,tidak,tidak
298,tinggi,tidak,iya,iya,tidak
299,sedang,iya,iya,iya,tidak
300,sedang,tidak,tidak,tidak,tidak
301,tinggi,tidak,tidak,tidak,tidak
302,rendah,tidak,iya,tidak,tidak
303,rendah,tidak,tidak,tidak,iya
304,rendah,iya,iya,iya,tidak
305,tinggi,tidak,iya,tidak,tidak
306,rendah,tidak,tidak,iya,tidak
307,rendah,iya,tidak,tidak,iya
308,tinggi,tidak,tidak,tidak,tidak
309,rendah,iya,tidak,tidak,tidak
310,rendah,tidak,tidak,tidak,iya
311,sedang,iya,iya,tidak,tidak
312,tinggi,tidak,iya,tidak,tidak
313,rendah,iya,iya,tidak,tidak
314,sedang,iya,iya,iya,tidak
315,rendah,tidak,tidak,tidak,tidak
316,sedang,tidak,tidak,tidak,tidak
317,rendah,tidak,tidak,tidak,tidak
318,rendah,tidak,tidak,tidak,tidak
319,sedang,tidak,tidak,tidak,tidak
320,tinggi,iya,iya,tidak,tidak
321,sedang,tidak,iya,tidak,tidak
322,tinggi,tidak,iya,tidak,tidak
323,sedang,tidak,tidak,tidak,tidak
324,rendah,tidak,iya,tidak,tidak
325,rendah,tidak,iya,iya,tidak
326,tinggi,iya,tidak,iya,tidak
327,sedang,iya,tidak,iya,tidak
328,tinggi,tidak,iya,tidak,tidak
329,rendah,tidak,iya,iya,tidak
330,rendah,tidak,iya,iya,iya
331,rendah,iya,iya,iya,tidak
332,rendah,iya,tidak,tidak,tidak
333,rendah,iya,tidak,tidak,tidak
334,sedang,tidak,iya,iya,tidak
335,sedang,iya,tidak,iya,tidak
336,rendah,tidak,tidak,tidak,tidak
337,rendah,tidak,iya,tidak,iya
338,sedang,iya,tidak,tidak,tidak
339,sedang,tidak,tidak,tidak,tidak
340,sedang,tidak,iya,iya,tidak
341,sedang,tidak,tidak,tidak,iya
342,tinggi,tidak,tidak,tidak,iya
343,sedang,tidak,tidak,iya,iya
344,tinggi,tidak,iya,tidak,tidak
345,sedang,tidak,tidak,tidak,tidak
346,rendah,iya,tidak,iya,tidak
347,rendah,tidak,iya,tidak,tidak
348,sedang,iya,tidak,tidak,iya
349,sedang,tidak,tidak,iya,tidak
350,sedang,tidak,iya,iya,tidak
351,rendah,tidak,tidak,iya,tidak
352,sedang,tidak,tidak,tidak,tidak
353,tinggi,iya,iya,tidak,tidak
354,sedang,tidak,iya,iya,tidak
355,sedang,iya,iya,tidak,tidak
356,tinggi,iya,iya,tidak,tidak
357,sedang,tidak,iya,tidak,tidak
358,rendah,tidak,iya,tidak,iya
359,tinggi,tidak,tidak,tidak,tidak
360,rendah,tidak,tidak,tidak,tidak
361,sedang,tidak,iya,tidak,tidak
362,rendah,iya,tidak,iya,tidak
363,rendah,tidak,iya,tidak,iya
364,rendah,iya,tidak,tidak,iya
365,rendah,iya,tidak,tidak,tidak
366,rendah,tidak,iya,tidak,tidak
367,rendah,tidak,tidak,iya,tidak
368,tinggi,iya,iya,iya,tidak
369,tinggi,tidak,tidak,iya,iya
370,tinggi,tidak,tidak,iya,tidak
371,tinggi,tidak,tidak,iya,tidak
372,sedang,iya,tidak,tidak,tidak
373,tinggi,iya,iya,tidak,tidak
374,sedang,tidak,iya,tidak,tidak
375,sedang,tidak,iya,tidak,iya
376,sedang,iya,iya,tidak,tidak
377,rendah,iya,iya,tidak,iya
378,tinggi,tidak,tidak,tidak,tidak
379,sedang,iya,tidak,tidak,tidak
380,rendah,tidak,iya,tidak,tidak
381,rendah,tidak,tidak,tidak,tidak
382,rendah,tidak,tidak,iya,tidak
383,tinggi,tidak,iya,tidak,tidak
384,tinggi,iya,tidak,iya,tidak
385,rendah,tidak,tidak,iya,tidak
386,rendah,tidak,tidak,tidak,tidak
387,rendah,iya,iya,tidak,tidak
388,tinggi,iya,tidak,tidak,iya
389,rendah,tidak,iya,iya,tidak
390,tinggi,tidak,tidak,tidak,tidak
391,sedang,iya,iya,tidak,tidak
392,tinggi,iya,tidak,tidak,iya
393,sedang,iya,iya,tidak,iya
394,sedang,tidak,iya,iya,tidak
395,sedang,tidak,iya,tidak,iya
396,tinggi,iya,iya,tidak,iya
397,tinggi,iya,iya,tidak,tidak
398,sedang,tidak,tidak,iya,tidak
399,sedang,tidak,iya,iya,tidak
400,tinggi,iya,iya,tidak,tidak
401,tinggi,tidak,iya,tidak,tidak
402,sedang,tidak,tidak,tidak,tidak
403,rendah,tidak,tidak,tidak,tidak
404,rendah,tidak,tidak,iya,tidak
405,tinggi,tidak,tidak,tidak,iya
406,rendah,tidak,iya,tidak,tidak
407,rendah,tidak,tidak,tidak,tidak
408,rendah,iya,tidak,tidak,iya
409,sedang,iya,iya,tidak,tidak
410,sedang,iya,iya,tidak,tidak
411,rendah,iya,iya,tidak,tidak
412,rendah,iya,tidak,iya,iya
413,tinggi,tidak,tidak,tidak,tidak
414,tinggi,tidak,tidak,tidak,tidak
415,rendah,tidak,tidak,tidak,iya
416,rendah,tidak,tidak,tidak,tidak
417,sedang,tidak,tidak,tidak,tidak
418,tinggi,iya,iya,tidak,tidak
419,tinggi,tidak,tidak,tidak,tidak
420,sedang,tidak,tidak,tidak,tidak
421,tinggi,iya,iya,tidak,iya
422,rendah,tidak,iya,tidak,tidak
423,rendah,iya,tidak,iya,tidak
424,sedang,tidak,tidak,tidak,tidak
425,tinggi,tidak,iya,tidak,tidak
426,sedang,iya,tidak,tidak,tidak
427,tinggi,tidak,iya,tidak,tidak
428,tinggi,tidak,iya,iya,iya
429,sedang,tidak,tidak,tidak,tidak
430,rendah,iya,iya,tidak,iya
431,rendah,tidak,iya,tidak,iya
432,tinggi,iya,iya,tidak,tidak
433,rendah,iya,tidak,tidak,tidak
434,rendah,tidak,iya,tidak,tidak
435,tinggi,iya,iya,tidak,tidak
436,tinggi,iya,iya,tidak,tidak
437,rendah,tidak,iya,iya,tidak
438,tinggi,iya,tidak,tidak,tidak
439,rendah,iya,tidak,tidak,tidak
440,rendah,tidak,tidak,tidak,tidak
441,sedang,iya,tidak,iya,tidak
442,tinggi,tidak,tidak,tidak,tidak
443,rendah,tidak,tidak,iya,tidak
444,rendah,iya,tidak,tidak,iya
445,rendah,tidak,iya,tidak,tidak
446,tinggi,iya,iya,iya,iya
447,sedang,tidak,iya,iya,tidak
448,sedang,tidak,iya,tidak,tidak
449,rendah,iya,tidak,tidak,tidak
450,sedang,iya,iya,tidak,iya
451,sedang,iya,iya,tidak,tidak
452,tinggi,iya,iya,iya,iya
453,rendah,tidak,tidak,tidak,tidak
454,tinggi,iya,iya,tidak,tidak
455,sedang,tidak,iya,tidak,tidak
456,rendah,tidak,iya,tidak,iya
457,rendah,tidak,tidak,tidak,iya
458,sedang,iya,iya,tidak,tidak
459,tinggi,tidak,iya,tidak,iya
460,sedang,tidak,iya,iya,tidak
461,sedang,tidak,iya,tidak,tidak
462,rendah,tidak,tidak,tidak,tidak
463,rendah,iya,tidak,tidak,tidak
464,sedang,tidak,tidak,tidak,tidak
465,sedang,tidak,tidak,tidak,iya
466,tinggi,tidak,tidak,iya,tidak
467,rendah,tidak,tidak,iya,iya
468,rendah,tidak,tidak,iya,iya
469,rendah,tidak,iya,tidak,iya
470,tinggi,tidak,iya,iya,tidak
471,sedang,tidak,tidak,tidak,tidak
472,rendah,iya,tidak,tidak,tidak
473,rendah,iya,iya,tidak,iya
474,rendah,tidak,iya,tidak,tidak
475,sedang,tidak,tidak,tidak,tidak
476,tinggi,iya,iya,tidak,tidak
477,tinggi,tidak,tidak,tidak,tidak
478,sedang,tidak,iya,tidak,tidak
479,rendah,tidak,iya,tidak,tidak
480,sedang,iya,tidak,iya,tidak
481,tinggi,iya,iya,iya,iya
482,rendah,tidak,tidak,tidak,tidak
483,tinggi,tidak,iya,tidak,tidak
484,tinggi,tidak,iya,tidak,tidak
485,sedang,tidak,iya,tidak,iya
486,sedang,tidak,tidak,iya,iya
487,sedang,iya,iya,tidak,iya
488,sedang,tidak,iya,iya,tidak
489,rendah,tidak,iya,iya,iya
490,rendah,tidak,tidak,tidak,tidak
491,rendah,tidak,tidak,iya,tidak
492,tinggi,iya,iya,tidak,tidak
493,sedang,tidak,iya,tidak,tidak
494,sedang,tidak,tidak,iya,tidak
495,tinggi,tidak,iya,tidak,tidak
496,rendah,tidak,tidak,tidak,iya
497,sedang,iya,tidak,tidak,tidak
498,sedang,tidak,tidak,iya,tidak
499,rendah,tidak,iya,tidak,tidak
500,rendah,tidak,iya,iya,tidak
501,tinggi,iya,iya,tidak,tidak
502,tinggi,tidak,tidak,tidak,tidak
503,rendah,iya,iya,tidak,iya
504,tinggi,tidak,tidak,tidak,iya
505,tinggi,iya,tidak,tidak,tidak
506,rendah,tidak,tidak,iya,tidak
507,rendah,tidak,tidak,tidak,tidak
508,rendah,iya,iya,iya,tidak
509,sedang,tidak,iya,tidak,tidak
510,sedang,tidak,iya,tidak,tidak
511,rendah,tidak,tidak,tidak,tidak
512,sedang,tidak,tidak,tidak,tidak
513,rendah,tidak,tidak,tidak,tidak
514,rendah,tidak,tidak,tidak,iya
515,sedang,tidak,iya,iya,iya
516,rendah,tidak,tidak,tidak,iya
517,sedang,iya,iya,tidak,iya
518,tinggi,tidak,tidak,iya,tidak
519,rendah,tidak,tidak,iya,tidak
520,rendah,iya,tidak,iya,tidak
521,rendah,iya,iya,iya,iya
522,sedang,tidak,tidak,tidak,iya
523,sedang,tidak,iya,iya,tidak
524,sedang,iya,tidak,iya,tidak
525,sedang,tidak,tidak,iya,tidak
526,rendah,tidak,iya,tidak,tidak
527,rendah,tidak,tidak,iya,iya
528,rendah,iya,tidak,tidak,iya
529,sedang,tidak,iya,tidak,tidak
530,rendah,iya,tidak,tidak,tidak
531,tinggi,iya,iya,iya,tidak
532,sedang,tidak,tidak,tidak,iya
533,rendah,iya,tidak,iya,iya
534,sedang,tidak,tidak,tidak,tidak
535,tinggi,tidak,iya,tidak,tidak
536,rendah,iya,iya,tidak,tidak
537,rendah,tidak,iya,tidak,tidak
538,sedang,tidak,iya,tidak,iya
539,sedang,tidak,tidak,tidak,tidak
540,rendah,tidak,tidak,tidak,tidak
541,tinggi,tidak,tidak,tidak,tidak
542,sedang,tidak,iya,tidak,tidak
543,tinggi,tidak,iya,iya,tidak
544,rendah,tidak,tidak,tidak,tidak
545,tinggi,tidak,tidak,tidak,iya
546,rendah,tidak,iya,tidak,iya
547,rendah,tidak,iya,iya,tidak
548,tinggi,tidak,iya,tidak,tidak
549,rendah,tidak,tidak,tidak,tidak
550,tinggi,iya,iya,tidak,tidak
551,sedang,tidak,iya,iya,tidak
552,tinggi,tidak,tidak,tidak,iya
553,sedang,iya,iya,tidak,iya
554,tinggi,tidak,tidak,tidak,tidak
555,rendah,tidak,tidak,iya,iya
556,sedang,tidak,iya,tidak,tidak
557,sedang,tidak,iya,tidak,iya
558,tinggi,tidak,tidak,tidak,tidak
559,rendah,iya,tidak,iya,tidak
560,sedang,tidak,iya,iya,tidak
561,sedang,tidak,tidak,tidak,tidak
562,rendah,iya,tidak,tidak,tidak
563,sedang,tidak,tidak,tidak,tidak
564,tinggi,tidak,iya,tidak,tidak
565,rendah,tidak,tidak,tidak,tidak
566,sedang,tidak,iya,iya,tidak
567,tinggi,iya,tidak,tidak,tidak
568,rendah,tidak,iya,tidak,iya
569,sedang,iya,iya,iya,tidak
570,sedang,tidak,iya,tidak,iya
571,tinggi,iya,iya,iya,tidak
572,sedang,tidak,tidak,tidak,tidak
573,sedang,iya,iya,iya,tidak
574,rendah,tidak,iya,iya,tidak
575,sedang,iya,tidak,iya,tidak
576,tinggi,tidak,iya,tidak,iya
577,rendah,iya,tidak,tidak,tidak
578,rendah,tidak,tidak,iya,iya
579,tinggi,tidak,tidak,tidak,iya
580,sedang,tidak,iya,iya,tidak
581,sedang,tidak,tidak,tidak,tidak
582,tinggi,tidak,iya,tidak,iya
583,tinggi,iya,iya,tidak,iya
584,tinggi,tidak,iya,tidak,iya
585,tinggi,tidak,iya,iya,iya
586,sedang,tidak,tidak,iya,tidak
587,tinggi,tidak,iya,tidak,iya
588,sedang,iya,tidak,iya,tidak
589,tinggi,tidak,iya,tidak,tidak
590,tinggi,tidak,tidak,iya,tidak
591,rendah,tidak,tidak,iya,tidak
592,rendah,tidak,tidak,tidak,tidak
593,rendah,tidak,tidak,tidak,iya
594,tinggi,tidak,tidak,tidak,iya
595,tinggi,tidak,iya,iya,tidak
596,sedang,tidak,tidak,tidak,tidak
597,sedang,tidak,iya,iya,iya
598,tinggi,tidak,tidak,iya,tidak
599,rendah,tidak,iya,tidak,tidak
600,rendah,iya,iya,iya,tidak
601,sedang,iya,iya,tidak,iya
602,tinggi,iya,tidak,tidak,tidak
603,tinggi,iya,tidak,iya,iya
604,rendah,tidak,tidak,tidak,tidak
605,rendah,tidak,iya,tidak,tidak
606,sedang,tidak,iya,tidak,tidak
607,tinggi,tidak,iya,tidak,tidak
608,sedang,iya,tidak,iya,tidak
609,sedang,tidak,iya,iya,tidak
610,rendah,tidak,iya,tidak,tidak
611,tinggi,tidak,tidak,tidak,tidak
612,rendah,tidak,tidak,iya,iya
613,rendah,tidak,iya,tidak,iya
614,tinggi,tidak,tidak,tidak,tidak
615,tinggi,iya,iya,iya,iya
616,sedang,tidak,iya,iya,tidak
617,sedang,tidak,iya,tidak,tidak
618,rendah,tidak,iya,iya,tidak
619,rendah,tidak,iya,tidak,tidak
620,rendah,tidak,tidak,tidak,tidak
621,sedang,tidak,tidak,tidak,iya
622,rendah,tidak,iya,tidak,iya
623,tinggi,tidak,iya,tidak,tidak
624,rendah,tidak,iya,iya,tidak
625,sedang,tidak,tidak,iya,tidak
626,sedang,iya,tidak,tidak,iya
627,sedang,tidak,tidak,iya,tidak
628,rendah,tidak,tidak,tidak,tidak
629,tinggi,iya,iya,tidak,iya
630,sedang,tidak,iya,tidak,iya
631,sedang,tidak,tidak,tidak,tidak
632,sedang,tidak,iya,tidak,tidak
633,rendah,iya,iya,iya,tidak
634,sedang,iya,iya,tidak,iya
635,sedang,tidak,iya,tidak,tidak
636,tinggi,iya,tidak,iya,iya
637,tinggi,tidak,iya,tidak,tidak
638,rendah,iya,tidak,tidak,tidak
639,rendah,tidak,iya,tidak,tidak
640,rendah,iya,iya,tidak,tidak
641,tinggi,tidak,iya,iya,tidak
642,rendah,tidak,iya,tidak,tidak
643,sedang,tidak,iya,tidak,iya
644,sedang,iya,tidak,tidak,tidak
645,sedang,iya,tidak,tidak,tidak
646,rendah,tidak,tidak,tidak,tidak
647,rendah,iya,tidak,tidak,tidak
648,sedang,tidak,tidak,tidak,iya
649,rendah,iya,iya,tidak,tidak
650,rendah,tidak,tidak,tidak,tidak
651,rendah,tidak,iya,iya,tidak
652,sedang,tidak,iya,iya,tidak
653,rendah,tidak,iya,tidak,tidak
654,rendah,iya,iya,tidak,iya
655,rendah,iya,tidak,tidak,tidak
656,rendah,iya,iya,tidak,tidak
657,sedang,tidak,tidak,tidak,tidak
658,rendah,iya,iya,tidak,tidak
659,sedang,tidak,iya,iya,tidak
660,rendah,iya,tidak,tidak,tidak
661,tinggi,tidak,tidak,iya,tidak
662,rendah,tidak,iya,tidak,iya
663,tinggi,iya,iya,tidak,iya
664,tinggi,iya,iya,iya,tidak
665,sedang,tidak,tidak,tidak,tidak
666,tinggi,tidak,tidak,iya,iya
667,rendah,tidak,tidak,tidak,tidak
668,rendah,tidak,iya,iya,iya
669,rendah,iya,iya,iya,tidak
670,rendah,iya,tidak,tidak,tidak
671,rendah,tidak,tidak,iya,tidak
672,sedang,tidak,iya,tidak,tidak
673,rendah,iya,tidak,tidak,tidak
674,rendah,tidak,iya,tidak,tidak
675,rendah,tidak,iya,tidak,tidak
676,sedang,iya,tidak,tidak,tidak
677,tinggi,iya,tidak,tidak,tidak
678,sedang,tidak,iya,iya,tidak
679,sedang,tidak,tidak,tidak,tidak
680,rendah,tidak,iya,iya,tidak
681,tinggi,tidak,tidak,tidak,tidak
682,rendah,tidak,tidak,tidak,tidak
683,tinggi,tidak,iya,iya,tidak
684,sedang,iya,iya,iya,iya
685,rendah,iya,tidak,iya,iya
686,tinggi,iya,tidak,tidak,tidak
687,tinggi,tidak,iya,tidak,tidak
688,sedang,tidak,iya,tidak,tidak
689,rendah,iya,tidak,tidak,tidak
690,sedang,iya,iya,tidak,tidak
691,rendah,iya,tidak,tidak,tidak
692,rendah,iya,tidak,tidak,tidak
693,rendah,iya,iya,iya,tidak
694,sedang,tidak,iya,iya,tidak
695,sedang,tidak,tidak,tidak,tidak
696,rendah,tidak,tidak,tidak,tidak
697,tinggi,tidak,tidak,tidak,tidak
698,rendah,tidak,iya,tidak,tidak
699,rendah,iya,tidak,iya,tidak
700,sedang,tidak,tidak,tidak,tidak
701,tinggi,iya,tidak,iya,tidak
702,tinggi,tidak,tidak,tidak,iya
703,tinggi,tidak,iya,iya,tidak
704,rendah,iya,tidak,tidak,tidak
705,tinggi,tidak,iya,iya,tidak
706,tinggi,tidak,tidak,tidak,tidak
707,rendah,tidak,iya,tidak,iya
708,sedang,iya,tidak,tidak,iya
709,sedang,iya,tidak,tidak,tidak
710,sedang,iya,tidak,tidak,tidak
711,tinggi,iya,iya,iya,tidak
712,rendah,iya,iya,tidak,iya
713,sedang,tidak,tidak,tidak,iya
714,rendah,tidak,tidak,iya,tidak
715,sedang,tidak,tidak,tidak,tidak
716,tinggi,tidak,iya,tidak,iya
717,rendah,iya,iya,iya,tidak
718,rendah,tidak,iya,tidak,tidak
719,tinggi,tidak,iya,tidak,tidak
720,tinggi,tidak,tidak,iya,tidak
721,sedang,tidak,iya,tidak,iya
722,rendah,iya,tidak,iya,iya
723,sedang,tidak,iya,tidak,tidak
724,tinggi,iya,tidak,tidak,tidak
725,tinggi,tidak,tidak,tidak,tidak
726,rendah,iya,tidak,iya,tidak
727,sedang,tidak,tidak,iya,tidak
728,rendah,tidak,iya,tidak,tidak
729,rendah,iya,iya,tidak,iya
730,sedang,tidak,iya,tidak,tidak
731,rendah,tidak,iya,tidak,tidak
732,rendah,tidak,tidak,iya,tidak
733,sedang,tidak,iya,iya,tidak
734,sedang,iya,iya,iya,tidak
735,tinggi,tidak,iya,tidak,tidak
736,sedang,tidak,tidak,tidak,tidak
737,sedang,tidak,tidak,tidak,tidak
738,rendah,tidak,tidak,tidak,tidak
739,rendah,tidak,iya,tidak,tidak
740,sedang,iya,iya,iya,tidak
741,rendah,tidak,tidak,tidak,tidak
742,tinggi,iya,iya,tidak,tidak
743,sedang,tidak,tidak,tidak,tidak
744,rendah,iya,tidak,iya,tidak
745,sedang,iya,iya,iya,tidak
746,tinggi,tidak,tidak,tidak,tidak
747,rendah,iya,tidak,iya,tidak
748,rendah,tidak,iya,tidak,tidak
749,tinggi,tidak,iya,tidak,tidak
750,rendah,tidak,iya,tidak,tidak
751,rendah,iya,tidak,tidak,iya
752,rendah,tidak,tidak,tidak,tidak
753,sedang,tidak,tidak,tidak,iya
754,sedang,iya,iya,tidak,tidak
755,sedang,tidak,tidak,tidak,tidak
756,tinggi,tidak,tidak,tidak,iya
757,tinggi,iya,tidak,iya,iya
758,tinggi,tidak,iya,tidak,tidak
759,sedang,tidak,tidak,tidak,tidak
760,rendah,iya,tidak,tidak,tidak
761,tinggi,tidak,tidak,tidak,iya
762,rendah,tidak,tidak,tidak,tidak
763,tinggi,tidak,tidak,tidak,tidak
764,rendah,iya,tidak,tidak,tidak
765,tinggi,tidak,iya,iya,tidak
766,tinggi,tidak,tidak,tidak,tidak
767,rendah,tidak,tidak,iya,tidak
768,rendah,tidak,tidak,iya,tidak
769,rendah,iya,iya,tidak,tidak
770,sedang,tidak,tidak,tidak,iya
771,rendah,tidak,iya,tidak,tidak
772,sedang,tidak,iya,tidak,tidak
773,rendah,tidak,tidak,tidak,tidak
774,rendah,tidak,tidak,tidak,tidak
775,sedang,tidak,iya,tidak,iya
776,sedang,tidak,iya,tidak,tidak
777,rendah,tidak,iya,tidak,tidak
778,sedang,iya,iya,tidak,tidak
779,tinggi,tidak,tidak,tidak,tidak
780,rendah,tidak,iya,iya,tidak
781,rendah,iya,tidak,tidak,iya
782,tinggi,tidak,iya,tidak,tidak
783,rendah,tidak,iya,tidak,tidak
784,rendah,iya,tidak,tidak,tidak
785,sedang,tidak,tidak,tidak,tidak
786,rendah,iya,tidak,tidak,iya
787,rendah,iya,tidak,iya,tidak
788,tinggi,tidak,iya,tidak,iya
789,rendah,iya,iya,tidak,tidak
790,tinggi,tidak,iya,tidak,iya
791,rendah,tidak,tidak,tidak,tidak
792,tinggi,tidak,tidak,tidak,tidak
793,sedang,tidak,tidak,tidak,iya
794,rendah,tidak,tidak,tidak,tidak
795,sedang,tidak,iya,tidak,tidak
796,tinggi,iya,iya,tidak,iya
797,rendah,tidak,tidak,tidak,iya
798,sedang,tidak,iya,iya,iya
799,sedang,tidak,tidak,iya,tidak
800,tinggi,tidak,tidak,tidak,tidak
801,sedang,tidak,tidak,tidak,tidak
802,rendah,iya,iya,tidak,tidak
803,rendah,tidak,iya,iya,tidak
804,sedang,tidak,tidak,tidak,tidak
805,tinggi,tidak,iya,tidak,tidak
806,rendah,iya,iya,tidak,tidak
807,sedang,tidak,tidak,tidak,tidak
808,rendah,tidak,iya,tidak,tidak
809,sedang,iya,iya,tidak,iya
810,sedang,tidak,tidak,tidak,tidak
811,sedang,iya,iya,iya,tidak
812,tinggi,iya,tidak,iya,tidak
813,rendah,tidak,iya,iya,tidak
814,rendah,iya,iya,tidak,tidak
815,tinggi,iya,tidak,iya,tidak
816,rendah,tidak,tidak,iya,tidak
817,sedang,tidak,tidak,iya,iya
818,sedang,tidak,tidak,tidak,tidak
819,sedang,tidak,tidak,tidak,tidak
820,rendah,tidak,iya,tidak,tidak
821,rendah,tidak,tidak,iya,iya
822,sedang,tidak,tidak,tidak,tidak
823,rendah,iya,iya,tidak,iya
824,sedang,iya,iya,tidak,tidak
825,sedang,tidak,tidak,tidak,tidak
826,rendah,tidak,iya,iya,tidak
827,rendah,tidak,iya,tidak,tidak
828,tinggi,tidak,tidak,tidak,tidak
829,sedang,iya,tidak,iya,tidak
830,sedang,tidak,iya,tidak,iya
831,tinggi,tidak,iya,iya,tidak
832,sedang,tidak,tidak,tidak,tidak
833,tinggi,tidak,tidak,tidak,tidak
834,rendah,tidak,iya,tidak,tidak
835,tinggi,tidak,iya,tidak,tidak
836,rendah,tidak,iya,tidak,tidak
837,tinggi,tidak,iya,iya,tidak
838,tinggi,tidak,iya,tidak,tidak
839,rendah,tidak,iya,tidak,iya
840,sedang,iya,iya,iya,tidak
841,sedang,tidak,iya,tidak,tidak
842,rendah,tidak,tidak,tidak,iya
843,tinggi,iya,iya,tidak,iya
844,rendah,iya,tidak,tidak,tidak
845,tinggi,tidak,tidak,tidak,tidak
846,rendah,tidak,iya,iya,iya
847,sedang,tidak,tidak,tidak,iya
848,rendah,tidak,tidak,tidak,tidak
849,rendah,tidak,iya,tidak,tidak
850,sedang,iya,iya,tidak,tidak
851,sedang,iya,iya,iya,tidak
852,rendah,iya,iya,tidak,tidak
853,tinggi,tidak,tidak,iya,tidak
854,rendah,iya,tidak,tidak,tidak
855,tinggi,tidak,tidak,tidak,tidak
856,sedang,tidak,iya,iya,iya
857,sedang,iya,iya,tidak,tidak
858,rendah,tidak,iya,tidak,tidak
859,sedang,tidak,tidak,iya,tidak
860,sedang,iya,tidak,tidak,tidak
861,rendah,tidak,tidak,tidak,tidak
862,rendah,tidak,tidak,tidak,tidak
863,rendah,tidak,iya,iya,tidak
864,rendah,iya,tidak,tidak,tidak
865,rendah,tidak,tidak,iya,tidak
866,rendah,tidak,tidak,tidak,tidak
867,sedang,tidak,iya,iya,iya
868,rendah,iya,tidak,tidak,tidak
869,rendah,tidak,tidak,tidak,iya
870,rendah,tidak,iya,tidak,tidak
871,sedang,tidak,iya,tidak,tidak
872,rendah,tidak,iya,tidak,tidak
873,sedang,tidak,tidak,tidak,tidak
874,sedang,tidak,iya,iya,iya
875,sedang,tidak,tidak,tidak,tidak
876,rendah,iya,tidak,iya,tidak
877,sedang,iya,iya,tidak,tidak
878,rendah,tidak,tidak,tidak,tidak
879,tinggi,tidak,iya,iya,tidak
880,tinggi,tidak,iya,iya,tidak
881,sedang,tidak,tidak,tidak,iya
882,tinggi,tidak,tidak,tidak,tidak
883,sedang,tidak,tidak,tidak,tidak
884,rendah,tidak,iya,tidak,tidak
885,rendah,tidak,iya,iya,tidak
886,sedang,tidak,iya,tidak,iya
887,tinggi,tidak,iya,tidak,tidak
888,tinggi,tidak,tidak,tidak,tidak
889,sedang,tidak,iya,tidak,tidak
890,rendah,iya,tidak,tidak,tidak
891,sedang,tidak,iya,iya,tidak
892,tinggi,tidak,tidak,tidak,iya
893,sedang,iya,iya,tidak,tidak
894,sedang,iya,tidak,iya,tidak
895,sedang,iya,tidak,tidak,iya
896,tinggi,tidak,iya,iya,tidak
897,tinggi,iya,iya,tidak,tidak
898,rendah,iya,iya,tidak,tidak
899,rendah,iya,iya,tidak,tidak
900,tinggi,tidak,tidak,iya,tidak
901,tinggi,tidak,iya,iya,tidak
902,rendah,iya,iya,tidak,tidak
903,sedang,iya,tidak,tidak,tidak
904,tinggi,iya,iya,tidak,tidak
905,tinggi,iya,iya,tidak,tidak
906,tinggi,tidak,iya,iya,tidak
907,rendah,tidak,tidak,tidak,tidak
908,sedang,iya,iya,tidak,tidak
909,rendah,iya,tidak,tidak,tidak
910,tinggi,iya,iya,tidak,iya
911,rendah,iya,iya,iya,iya
912,sedang,tidak,iya,tidak,tidak
913,sedang,tidak,iya,tidak,iya
914,tinggi,iya,tidak,tidak,tidak
915,sedang,tidak,iya,tidak,tidak
916,rendah,iya,tidak,tidak,tidak
917,sedang,iya,tidak,iya,tidak
918,rendah,tidak,tidak,tidak,tidak
919,rendah,iya,tidak,tidak,tidak
920,tinggi,tidak,iya,iya,tidak
921,sedang,iya,iya,tidak,tidak
922,sedang,tidak,iya,tidak,tidak
923,sedang,iya,tidak,tidak,tidak
924,tinggi,iya,iya,tidak,tidak
925,tinggi,tidak,iya,tidak,tidak
926,sedang,iya,tidak,tidak,tidak
927,tinggi,iya,iya,tidak,iya
928,sedang,iya,iya,tidak,tidak
929,sedang,iya,iya,tidak,tidak
930,tinggi,tidak,tidak,tidak,tidak
931,rendah,tidak,tidak,tidak,iya
932,sedang,tidak,iya,iya,tidak
933,tinggi,iya,iya,iya,tidak
934,rendah,tidak,iya,tidak,tidak
935,rendah,tidak,iya,iya,tidak
936,sedang,tidak,iya,tidak,tidak
937,rendah,tidak,iya,iya,tidak
938,tinggi,iya,tidak,tidak,tidak
939,rendah,tidak,iya,tidak,tidak
940,rendah,iya,tidak,iya,tidak
941,tinggi,tidak,tidak,iya,tidak
942,rendah,iya,iya,tidak,tidak
943,sedang,tidak,tidak,iya,iya
944,tinggi,tidak,tidak,tidak,iya
945,tinggi,tidak,tidak,tidak,iya
946,tinggi,tidak,tidak,tidak,iya
947,rendah,tidak,tidak,tidak,tidak
948,rendah,tidak,tidak,iya,iya
949,rendah,tidak,iya,iya,tidak
950,rendah,tidak,iya,tidak,tidak
951,sedang,tidak,iya,tidak,tidak
952,rendah,tidak,iya,iya,tidak
953,sedang,iya,iya,tidak,iya
954,rendah,iya,tidak,tidak,tidak
955,sedang,tidak,tidak,tidak,iya
956,rendah,tidak,iya,tidak,tidak
957,rendah,tidak,iya,iya,tidak
958,sedang,tidak,tidak,tidak,tidak
959,sedang,iya,tidak,tidak,tidak
960,tinggi,tidak,iya,iya,iya
961,tinggi,tidak,iya,tidak,iya
962,sedang,tidak,iya,tidak,tidak
963,sedang,iya,tidak,tidak,iya
964,rendah,tidak,iya,tidak,tidak
965,rendah,iya,iya,iya,tidak
966,tinggi,iya,iya,tidak,tidak
967,rendah,tidak,iya,iya,tidak
968,rendah,tidak,iya,tidak,tidak
969,rendah,tidak,iya,tidak,tidak
970,rendah,tidak,iya,tidak,tidak
971,tinggi,tidak,tidak,iya,tidak
972,rendah,tidak,iya,tidak,tidak
973,sedang,tidak,iya,tidak,tidak
974,rendah,tidak,iya,tidak,iya
975,sedang,iya,iya,tidak,tidak
976,sedang,iya,iya,tidak,tidak
977,rendah,tidak,iya,tidak,iya
978,tinggi,tidak,tidak,iya,tidak
979,rendah,tidak,tidak,iya,tidak
980,sedang,iya,iya,tidak,tidak
981,sedang,iya,tidak,tidak,tidak
982,tinggi,tidak,iya,tidak,tidak
983,rendah,tidak,tidak,tidak,tidak
984,rendah,tidak,iya,tidak,tidak
985,rendah,tidak,iya,tidak,tidak
986,rendah,iya,tidak,iya,tidak
987,rendah,tidak,iya,tidak,iya
988,rendah,iya,iya,tidak,tidak
989,sedang,tidak,tidak,iya,tidak
990,tinggi,iya,tidak,iya,tidak
991,rendah,tidak,iya,tidak,iya
992,tinggi,tidak,tidak,tidak,tidak
993,tinggi,iya,iya,tidak,tidak
994,tinggi,iya,tidak,tidak,tidak
995,tinggi,iya,tidak,iya,tidak
996,tinggi,iya,tidak,iya,tidak
997,tinggi,iya,tidak,iya,tidak
998,sedang,tidak,tidak,tidak,tidak
999,sedang,iya,iya,tidak,tidak
1000,tinggi,iya,tidak,tidak,tidak
1001,rendah,tidak,tidak,tidak,tidak
1002,rendah,tidak,tidak,tidak,tidak
1003,tinggi,iya,iya,tidak,tidak
1004,sedang,iya,iya,tidak,iya
1005,tinggi,tidak,iya,tidak,tidak
1006,rendah,iya,tidak,tidak,iya
1007,sedang,iya,iya,tidak,tidak
1008,rendah,tidak,iya,tidak,tidak
1009,tinggi,iya,iya,tidak,tidak
1010,rendah,tidak,tidak,tidak,tidak
1011,tinggi,tidak,iya,iya,tidak
1012,rendah,tidak,tidak,tidak,tidak
1013,rendah,iya,tidak,iya,tidak
1014,rendah,tidak,tidak,iya,iya
1015,rendah,iya,tidak,tidak,tidak
1016,sedang,tidak,tidak,tidak,iya
1017,rendah,iya,iya,tidak,iya
1018,sedang,iya,iya,tidak,tidak
1019,rendah,iya,iya,tidak,tidak
1020,tinggi,iya,tidak,iya,tidak
1021,rendah,iya,iya,tidak,tidak
1022,rendah,tidak,iya,iya,tidak
1023,sedang,tidak,tidak,iya,tidak
1024,tinggi,tidak,iya,tidak,tidak
1025,tinggi,iya,iya,tidak,tidak
1026,tinggi,tidak,tidak,tidak,tidak
1027,rendah,tidak,tidak,tidak,tidak
1028,tinggi,iya,tidak,tidak,tidak
1029,tinggi,iya,iya,iya,iya
1030,tinggi,iya,tidak,tidak,iya
1031,rendah,tidak,tidak,tidak,tidak
1032,tinggi,tidak,iya,iya,iya
1033,sedang,tidak,iya,tidak,tidak
1034,sedang,tidak,tidak,tidak,iya
1035,sedang,tidak,iya,tidak,tidak
1036,sedang,tidak,iya,tidak,tidak
1037,sedang,tidak,iya,iya,tidak
1038,rendah,tidak,iya,iya,tidak
1039,tinggi,tidak,tidak,tidak,iya
1040,sedang,tidak,iya,tidak,tidak
1041,sedang,iya,iya,tidak,tidak
1042,rendah,iya,iya,iya,tidak
1043,tinggi,iya,iya,tidak,tidak
1044,sedang,tidak,iya,tidak,tidak
1045,rendah,iya,tidak,tidak,iya
1046,tinggi,iya,tidak,iya,tidak
1047,rendah,tidak,tidak,tidak,tidak
1048,rendah,tidak,tidak,tidak,iya
1049,sedang,tidak,iya,iya,tidak
1050,sedang,iya,tidak,tidak,tidak
1051,rendah,tidak,tidak,tidak,tidak
1052,rendah,iya,iya,tidak,tidak
1053,tinggi,tidak,iya,iya,tidak
1054,rendah,iya,iya,tidak,tidak
1055,rendah,iya,iya,tidak,tidak
1056,tinggi,iya,iya,tidak,iya
1057,rendah,tidak,iya,iya,tidak
1058,sedang,tidak,iya,tidak,iya
1059,rendah,iya,iya,tidak,tidak
1060,sedang,iya,tidak,tidak,tidak
1061,rendah,tidak,iya,tidak,tidak
1062,tinggi,iya,iya,iya,tidak
1063,sedang,tidak,iya,tidak,tidak
1064,sedang,tidak,iya,iya,tidak
1065,tinggi,tidak,iya,iya,iya
1066,tinggi,iya,iya,iya,tidak
1067,rendah,tidak,tidak,tidak,tidak
1068,tinggi,iya,tidak,tidak,tidak
1069,rendah,tidak,tidak,tidak,iya
1070,sedang,iya,tidak,iya,tidak
1071,rendah,iya,tidak,iya,tidak
1072,sedang,tidak,iya,tidak,iya
1073,rendah,tidak,iya,iya,iya
1074,sedang,tidak,iya,iya,tidak
1075,sedang,iya,iya,iya,tidak
1076,rendah,tidak,iya,tidak,tidak
1077,sedang,tidak,tidak,iya,iya
1078,tinggi,tidak,iya,iya,tidak
1079,sedang,tidak,iya,tidak,tidak
1080,sedang,tidak,tidak,iya,tidak
1081,tinggi,iya,tidak,tidak,tidak
1082,sedang,tidak,tidak,tidak,tidak
1083,rendah,tidak,iya,iya,tidak
1084,sedang,iya,iya,tidak,tidak
1085,rendah,tidak,iya,iya,iya
1086,tinggi,iya,tidak,tidak,iya
1087,tinggi,iya,tidak,tidak,iya
1088,rendah,tidak,tidak,tidak,iya
1089,sedang,tidak,tidak,tidak,tidak
1090,sedang,tidak,tidak,iya,tidak
1091,rendah,tidak,tidak,tidak,tidak
1092,tinggi,tidak,iya,tidak,tidak
1093,sedang,iya,tidak,tidak,tidak
1094,rendah,tidak,tidak,iya,tidak
1095,tinggi,iya,iya,tidak,iya
1096,rendah,tidak,iya,iya,tidak
1097,tinggi,iya,iya,tidak,tidak
1098,rendah,iya,tidak,tidak,tidak
1099,sedang,iya,iya,iya,iya
1100,rendah,tidak,iya,tidak,iya
1101,rendah,tidak,tidak,tidak,tidak
1102,tinggi,tidak,tidak,iya,tidak
1103,sedang,iya,iya,tidak,tidak
1104,tinggi,iya,iya,iya,iya
1105,sedang,tidak,tidak,iya,tidak
1106,tinggi,iya,tidak,tidak,tidak
1107,tinggi,iya,iya,tidak,tidak
1108,sedang,tidak,tidak,tidak,tidak
1109,sedang,tidak,iya,iya,tidak
1110,tinggi,iya,tidak,iya,iya
1111,rendah,tidak,iya,tidak,iya
1112,tinggi,iya,tidak,tidak,iya
1113,sedang,iya,tidak,tidak,tidak
1114,sedang,tidak,iya,tidak,tidak
1115,rendah,tidak,tidak,tidak,iya
1116,tinggi,tidak,tidak,iya,tidak
1117,rendah,iya,iya,iya,iya
1118,tinggi,tidak,tidak,iya,tidak
1119,sedang,tidak,tidak,tidak,iya
1120,rendah,iya,tidak,iya,iya
1121,tinggi,tidak,iya,iya,tidak
1122,tinggi,iya,iya,tidak,tidak
1123,tinggi,tidak,iya,tidak,tidak
1124,rendah,tidak,iya,iya,tidak
1125,sedang,tidak,tidak,iya,tidak
1126,sedang,tidak,tidak,tidak,tidak
1127,sedang,iya,iya,tidak,tidak
1128,rendah,tidak,iya,tidak,tidak
1129,rendah,tidak,iya,iya,iya
1130,tinggi,tidak,iya,iya,tidak
1131,sedang,tidak,tidak,tidak,iya
1132,tinggi,tidak,iya,tidak,tidak
1133,rendah,tidak,iya,iya,iya
1134,tinggi,iya,tidak,iya,tidak
1135,sedang,tidak,tidak,iya,tidak
1136,tinggi,tidak,iya,iya,tidak
1137,rendah,tidak,iya,tidak,iya
1138,tinggi,tidak,iya,iya,tidak
1139,sedang,tidak,iya,tidak,tidak
1140,sedang,tidak,iya,iya,iya
1141,rendah,tidak,tidak,tidak,tidak
1142,sedang,tidak,iya,iya,tidak
1143,tinggi,tidak,iya,iya,tidak
1144,rendah,tidak,iya,tidak,tidak
1145,sedang,tidak,iya,tidak,tidak
1146,rendah,tidak,iya,tidak,tidak
1147,tinggi,iya,tidak,iya,tidak
1148,tinggi,iya,iya,iya,tidak
1149,rendah,iya,iya,iya,tidak
1150,rendah,tidak,iya,tidak,iya
1151,sedang,iya,tidak,tidak,iya
1152,rendah,tidak,tidak,tidak,tidak
1153,sedang,iya,iya,tidak,iya
1154,rendah,tidak,iya,tidak,iya
1155,sedang,tidak,tidak,iya,tidak
1156,rendah,tidak,iya,tidak,iya
1157,rendah,tidak,iya,iya,tidak
1158,rendah,tidak,tidak,tidak,iya
1159,sedang,tidak,tidak,tidak,tidak
1160,sedang,tidak,tidak,tidak,tidak
1161,rendah,iya,tidak,tidak,tidak
1162,sedang,iya,tidak,iya,tidak
1163,tinggi,tidak,iya,tidak,tidak
1164,rendah,tidak,tidak,tidak,tidak
1165,tinggi,tidak,tidak,iya,tidak
1166,sedang,tidak,iya,iya,tidak
1167,rendah,tidak,iya,tidak,tidak
1168,rendah,tidak,tidak,tidak,tidak
1169,sedang,iya,iya,tidak,tidak
1170,sedang,tidak,tidak,tidak,tidak
1171,rendah,tidak,tidak,tidak,iya
1172,tinggi,tidak,iya,iya,iya
1173,sedang,tidak,iya,tidak,tidak
1174,rendah,iya,iya,tidak,iya
1175,rendah,tidak,iya,tidak,iya
1176,rendah,tidak,tidak,iya,tidak
1177,sedang,iya,iya,tidak,tidak
1178,sedang,tidak,iya,tidak,tidak
1179,tinggi,tidak,iya,tidak,tidak
1180,sedang,tidak,tidak,tidak,iya
1181,rendah,tidak,tidak,tidak,tidak
1182,sedang,tidak,iya,tidak,iya
1183,rendah,iya,iya,tidak,tidak
1184,rendah,tidak,tidak,tidak,tidak
1185,tinggi,tidak,tidak,tidak,tidak
1186,rendah,iya,tidak,iya,tidak
1187,tinggi,tidak,iya,tidak,tidak
1188,tinggi,iya,tidak,iya,iya
1189,sedang,tidak,tidak,tidak,iya
1190,rendah,iya,iya,iya,tidak
1191,rendah,iya,tidak,tidak,tidak
1192,rendah,iya,tidak,tidak,tidak
1193,sedang,tidak,tidak,iya,iya
1194,tinggi,tidak,tidak,iya,tidak
1195,sedang,tidak,tidak,iya,tidak
1196,tinggi,iya,tidak,iya,tidak
1197,tinggi,tidak,tidak,tidak,tidak
1198,tinggi,iya,iya,tidak,tidak
1199,rendah,tidak,tidak,tidak,iya
1200,tinggi,tidak,iya,tidak,iya
1201,sedang,tidak,tidak,iya,iya
1202,rendah,tidak,tidak,tidak,tidak
1203,tinggi,iya,iya,iya,tidak
1204,tinggi,tidak,tidak,tidak,iya
1205,sedang,iya,tidak,tidak,tidak
1206,tinggi,tidak,iya,tidak,tidak
1207,rendah,iya,iya,tidak,tidak
1208,sedang,iya,iya,iya,tidak
1209,rendah,tidak,iya,iya,tidak
1210,sedang,tidak,tidak,tidak,iya
1211,sedang,tidak,iya,iya,iya
1212,rendah,tidak,iya,tidak,tidak
1213,sedang,iya,tidak,iya,tidak
1214,rendah,iya,iya,tidak,tidak
1215,rendah,iya,tidak,tidak,tidak
1216,rendah,iya,iya,tidak,iya
1217,sedang,tidak,tidak,tidak,tidak
1218,rendah,tidak,iya,tidak,tidak
1219,rendah,iya,tidak,tidak,tidak
1220,rendah,tidak,iya,tidak,iya
1221,rendah,iya,tidak,tidak,tidak
1222,sedang,iya,iya,iya,tidak
1223,tinggi,tidak,iya,iya,tidak
1224,rendah,tidak,iya,iya,tidak
1225,sedang,iya,tidak,tidak,tidak
1226,rendah,tidak,iya,tidak,iya
1227,rendah,iya,tidak,tidak,tidak
1228,rendah,tidak,iya,tidak,tidak
1229,tinggi,tidak,iya,tidak,tidak
1230,sedang,tidak,iya,tidak,tidak
1231,sedang,iya,iya,tidak,iya
1232,sedang,tidak,iya,tidak,tidak
1233,rendah,tidak,tidak,tidak,tidak
1234,tinggi,tidak,iya,iya,iya
1235,rendah,tidak,iya,iya,tidak
1236,rendah,tidak,tidak,tidak,tidak
1237,rendah,tidak,tidak,tidak,iya
1238,rendah,tidak,iya,iya,iya
1239,rendah,tidak,iya,iya,tidak
1240,sedang,tidak,tidak,iya,tidak
1241,rendah,tidak,iya,tidak,tidak
1242,sedang,tidak,tidak,tidak,iya
1243,rendah,tidak,iya,tidak,iya
1244,tinggi,tidak,iya,iya,tidak
1245,rendah,iya,tidak,iya,tidak
1246,sedang,tidak,tidak,tidak,iya
1247,sedang,tidak,iya,tidak,tidak
1248,rendah,tidak,iya,tidak,tidak
1249,rendah,iya,iya,iya,tidak
1250,rendah,iya,iya,iya,tidak
1251,rendah,tidak,iya,tidak,iya
1252,rendah,iya,iya,tidak,iya
1253,sedang,tidak,iya,tidak,tidak
1254,sedang,tidak,iya,iya,iya
1255,sedang,tidak,iya,iya,tidak
1256,rendah,tidak,iya,tidak,iya
1257,tinggi,tidak,tidak,tidak,tidak
1258,rendah,tidak,iya,tidak,iya
1259,rendah,tidak,iya,tidak,tidak
1260,rendah,iya,iya,tidak,tidak
1261,rendah,tidak,iya,tidak,iya
1262,sedang,tidak,iya,iya,tidak
1263,sedang,tidak,tidak,iya,iya
1264,sedang,tidak,iya,tidak,tidak
1265,sedang,tidak,tidak,tidak,tidak
1266,tinggi,tidak,tidak,tidak,iya
1267,sedang,tidak,iya,iya,tidak
1268,sedang,tidak,tidak,iya,tidak
1269,rendah,iya,tidak,tidak,tidak
1270,rendah,tidak,iya,tidak,tidak
1271,sedang,tidak,tidak,tidak,tidak
1272,rendah,tidak,tidak,tidak,tidak
1273,sedang,iya,iya,tidak,tidak
1274,rendah,tidak,iya,tidak,tidak
1275,tinggi,tidak,tidak,tidak,iya
1276,tinggi,tidak,tidak,tidak,tidak
1277,rendah,tidak,iya,iya,tidak
1278,tinggi,tidak,tidak,tidak,tidak
1279,tinggi,tidak,iya,iya,tidak
1280,tinggi,tidak,iya,tidak,tidak
1281,rendah,tidak,iya,tidak,tidak
1282,tinggi,tidak,iya,tidak,iya
1283,rendah,iya,tidak,tidak,iya
1284,sedang,tidak,tidak,tidak,tidak
1285,sedang,iya,iya,tidak,tidak
1286,sedang,tidak,iya,tidak,tidak
1287,rendah,iya,iya,iya,tidak
1288,tinggi,tidak,iya,tidak,iya
1289,sedang,tidak,iya,tidak,tidak
1290,rendah,iya,tidak,iya,tidak
1291,sedang,iya,tidak,iya,tidak
1292,tinggi,tidak,tidak,tidak,tidak
1293,tinggi,iya,tidak,tidak,tidak
1294,sedang,iya,iya,tidak,tidak
1295,rendah,tidak,iya,tidak,iya
1296,rendah,iya,iya,tidak,tidak
1297,rendah,tidak,iya,tidak,iya
1298,rendah,tidak,tidak,iya,tidak
1299,rendah,tidak,iya,tidak,tidak
1300,rendah,tidak,iya,tidak,tidak
1301,rendah,iya,iya,tidak,tidak
1302,tinggi,tidak,tidak,tidak,tidak
1303,sedang,tidak,iya,tidak,iya
1304,tinggi,iya,tidak,tidak,tidak
1305,rendah,iya,iya,tidak,iya
1306,sedang,tidak,tidak,iya,tidak
1307,rendah,tidak,tidak,tidak,tidak
1308,sedang,iya,tidak,tidak,tidak
1309,sedang,tidak,iya,iya,tidak
1310,sedang,tidak,iya,iya,tidak
1311,tinggi,tidak,iya,tidak,tidak
1312,tinggi,tidak,iya,iya,tidak
1313,sedang,tidak,tidak,tidak,tidak
1314,rendah,tidak,iya,tidak,tidak
1315,tinggi,iya,iya,tidak,tidak
1316,sedang,tidak,tidak,tidak,iya
1317,sedang,tidak,iya,tidak,iya
1318,sedang,tidak,tidak,tidak,tidak
1319,rendah,tidak,tidak,iya,iya
1320,rendah,tidak,iya,tidak,tidak
1321,rendah,tidak,iya,tidak,tidak
1322,rendah,tidak,iya,tidak,tidak
1323,sedang,iya,tidak,iya,tidak
1324,rendah,iya,iya,iya,tidak
1325,tinggi,tidak,iya,tidak,tidak
1326,sedang,tidak,iya,iya,tidak
1327,rendah,iya,iya,iya,tidak
1328,rendah,iya,iya,iya,tidak
1329,sedang,iya,tidak,tidak,iya
1330,rendah,tidak,iya,tidak,tidak
1331,sedang,iya,iya,tidak,iya
1332,tinggi,tidak,tidak,iya,iya
1333,sedang,tidak,iya,iya,tidak
1334,rendah,tidak,iya,iya,tidak
1335,tinggi,tidak,iya,tidak,tidak
1336,rendah,tidak,tidak,tidak,tidak
1337,rendah,tidak,tidak,tidak,tidak
1338,sedang,iya,tidak,tidak,tidak
1339,tinggi,tidak,iya,tidak,tidak
1340,rendah,iya,tidak,tidak,tidak
1341,tinggi,tidak,tidak,iya,tidak
1342,rendah,tidak,iya,tidak,tidak
1343,rendah,tidak,tidak,iya,tidak
1344,sedang,tidak,iya,iya,tidak
1345,rendah,iya,iya,tidak,tidak
1346,rendah,tidak,iya,tidak,tidak
1347,rendah,tidak,iya,iya,tidak
1348,rendah,iya,iya,iya,tidak
1349,rendah,tidak,iya,tidak,tidak
1350,sedang,tidak,iya,tidak,tidak
1351,sedang,tidak,tidak,tidak,iya
1352,tinggi,tidak,iya,tidak,tidak
1353,sedang,iya,iya,tidak,tidak
1354,sedang,tidak,iya,iya,iya
1355,sedang,tidak,iya,tidak,iya
1356,tinggi,tidak,iya,tidak,iya
1357,rendah,iya,iya,iya,tidak
1358,rendah,iya,tidak,tidak,tidak
1359,sedang,tidak,tidak,iya,tidak
1360,rendah,tidak,iya,tidak,tidak
1361,tinggi,tidak,tidak,tidak,iya
1362,sedang,tidak,tidak,tidak,tidak
1363,rendah,tidak,iya,tidak,tidak
1364,tinggi,iya,tidak,iya,tidak
1365,rendah,iya,iya,iya,iya
1366,tinggi,tidak,tidak,iya,tidak
1367,tinggi,tidak,iya,tidak,iya
1368,sedang,tidak,iya,iya,tidak
1369,rendah,iya,tidak,tidak,iya
1370,rendah,iya,iya,tidak,tidak
1371,sedang,tidak,iya,tidak,iya
1372,tinggi,tidak,tidak,tidak,tidak
1373,rendah,tidak,iya,tidak,iya
1374,rendah,tidak,iya,tidak,tidak
1375,rendah,tidak,tidak,tidak,tidak
1376,sedang,tidak,iya,tidak,tidak
1377,tinggi,tidak,tidak,tidak,tidak
1378,rendah,tidak,tidak,iya,tidak
1379,rendah,tidak,tidak,tidak,tidak
1380,sedang,tidak,tidak,tidak,tidak
1381,tinggi,iya,tidak,iya,tidak
1382,tinggi,tidak,tidak,tidak,tidak
1383,tinggi,iya,tidak,tidak,tidak
1384,rendah,tidak,iya,iya,tidak
1385,rendah,tidak,iya,tidak,tidak
1386,tinggi,tidak,iya,iya,tidak
1387,tinggi,tidak,tidak,tidak,tidak
1388,sedang,tidak,iya,tidak,tidak
1389,sedang,tidak,tidak,tidak,tidak
1390,tinggi,iya,tidak,tidak,tidak
1391,sedang,iya,iya,tidak,iya
1392,rendah,iya,iya,tidak,tidak
1393,sedang,tidak,tidak,tidak,iya
1394,tinggi,tidak,tidak,iya,tidak
1395,sedang,tidak,iya,iya,tidak
1396,tinggi,iya,iya,iya,tidak
1397,sedang,iya,tidak,tidak,tidak
1398,rendah,iya,iya,tidak,tidak
1399,rendah,tidak,tidak,tidak,iya
1400,tinggi,tidak,iya,tidak,tidak
1401,sedang,tidak,tidak,iya,tidak
1402,rendah,tidak,tidak,tidak,tidak
1403,tinggi,tidak,tidak,iya,iya
1404,sedang,tidak,iya,iya,iya
1405,tinggi,tidak,tidak,iya,tidak
1406,sedang,tidak,iya,tidak,iya
1407,rendah,tidak,iya,iya,tidak
1408,sedang,iya,iya,iya,tidak
1409,tinggi,tidak,tidak,iya,tidak
1410,rendah,tidak,tidak,tidak,tidak
1411,tinggi,tidak,iya,tidak,tidak
1412,rendah,tidak,tidak,tidak,iya
1413,rendah,tidak,iya,iya,iya
1414,rendah,iya,iya,iya,iya
1415,tinggi,tidak,tidak,tidak,tidak
1416,sedang,tidak,tidak,iya,tidak
1417,sedang,tidak,iya,iya,tidak
1418,tinggi,tidak,iya,tidak,iya
1419,rendah,tidak,iya,tidak,iya
1420,rendah,tidak,tidak,tidak,tidak
1421,rendah,tidak,tidak,iya,tidak
1422,sedang,iya,iya,tidak,tidak
1423,sedang,tidak,tidak,iya,tidak
1424,tinggi,iya,iya,tidak,tidak
1425,sedang,tidak,tidak,tidak,tidak
1426,rendah,tidak,iya,tidak,tidak
1427,tinggi,tidak,iya,tidak,iya
1428,rendah,iya,tidak,tidak,iya
1429,tinggi,iya,tidak,tidak,tidak
1430,rendah,tidak,iya,tidak,tidak
1431,rendah,tidak,tidak,tidak,tidak
1432,sedang,iya,iya,tidak,iya
1433,rendah,iya,tidak,tidak,tidak
1434,rendah,tidak,tidak,tidak,tidak
1435,sedang,tidak,iya,tidak,iya
1436,rendah,iya,iya,iya,iya
1437,rendah,tidak,iya,tidak,iya
1438,rendah,iya,iya,tidak,iya
1439,sedang,tidak,iya,iya,tidak
1440,rendah,iya,iya,iya,iya
1441,rendah,tidak,tidak,tidak,tidak
1442,sedang,tidak,tidak,tidak,tidak
1443,sedang,tidak,tidak,iya,tidak
1444,sedang,iya,iya,iya,tidak
1445,rendah,iya,iya,tidak,tidak
1446,rendah,iya,tidak,tidak,iya
1447,sedang,iya,iya,tidak,tidak
1448,tinggi,tidak,tidak,tidak,iya
1449,sedang,tidak,iya,iya,tidak
1450,rendah,tidak,tidak,tidak,tidak
1451,rendah,iya,iya,tidak,tidak
1452,tinggi,tidak,iya,iya,tidak
1453,sedang,tidak,iya,tidak,tidak
1454,rendah,tidak,iya,tidak,iya
1455,rendah,tidak,iya,tidak,tidak
1456,tinggi,iya,iya,tidak,iya
1457,rendah,iya,tidak,iya,tidak
1458,sedang,tidak,tidak,tidak,tidak
1459,sedang,iya,iya,tidak,iya
1460,rendah,tidak,iya,tidak,tidak
1461,rendah,tidak,iya,iya,tidak
1462,rendah,iya,tidak,tidak,tidak
1463,tinggi,tidak,iya,tidak,iya
1464,sedang,tidak,tidak,iya,tidak
1465,tinggi,iya,tidak,iya,tidak
1466,sedang,iya,iya,iya,tidak
1467,tinggi,iya,tidak,tidak,iya
1468,tinggi,iya,tidak,tidak,tidak
1469,sedang,tidak,iya,tidak,tidak
1470,rendah,tidak,tidak,iya,tidak
1471,sedang,iya,iya,iya,tidak
1472,sedang,tidak,iya,iya,tidak
1473,sedang,tidak,iya,iya,tidak
1474,tinggi,tidak,iya,tidak,tidak
1475,rendah,iya,iya,iya,tidak
1476,rendah,tidak,iya,iya,tidak
1477,sedang,iya,iya,iya,iya
1478,rendah,tidak,iya,iya,tidak
1479,sedang,tidak,tidak,tidak,tidak
1480,tinggi,iya,iya,tidak,tidak
1481,sedang,tidak,iya,tidak,tidak
1482,tinggi,tidak,iya,tidak,tidak
1483,sedang,iya,iya,tidak,iya
1484,sedang,iya,iya,iya,tidak
1485,sedang,tidak,iya,iya,iya
1486,rendah,tidak,iya,iya,iya
1487,sedang,tidak,tidak,tidak,tidak
1488,rendah,tidak,iya,tidak,tidak
1489,tinggi,tidak,tidak,tidak,tidak
1490,rendah,tidak,iya,tidak,iya
1491,rendah,tidak,iya,tidak,tidak
1492,sedang,tidak,iya,iya,tidak
1493,sedang,tidak,iya,tidak,iya
1494,rendah,tidak,iya,tidak,tidak
1495,rendah,iya,tidak,tidak,tidak
1496,tinggi,iya,iya,iya,tidak
1497,sedang,tidak,tidak,iya,tidak
1498,rendah,iya,tidak,iya,tidak
1499,sedang,iya,iya,iya,tidak
1500,rendah,tidak,iya,tidak,tidak
1501,rendah,tidak,iya,iya,iya
1502,tinggi,tidak,iya,tidak,tidak
1503,rendah,tidak,tidak,tidak,tidak
1504,rendah,tidak,iya,tidak,tidak
1505,tinggi,iya,tidak,iya,iya
1506,tinggi,iya,tidak,iya,iya
1507,rendah,iya,iya,tidak,tidak
1508,sedang,iya,tidak,tidak,tidak
1509,tinggi,iya,tidak,iya,iya
1510,rendah,tidak,tidak,tidak,tidak
1511,sedang,tidak,iya,iya,tidak
1512,sedang,tidak,iya,tidak,tidak
1513,sedang,iya,iya,tidak,iya
1514,sedang,tidak,iya,tidak,iya
1515,sedang,iya,tidak,tidak,tidak
1516,rendah,iya,tidak,iya,tidak
1517,tinggi,tidak,tidak,iya,iya
1518,rendah,tidak,iya,tidak,tidak
1519,sedang,iya,iya,iya,tidak
1520,sedang,tidak,iya,iya,tidak
1521,sedang,tidak,tidak,tidak,tidak
1522,sedang,iya,tidak,tidak,iya
1523,sedang,iya,tidak,tidak,tidak
1524,rendah,tidak,iya,tidak,tidak
1525,sedang,iya,tidak,tidak,tidak
1526,tinggi,tidak,iya,iya,iya
1527,tinggi,tidak,tidak,tidak,iya
1528,sedang,tidak,iya,tidak,tidak
1529,rendah,tidak,tidak,tidak,iya
1530,rendah,tidak,tidak,tidak,tidak
1531,rendah,iya,tidak,tidak,iya
1532,sedang,tidak,tidak,tidak,tidak
1533,rendah,tidak,tidak,tidak,tidak
1534,tinggi,tidak,iya,tidak,tidak
1535,tinggi,tidak,tidak,tidak,tidak
1536,rendah,iya,tidak,tidak,iya
1537,sedang,tidak,iya,tidak,iya
1538,tinggi,tidak,iya,tidak,tidak
1539,rendah,tidak,tidak,tidak,tidak
1540,sedang,iya,iya,tidak,iya
1541,sedang,tidak,iya,tidak,tidak
1542,rendah,tidak,tidak,tidak,tidak
1543,sedang,iya,iya,tidak,iya
1544,tinggi,tidak,tidak,iya,tidak
1545,rendah,tidak,tidak,tidak,tidak
1546,sedang,iya,iya,tidak,tidak
1547,rendah,iya,tidak,tidak,tidak
1548,tinggi,iya,tidak,iya,tidak
1549,tinggi,tidak,iya,iya,tidak
1550,rendah,tidak,iya,tidak,tidak
1551,tinggi,tidak,iya,tidak,tidak
1552,rendah,iya,iya,tidak,tidak
1553,rendah,iya,iya,tidak,tidak
1554,sedang,tidak,iya,tidak,iya
1555,rendah,tidak,tidak,tidak,tidak
1556,sedang,tidak,tidak,tidak,iya
1557,sedang,tidak,tidak,tidak,tidak
1558,rendah,tidak,tidak,tidak,tidak
1559,rendah,iya,tidak,iya,iya
1560,sedang,iya,iya,tidak,tidak
1561,rendah,iya,tidak,iya,tidak
1562,rendah,tidak,tidak,tidak,tidak
1563,rendah,iya,iya,tidak,tidak
1564,tinggi,iya,iya,iya,iya
1565,tinggi,tidak,iya,tidak,tidak
1566,rendah,tidak,iya,tidak,iya
1567,rendah,tidak,iya,tidak,tidak
1568,sedang,iya,iya,tidak,tidak
1569,tinggi,iya,iya,tidak,iya
1570,rendah,tidak,iya,tidak,iya
1571,tinggi,iya,iya,tidak,iya
1572,sedang,tidak,iya,tidak,tidak
1573,tinggi,iya,iya,tidak,tidak
1574,rendah,iya,tidak,tidak,tidak
1575,tinggi,tidak,iya,iya,tidak
1576,sedang,iya,iya,tidak,tidak
1577,tinggi,tidak,iya,tidak,tidak
1578,sedang,tidak,tidak,iya,iya
1579,sedang,tidak,tidak,tidak,tidak
1580,tinggi,tidak,tidak,tidak,tidak
1581,sedang,iya,iya,tidak,iya
1582,sedang,tidak,iya,tidak,tidak
1583,sedang,tidak,tidak,tidak,tidak
1584,tinggi,iya,iya,tidak,tidak
1585,tinggi,tidak,tidak,tidak,tidak
1586,rendah,tidak,tidak,tidak,tidak
1587,sedang,tidak,iya,iya,tidak
1588,tinggi,tidak,iya,tidak,tidak
1589,sedang,tidak,iya,iya,tidak
1590,tinggi,tidak,tidak,iya,tidak
1591,tinggi,tidak,iya,tidak,tidak
1592,tinggi,tidak,iya,tidak,iya
1593,sedang,iya,tidak,tidak,tidak
1594,tinggi,iya,iya,tidak,tidak
1595,tinggi,tidak,iya,iya,iya
1596,tinggi,iya,tidak,tidak,tidak
1597,rendah,iya,iya,tidak,tidak
1598,rendah,iya,tidak,tidak,iya
1599,sedang,tidak,iya,tidak,tidak
1600,sedang,iya,iya,tidak,iya
1601,rendah,iya,tidak,tidak,iya
1602,rendah,tidak,iya,tidak,tidak
1603,rendah,tidak,iya,tidak,tidak
1604,tinggi,iya,iya,tidak,tidak
1605,tinggi,tidak,tidak,tidak,tidak
1606,tinggi,tidak,iya,tidak,iya
1607,rendah,tidak,iya,tidak,tidak
1608,rendah,iya,tidak,tidak,tidak
1609,sedang,iya,tidak,tidak,tidak
1610,rendah,tidak,iya,tidak,tidak
1611,sedang,iya,iya,tidak,tidak
1612,rendah,tidak,tidak,tidak,tidak
1613,rendah,iya,iya,tidak,iya
1614,sedang,tidak,tidak,tidak,tidak
1615,rendah,iya,iya,tidak,tidak
1616,rendah,tidak,iya,tidak,tidak
1617,sedang,tidak,iya,tidak,tidak
1618,rendah,tidak,tidak,iya,tidak
1619,sedang,iya,iya,tidak,tidak
1620,rendah,iya,iya,tidak,tidak
1621,sedang,tidak,iya,tidak,tidak
1622,tinggi,tidak,iya,tidak,tidak
1623,sedang,iya,tidak,tidak,iya
1624,sedang,iya,iya,tidak,tidak
1625,tinggi,tidak,tidak,tidak,tidak
1626,rendah,tidak,iya,iya,tidak
1627,rendah,tidak,tidak,tidak,iya
1628,rendah,tidak,tidak,iya,tidak
1629,sedang,tidak,tidak,iya,tidak
1630,sedang,tidak,iya,iya,iya
1631,rendah,tidak,tidak,iya,iya
1632,tinggi,iya,iya,tidak,iya
1633,rendah,iya,iya,tidak,tidak
1634,tinggi,iya,tidak,tidak,tidak
1635,tinggi,iya,tidak,tidak,tidak
1636,tinggi,iya,iya,tidak,tidak
1637,tinggi,tidak,tidak,iya,iya
1638,rendah,tidak,tidak,tidak,tidak
1639,sedang,tidak,tidak,tidak,tidak
1640,rendah,iya,tidak,tidak,tidak
1641,tinggi,iya,tidak,tidak,tidak
1642,rendah,iya,iya,tidak,tidak
1643,rendah,tidak,iya,tidak,tidak
1644,tinggi,iya,iya,iya,tidak
1645,rendah,iya,tidak,tidak,tidak
1646,rendah,tidak,iya,tidak,tidak
1647,sedang,iya,tidak,tidak,tidak
1648,sedang,tidak,iya,iya,iya
1649,sedang,iya,iya,tidak,tidak
1650,sedang,tidak,tidak,iya,tidak
1651,tinggi,tidak,tidak,iya,tidak
1652,rendah,iya,tidak,tidak,iya
1653,sedang,tidak,tidak,tidak,tidak
1654,sedang,tidak,iya,tidak,iya
1655,sedang,tidak,tidak,tidak,tidak
1656,sedang,iya,iya,iya,tidak
1657,rendah,tidak,tidak,tidak,tidak
1658,rendah,iya,iya,iya,tidak
1659,rendah,iya,tidak,tidak,tidak
1660,rendah,tidak,tidak,tidak,tidak
1661,rendah,tidak,iya,tidak,tidak
1662,sedang,tidak,iya,tidak,tidak
1663,rendah,tidak,iya,tidak,tidak
1664,tinggi,tidak,iya,tidak,iya
1665,tinggi,tidak,iya,tidak,tidak
1666,rendah,tidak,iya,iya,tidak
1667,sedang,tidak,tidak,tidak,tidak
1668,tinggi,iya,tidak,tidak,tidak
1669,sedang,tidak,iya,tidak,tidak
1670,tinggi,iya,iya,iya,tidak
1671,rendah,tidak,iya,tidak,tidak
1672,tinggi,tidak,tidak,tidak,tidak
1673,sedang,tidak,iya,iya,tidak
1674,rendah,tidak,iya,iya,iya
1675,tinggi,iya,iya,tidak,tidak
1676,tinggi,tidak,tidak,iya,iya
1677,rendah,tidak,iya,tidak,iya
1678,tinggi,tidak,iya,iya,iya
1679,rendah,tidak,iya,tidak,tidak
1680,sedang,tidak,iya,tidak,tidak
1681,rendah,tidak,iya,iya,tidak
1682,rendah,tidak,tidak,tidak,iya
1683,tinggi,tidak,iya,tidak,tidak
1684,rendah,tidak,iya,tidak,tidak
1685,rendah,iya,tidak,tidak,iya
1686,sedang,tidak,tidak,tidak,iya
1687,rendah,tidak,tidak,tidak,tidak
1688,sedang,tidak,iya,iya,tidak
1689,rendah,tidak,iya,tidak,tidak
1690,tinggi,tidak,tidak,iya,tidak
1691,rendah,tidak,iya,tidak,iya
1692,rendah,tidak,iya,tidak,iya
1693,rendah,tidak,iya,tidak,tidak
1694,sedang,iya,iya,iya,tidak
1695,rendah,iya,iya,tidak,tidak
1696,sedang,tidak,tidak,tidak,tidak
1697,rendah,tidak,iya,tidak,tidak
1698,tinggi,tidak,iya,iya,tidak
1699,rendah,iya,tidak,tidak,iya
1700,tinggi,iya,iya,tidak,iya
1701,rendah,tidak,tidak,iya,tidak
1702,rendah,tidak,iya,tidak,tidak
1703,rendah,iya,iya,iya,tidak
1704,rendah,iya,iya,iya,tidak
1705,sedang,tidak,iya,tidak,tidak
1706,tinggi,iya,iya,tidak,tidak
1707,rendah,tidak,iya,tidak,tidak
1708,sedang,tidak,iya,iya,tidak
1709,rendah,tidak,iya,tidak,iya
1710,rendah,tidak,iya,iya,iya
1711,rendah,iya,iya,tidak,tidak
1712,tinggi,iya,tidak,tidak,tidak
1713,rendah,iya,iya,tidak,tidak
1714,tinggi,tidak,tidak,tidak,tidak
1715,rendah,tidak,iya,tidak,tidak
1716,rendah,tidak,tidak,tidak,tidak
1717,sedang,tidak,iya,tidak,tidak
1718,rendah,iya,tidak,tidak,tidak
1719,rendah,tidak,tidak,tidak,tidak
1720,rendah,tidak,iya,tidak,tidak
1721,rendah,tidak,tidak,tidak,tidak
1722,tinggi,tidak,tidak,tidak,tidak
1723,rendah,tidak,tidak,iya,tidak
1724,sedang,tidak,iya,tidak,tidak
1725,rendah,iya,tidak,iya,tidak
1726,tinggi,iya,iya,tidak,iya
1727,sedang,tidak,iya,iya,iya
1728,rendah,tidak,tidak,tidak,tidak
1729,tinggi,iya,iya,tidak,tidak
1730,rendah,tidak,iya,tidak,tidak
1731,sedang,iya,iya,tidak,iya
1732,sedang,tidak,tidak,tidak,iya
1733,rendah,tidak,iya,tidak,tidak
1734,tinggi,iya,iya,tidak,tidak
1735,tinggi,tidak,iya,tidak,iya
1736,tinggi,tidak,iya,iya,tidak
1737,tinggi,tidak,tidak,tidak,tidak
1738,sedang,tidak,tidak,tidak,tidak
1739,rendah,tidak,tidak,tidak,tidak
1740,tinggi,tidak,iya,tidak,tidak
1741,rendah,tidak,iya,tidak,tidak
1742,rendah,iya,iya,tidak,tidak
1743,sedang,tidak,tidak,tidak,tidak
1744,tinggi,tidak,iya,tidak,tidak
1745,rendah,tidak,tidak,tidak,iya
1746,tinggi,tidak,iya,iya,iya
1747,sedang,tidak,iya,iya,tidak
1748,rendah,tidak,iya,tidak,iya
1749,tinggi,iya,tidak,tidak,iya
1750,tinggi,tidak,iya,tidak,iya
1751,rendah,tidak,tidak,tidak,iya
1752,rendah,iya,tidak,tidak,iya
1753,rendah,tidak,tidak,tidak,tidak
1754,tinggi,iya,iya,tidak,tidak
1755,rendah,tidak,tidak,iya,tidak
1756,rendah,iya,tidak,iya,tidak
1757,sedang,iya,iya,iya,iya
1758,sedang,iya,tidak,tidak,tidak
1759,rendah,tidak,tidak,iya,iya
1760,tinggi,iya,iya,tidak,iya
1761,tinggi,tidak,tidak,tidak,tidak
1762,tinggi,iya,tidak,iya,tidak
1763,rendah,tidak,iya,iya,tidak
1764,tinggi,tidak,tidak,iya,tidak
1765,sedang,tidak,iya,tidak,iya
1766,rendah,tidak,tidak,tidak,iya
1767,sedang,tidak,iya,tidak,tidak
1768,rendah,tidak,tidak,iya,tidak
1769,sedang,tidak,iya,tidak,tidak
1770,sedang,iya,iya,tidak,tidak
1771,tinggi,tidak,tidak,tidak,iya
1772,rendah,tidak,tidak,tidak,tidak
1773,sedang,tidak,tidak,iya,tidak
1774,rendah,tidak,tidak,tidak,tidak
1775,tinggi,tidak,tidak,tidak,tidak
1776,sedang,iya,iya,iya,tidak
1777,rendah,tidak,tidak,tidak,tidak
1778,rendah,iya,tidak,iya,tidak
1779,sedang,tidak,iya,iya,tidak
1780,sedang,iya,iya,tidak,tidak
1781,sedang,tidak,tidak,tidak,tidak
1782,rendah,iya,iya,tidak,iya
1783,sedang,tidak,iya,tidak,tidak
1784,rendah,tidak,tidak,tidak,tidak
1785,sedang,tidak,tidak,tidak,tidak
1786,tinggi,tidak,tidak,tidak,iya
1787,sedang,tidak,tidak,tidak,tidak
1788,rendah,tidak,tidak,tidak,tidak
1789,tinggi,iya,tidak,tidak,tidak
1790,rendah,tidak,iya,tidak,iya
1791,sedang,tidak,iya,tidak,tidak
1792,sedang,tidak,iya,tidak,iya
1793,rendah,iya,iya,iya,tidak
1794,rendah,tidak,iya,tidak,tidak
1795,rendah,tidak,iya,iya,tidak
1796,tinggi,tidak,iya,tidak,tidak
1797,tinggi,tidak,tidak,tidak,tidak
1798,sedang,tidak,tidak,iya,tidak
1799,rendah,iya,iya,tidak,tidak
1800,tinggi,tidak,tidak,tidak,tidak
1801,sedang,tidak,tidak,tidak,tidak
1802,sedang,iya,tidak,tidak,tidak
1803,sedang,tidak,iya,tidak,tidak
1804,rendah,tidak,tidak,tidak,tidak
1805,sedang,iya,tidak,tidak,tidak
1806,sedang,iya,tidak,iya,tidak
1807,sedang,tidak,iya,iya,tidak
1808,tinggi,tidak,tidak,tidak,tidak
1809,rendah,iya,tidak,iya,tidak
1810,sedang,tidak,iya,tidak,tidak
1811,rendah,tidak,iya,tidak,tidak
1812,tinggi,tidak,iya,iya,tidak
1813,rendah,tidak,iya,tidak,tidak
1814,rendah,iya,tidak,tidak,iya
1815,tinggi,iya,iya,tidak,iya
1816,rendah,tidak,tidak,tidak,iya
1817,sedang,iya,iya,tidak,tidak
1818,tinggi,tidak,tidak,iya,tidak
1819,sedang,iya,tidak,tidak,iya
1820,rendah,tidak,tidak,tidak,tidak
1821,rendah,tidak,tidak,tidak,tidak
1822,tinggi,tidak,iya,iya,tidak
1823,rendah,tidak,iya,tidak,tidak
1824,sedang,tidak,iya,tidak,tidak
1825,tinggi,tidak,tidak,iya,iya
1826,sedang,iya,tidak,tidak,iya
1827,tinggi,iya,iya,tidak,tidak
1828,rendah,tidak,iya,tidak,iya
1829,sedang,iya,tidak,tidak,tidak
1830,sedang,iya,iya,tidak,tidak
1831,rendah,iya,iya,tidak,tidak
1832,rendah,tidak,tidak,tidak,tidak
1833,sedang,iya,tidak,iya,tidak
1834,sedang,tidak,tidak,tidak,tidak
1835,sedang,tidak,iya,tidak,tidak
1836,tinggi,tidak,tidak,iya,tidak
1837,sedang,tidak,tidak,tidak,iya
1838,tinggi,iya,iya,tidak,tidak
1839,sedang,iya,tidak,tidak,tidak
1840,rendah,iya,iya,tidak,tidak
1841,rendah,iya,tidak,tidak,iya
1842,sedang,tidak,iya,tidak,tidak
1843,tinggi,iya,iya,iya,tidak
1844,rendah,tidak,iya,tidak,tidak
1845,sedang,tidak,tidak,tidak,tidak
1846,rendah,iya,tidak,tidak,tidak
1847,rendah,tidak,iya,iya,iya
1848,sedang,iya,tidak,tidak,tidak
1849,rendah,tidak,iya,iya,iya
1850,sedang,iya,iya,tidak,tidak
1851,tinggi,tidak,iya,tidak,tidak
1852,tinggi,tidak,tidak,tidak,tidak
1853,rendah,tidak,iya,tidak,tidak
1854,sedang,tidak,iya,tidak,tidak
1855,tinggi,tidak,iya,tidak,tidak
1856,rendah,tidak,iya,iya,iya
1857,sedang,iya,tidak,iya,tidak
1858,tinggi,tidak,iya,tidak,tidak
1859,rendah,tidak,iya,iya,tidak
1860,tinggi,tidak,tidak,tidak,tidak
1861,sedang,iya,tidak,tidak,tidak
1862,rendah,iya,tidak,tidak,tidak
1863,sedang,tidak,iya,tidak,tidak
1864,rendah,tidak,iya,tidak,iya
1865,rendah,tidak,tidak,tidak,tidak
1866,sedang,tidak,iya,iya,tidak
1867,sedang,tidak,iya,tidak,tidak
1868,sedang,tidak,iya,iya,tidak
1869,rendah,tidak,iya,tidak,tidak
1870,tinggi,tidak,iya,tidak,tidak
1871,sedang,tidak,iya,iya,tidak
1872,tinggi,tidak,tidak,tidak,tidak
1873,tinggi,iya,iya,iya,iya
1874,rendah,iya,iya,tidak,tidak
1875,rendah,iya,tidak,iya,tidak
1876,tinggi,tidak,tidak,tidak,tidak
1877,tinggi,tidak,tidak,tidak,tidak
1878,rendah,tidak,tidak,tidak,tidak
1879,sedang,tidak,iya,iya,tidak
1880,rendah,tidak,iya,tidak,iya
1881,rendah,iya,tidak,iya,tidak
1882,sedang,iya,tidak,tidak,tidak
1883,rendah,iya,iya,tidak,tidak
1884,tinggi,iya,tidak,tidak,tidak
1885,tinggi,tidak,tidak,tidak,tidak
1886,sedang,iya,tidak,tidak,iya
1887,rendah,iya,tidak,tidak,tidak
1888,rendah,tidak,tidak,iya,iya
1889,rendah,tidak,tidak,tidak,tidak
1890,sedang,tidak,iya,tidak,tidak
1891,rendah,tidak,tidak,tidak,tidak
1892,sedang,tidak,tidak,iya,tidak
1893,sedang,iya,iya,tidak,tidak
1894,tinggi,tidak,iya,tidak,iya
1895,tinggi,iya,tidak,tidak,iya
1896,sedang,tidak,tidak,iya,tidak
1897,sedang,tidak,iya,iya,tidak
1898,rendah,tidak,iya,iya,tidak
1899,rendah,iya,tidak,iya,iya
1900,tinggi,tidak,tidak,tidak,tidak
1901,sedang,iya,iya,tidak,tidak
1902,rendah,iya,iya,tidak,tidak
1903,sedang,iya,tidak,tidak,tidak
1904,tinggi,iya,tidak,tidak,tidak
1905,rendah,iya,tidak,tidak,tidak
1906,rendah,tidak,tidak,tidak,tidak
1907,tinggi,iya,iya,tidak,tidak
1908,sedang,tidak,tidak,tidak,tidak
1909,sedang,tidak,iya,tidak,tidak
1910,rendah,tidak,tidak,iya,tidak
1911,tinggi,tidak,tidak,tidak,tidak
1912,tinggi,tidak,tidak,iya,tidak
1913,sedang,tidak,iya,tidak,tidak
1914,rendah,iya,iya,tidak,tidak
1915,sedang,tidak,iya,tidak,tidak
1916,rendah,tidak,iya,tidak,tidak
1917,rendah,iya,tidak,iya,iya
1918,rendah,tidak,iya,tidak,tidak
1919,rendah,tidak,tidak,iya,tidak
1920,tinggi,iya,iya,tidak,iya
1921,rendah,tidak,tidak,tidak,tidak
1922,sedang,tidak,tidak,tidak,tidak
1923,rendah,iya,iya,tidak,tidak
1924,sedang,tidak,tidak,tidak,iya
1925,rendah,tidak,iya,tidak,tidak
1926,sedang,iya,iya,iya,tidak
1927,tinggi,tidak,tidak,tidak,tidak
1928,tinggi,tidak,tidak,tidak,tidak
1929,sedang,tidak,iya,iya,tidak
1930,rendah,iya,iya,tidak,tidak
1931,rendah,iya,tidak,tidak,tidak
1932,sedang,iya,iya,tidak,tidak
1933,rendah,tidak,iya,iya,tidak
1934,sedang,iya,iya,tidak,tidak
1935,tinggi,iya,iya,tidak,tidak
1936,tinggi,tidak,tidak,iya,tidak
1937,tinggi,iya,iya,iya,tidak
1938,tinggi,iya,tidak,tidak,tidak
1939,sedang,tidak,tidak,iya,tidak
1940,sedang,iya,iya,iya,tidak
1941,rendah,iya,tidak,tidak,tidak
1942,tinggi,tidak,iya,tidak,tidak
1943,rendah,iya,iya,iya,tidak
1944,sedang,iya,tidak,tidak,iya
1945,rendah,iya,tidak,tidak,tidak
1946,rendah,tidak,iya,iya,iya
1947,sedang,tidak,tidak,iya,tidak
1948,rendah,tidak,iya,tidak,tidak
1949,sedang,iya,tidak,tidak,iya
1950,sedang,tidak,iya,tidak,tidak
1951,sedang,tidak,tidak,tidak,iya
1952,rendah,tidak,tidak,iya,tidak
1953,sedang,tidak,tidak,tidak,tidak
1954,tinggi,iya,tidak,tidak,tidak
1955,rendah,iya,iya,iya,tidak
1956,sedang,tidak,iya,tidak,iya
1957,sedang,tidak,tidak,tidak,tidak
1958,tinggi,tidak,tidak,tidak,tidak
1959,sedang,tidak,iya,tidak,iya
1960,rendah,iya,iya,tidak,iya
1961,tinggi,tidak,iya,tidak,tidak
1962,tinggi,tidak,tidak,tidak,tidak
1963,tinggi,iya,iya,iya,tidak
1964,sedang,iya,iya,tidak,tidak
1965,tinggi,iya,tidak,tidak,iya
1966,sedang,iya,iya,tidak,iya
1967,sedang,iya,iya,tidak,tidak
1968,tinggi,iya,iya,tidak,tidak
1969,tinggi,iya,iya,iya,tidak
1970,sedang,iya,iya,tidak,tidak
1971,tinggi,iya,tidak,tidak,tidak
1972,rendah,tidak,tidak,tidak,tidak
1973,rendah,tidak,iya,tidak,tidak
1974,sedang,tidak,iya,iya,tidak
1975,sedang,iya,iya,iya,tidak
1976,rendah,iya,iya,tidak,tidak
1977,sedang,iya,iya,iya,iya
1978,rendah,tidak,iya,tidak,tidak
1979,sedang,tidak,iya,tidak,tidak
1980,tinggi,iya,iya,iya,tidak
1981,sedang,tidak,tidak,tidak,iya
1982,rendah,tidak,iya,tidak,iya
1983,tinggi,iya,tidak,tidak,tidak
1984,sedang,tidak,tidak,tidak,tidak
1985,tinggi,tidak,tidak,tidak,tidak
1986,sedang,tidak,iya,iya,tidak
1987,tinggi,tidak,tidak,tidak,tidak
1988,tinggi,tidak,tidak,tidak,tidak
1989,sedang,tidak,tidak,tidak,tidak
1990,rendah,tidak,tidak,tidak,tidak
1991,sedang,tidak,tidak,iya,tidak
1992,sedang,iya,tidak,iya,tidak
1993,sedang,tidak,tidak,iya,tidak
1994,rendah,tidak,iya,tidak,tidak
1995,sedang,tidak,iya,iya,iya
1996,sedang,tidak,tidak,tidak,tidak
1997,tinggi,tidak,iya,tidak,tidak
1998,tinggi,tidak,iya,iya,tidak
1999,rendah,iya,iya,tidak,tidak
2000,rendah,iya,iya,tidak,tidak
2001,rendah,tidak,tidak,iya,tidak
2002,rendah,tidak,iya,iya,iya
2003,rendah,tidak,tidak,tidak,iya
2004,tinggi,tidak,tidak,iya,iya
2005,tinggi,iya,tidak,iya,tidak
2006,rendah,tidak,iya,iya,tidak
2007,sedang,iya,iya,tidak,tidak
2008,sedang,iya,tidak,iya,tidak
2009,tinggi,tidak,iya,iya,tidak
2010,tinggi,tidak,iya,tidak,iya
2011,rendah,tidak,tidak,tidak,tidak
2012,rendah,tidak,tidak,tidak,tidak
2013,rendah,iya,iya,tidak,tidak
2014,sedang,tidak,tidak,iya,tidak
2015,sedang,tidak,iya,tidak,tidak
2016,rendah,iya,iya,tidak,tidak
2017,tinggi,tidak,tidak,iya,tidak
2018,sedang,tidak,tidak,tidak,tidak
2019,tinggi,tidak,tidak,tidak,tidak
2020,rendah,iya,iya,tidak,tidak
2021,rendah,tidak,tidak,tidak,tidak
2022,rendah,iya,iya,iya,iya
2023,rendah,tidak,tidak,iya,tidak
2024,tinggi,tidak,tidak,tidak,iya
2025,rendah,tidak,iya,iya,tidak
2026,sedang,iya,iya,tidak,iya
2027,rendah,tidak,iya,tidak,tidak
2028,rendah,tidak,tidak,tidak,tidak
2029,tinggi,iya,tidak,iya,tidak
2030,tinggi,iya,iya,tidak,iya
2031,sedang,iya,iya,tidak,iya
2032,tinggi,tidak,iya,tidak,tidak
2033,sedang,tidak,tidak,tidak,tidak
2034,sedang,tidak,tidak,iya,tidak
2035,tinggi,iya,iya,tidak,tidak
2036,rendah,tidak,iya,iya,tidak
2037,rendah,tidak,iya,tidak,tidak
2038,sedang,tidak,iya,iya,tidak
2039,rendah,tidak,tidak,iya,iya
2040,rendah,iya,iya,tidak,tidak
2041,rendah,iya,iya,tidak,tidak
2042,tinggi,iya,tidak,iya,tidak
2043,sedang,tidak,tidak,iya,tidak
2044,sedang,iya,iya,tidak,tidak
2045,tinggi,tidak,tidak,tidak,tidak
2046,sedang,tidak,iya,iya,iya
2047,sedang,tidak,iya,tidak,tidak
2048,tinggi,tidak,iya,tidak,tidak
2049,tinggi,tidak,iya,iya,tidak
2050,sedang,tidak,iya,iya,tidak
2051,sedang,iya,tidak,iya,tidak
2052,sedang,iya,iya,tidak,tidak
2053,sedang,tidak,tidak,iya,tidak
2054,rendah,tidak,tidak,tidak,tidak
2055,sedang,tidak,iya,tidak,iya
2056,rendah,tidak,tidak,tidak,tidak
2057,rendah,tidak,tidak,iya,tidak
2058,sedang,tidak,tidak,tidak,tidak
2059,tinggi,iya,iya,iya,tidak
2060,rendah,tidak,tidak,iya,tidak
2061,rendah,tidak,tidak,tidak,tidak
2062,sedang,iya,iya,iya,tidak
2063,sedang,iya,iya,iya,tidak
2064,rendah,tidak,tidak,tidak,tidak
2065,rendah,tidak,iya,tidak,iya
2066,sedang,iya,tidak,tidak,tidak
2067,tinggi,iya,tidak,tidak,tidak
2068,rendah,tidak,iya,iya,tidak
2069,rendah,tidak,tidak,tidak,iya
2070,sedang,tidak,iya,iya,iya
2071,rendah,tidak,iya,iya,iya
2072,rendah,tidak,tidak,tidak,tidak
2073,sedang,tidak,iya,tidak,tidak
2074,tinggi,iya,tidak,tidak,tidak
2075,rendah,tidak,tidak,tidak,iya
2076,sedang,tidak,iya,tidak,iya
2077,rendah,tidak,tidak,tidak,tidak
2078,tinggi,tidak,iya,tidak,tidak
2079,rendah,tidak,tidak,tidak,tidak
2080,sedang,tidak,iya,iya,tidak
2081,tinggi,iya,iya,tidak,iya
2082,tinggi,tidak,tidak,tidak,tidak
2083,sedang,iya,iya,tidak,tidak
2084,rendah,iya,iya,tidak,tidak
2085,sedang,tidak,iya,tidak,tidak
2086,rendah,iya,tidak,tidak,tidak
2087,sedang,iya,iya,tidak,iya
2088,sedang,tidak,iya,tidak,iya
2089,tinggi,iya,iya,tidak,tidak
2090,sedang,tidak,iya,tidak,tidak
2091,sedang,tidak,iya,tidak,tidak
2092,tinggi,tidak,iya,iya,tidak
2093,tinggi,iya,iya,tidak,iya
2094,sedang,tidak,iya,tidak,tidak
2095,sedang,iya,tidak,iya,tidak
2096,sedang,iya,tidak,iya,iya
2097,rendah,tidak,iya,iya,tidak
2098,rendah,tidak,iya,tidak,tidak
2099,sedang,tidak,iya,tidak,tidak
2100,rendah,tidak,iya,tidak,iya
2101,sedang,iya,iya,iya,iya
2102,sedang,tidak,tidak,iya,iya
2103,sedang,tidak,tidak,tidak,iya
2104,rendah,tidak,tidak,tidak,tidak
2105,rendah,iya,tidak,tidak,tidak
2106,rendah,tidak,iya,tidak,tidak
2107,rendah,iya,iya,iya,iya
2108,tinggi,iya,tidak,tidak,tidak
2109,rendah,iya,tidak,tidak,iya
2110,rendah,tidak,tidak,iya,tidak
2111,rendah,tidak,tidak,tidak,iya
2112,sedang,tidak,iya,tidak,tidak
2113,sedang,tidak,tidak,tidak,tidak
2114,rendah,iya,tidak,tidak,tidak
2115,tinggi,tidak,iya,tidak,tidak
2116,tinggi,tidak,tidak,tidak,tidak
2117,rendah,tidak,iya,tidak,tidak
2118,sedang,tidak,iya,tidak,tidak
2119,sedang,tidak,tidak,tidak,tidak
2120,rendah,tidak,iya,iya,tidak
2121,tinggi,iya,iya,tidak,tidak
2122,rendah,tidak,tidak,tidak,iya
2123,sedang,tidak,tidak,tidak,iya
2124,sedang,tidak,iya,tidak,tidak
2125,sedang,tidak,tidak,tidak,iya
2126,tinggi,iya,tidak,iya,iya
2127,rendah,iya,tidak,tidak,iya
2128,rendah,tidak,tidak,tidak,iya
2129,sedang,tidak,iya,tidak,tidak
2130,rendah,tidak,iya,iya,tidak
2131,rendah,iya,iya,iya,tidak
2132,sedang,iya,tidak,tidak,tidak
2133,rendah,tidak,iya,tidak,tidak
2134,rendah,iya,iya,tidak,tidak
2135,rendah,tidak,iya,iya,tidak
2136,rendah,iya,tidak,tidak,tidak
2137,sedang,iya,iya,tidak,tidak
2138,rendah,tidak,iya,tidak,tidak
2139,tinggi,tidak,tidak,tidak,iya
2140,rendah,iya,iya,tidak,tidak
2141,sedang,tidak,iya,tidak,iya
2142,tinggi,iya,tidak,iya,tidak
2143,rendah,tidak,iya,tidak,tidak
2144,sedang,iya,tidak,tidak,tidak
2145,tinggi,tidak,iya,tidak,tidak
2146,rendah,tidak,iya,tidak,tidak
2147,tinggi,iya,iya,tidak,iya
2148,rendah,iya,iya,iya,tidak
2149,rendah,tidak,iya,tidak,iya
2150,tinggi,tidak,iya,iya,tidak
2151,rendah,iya,iya,tidak,tidak
2152,sedang,iya,tidak,tidak,tidak
2153,tinggi,iya,tidak,tidak,tidak
2154,tinggi,tidak,iya,iya,tidak
2155,sedang,tidak,tidak,tidak,tidak
2156,tinggi,iya,iya,tidak,iya
2157,sedang,iya,iya,tidak,tidak
2158,rendah,tidak,tidak,tidak,iya
2159,sedang,tidak,tidak,tidak,tidak
2160,sedang,tidak,iya,tidak,tidak
2161,sedang,iya,iya,iya,tidak
2162,sedang,iya,tidak,tidak,tidak
2163,sedang,iya,iya,tidak,tidak
2164,sedang,tidak,iya,iya,tidak
2165,tinggi,tidak,iya,tidak,tidak
2166,sedang,iya,iya,tidak,tidak
2167,rendah,tidak,tidak,iya,tidak
2168,tinggi,tidak,iya,tidak,tidak
2169,rendah,tidak,tidak,tidak,iya
2170,tinggi,iya,tidak,tidak,tidak
2171,rendah,tidak,tidak,tidak,tidak
2172,rendah,tidak,tidak,tidak,tidak
2173,rendah,tidak,iya,tidak,iya
2174,rendah,tidak,tidak,tidak,tidak
2175,sedang,tidak,iya,tidak,tidak
2176,rendah,tidak,iya,iya,tidak
2177,tinggi,iya,iya,tidak,iya
2178,sedang,tidak,iya,iya,tidak
2179,rendah,tidak,iya,tidak,tidak
2180,sedang,iya,tidak,tidak,tidak
2181,sedang,tidak,iya,tidak,tidak
2182,tinggi,tidak,tidak,tidak,tidak
2183,sedang,tidak,iya,tidak,iya
2184,rendah,iya,tidak,iya,tidak
2185,sedang,iya,iya,tidak,tidak
2186,rendah,tidak,tidak,tidak,tidak
2187,sedang,tidak,tidak,tidak,tidak
2188,tinggi,iya,iya,tidak,tidak
2189,rendah,tidak,iya,tidak,tidak
2190,sedang,iya,tidak,iya,iya
2191,rendah,tidak,iya,tidak,tidak
2192,rendah,tidak,tidak,tidak,tidak
2193,sedang,tidak,iya,tidak,tidak
2194,sedang,tidak,iya,iya,iya
2195,sedang,tidak,tidak,tidak,iya
2196,rendah,tidak,tidak,tidak,tidak
2197,tinggi,tidak,tidak,tidak,tidak
2198,rendah,tidak,tidak,tidak,tidak
2199,rendah,tidak,iya,iya,tidak
2200,tinggi,tidak,iya,tidak,tidak
2201,tinggi,iya,iya,iya,tidak
2202,sedang,iya,tidak,tidak,iya
2203,tinggi,tidak,iya,tidak,tidak
2204,rendah,tidak,tidak,tidak,tidak
2205,rendah,tidak,iya,iya,tidak
2206,tinggi,tidak,tidak,tidak,tidak
2207,tinggi,iya,iya,tidak,tidak
2208,rendah,tidak,iya,iya,tidak
2209,rendah,iya,iya,tidak,tidak
2210,rendah,tidak,tidak,tidak,iya
2211,rendah,tidak,iya,iya,iya
2212,tinggi,iya,iya,tidak,tidak
2213,sedang,tidak,iya,iya,tidak
2214,sedang,tidak,iya,tidak,tidak
2215,sedang,tidak,tidak,tidak,tidak
2216,tinggi,iya,tidak,tidak,iya
2217,rendah,tidak,iya,tidak,tidak
2218,sedang,tidak,tidak,tidak,tidak
2219,tinggi,iya,iya,tidak,tidak
2220,rendah,tidak,iya,iya,tidak
2221,tinggi,iya,tidak,iya,tidak
2222,sedang,tidak,iya,tidak,tidak
2223,rendah,iya,iya,tidak,iya
2224,rendah,iya,iya,tidak,tidak
2225,sedang,tidak,iya,tidak,tidak
2226,sedang,tidak,tidak,iya,iya
2227,sedang,iya,iya,tidak,tidak
2228,rendah,iya,tidak,tidak,iya
2229,sedang,tidak,iya,tidak,tidak
2230,rendah,iya,tidak,tidak,iya
2231,rendah,tidak,tidak,tidak,tidak
2232,rendah,tidak,iya,tidak,tidak
2233,sedang,tidak,tidak,tidak,iya
2234,rendah,tidak,iya,tidak,iya
2235,rendah,tidak,tidak,tidak,tidak
2236,rendah,tidak,tidak,iya,tidak
2237,rendah,iya,tidak,tidak,iya
2238,rendah,tidak,tidak,tidak,tidak
2239,sedang,tidak,iya,tidak,tidak
2240,sedang,iya,iya,tidak,tidak
2241,sedang,tidak,tidak,iya,tidak
2242,sedang,tidak,tidak,iya,tidak
2243,rendah,iya,tidak,iya,iya
2244,tinggi,iya,tidak,iya,tidak
2245,rendah,tidak,iya,iya,iya
2246,sedang,tidak,iya,tidak,tidak
2247,tinggi,tidak,iya,tidak,tidak
2248,sedang,iya,iya,tidak,tidak
2249,rendah,tidak,iya,iya,tidak
2250,rendah,tidak,iya,tidak,tidak
2251,rendah,iya,tidak,tidak,tidak
2252,sedang,tidak,iya,iya,tidak
2253,sedang,tidak,iya,tidak,tidak
2254,sedang,tidak,tidak,tidak,tidak
2255,rendah,tidak,iya,iya,iya
2256,tinggi,iya,iya,iya,tidak
2257,sedang,tidak,iya,iya,iya
2258,rendah,tidak,tidak,iya,iya
2259,rendah,tidak,iya,tidak,tidak
2260,sedang,tidak,iya,tidak,tidak
2261,sedang,iya,tidak,tidak,iya
2262,rendah,iya,iya,iya,tidak
2263,rendah,tidak,iya,tidak,iya
2264,tinggi,tidak,tidak,tidak,tidak
2265,rendah,tidak,iya,tidak,tidak
2266,rendah,tidak,tidak,tidak,tidak
2267,tinggi,iya,iya,tidak,tidak
2268,sedang,iya,iya,iya,tidak
2269,sedang,tidak,iya,tidak,tidak
2270,sedang,tidak,tidak,tidak,tidak
2271,sedang,tidak,iya,tidak,tidak
2272,sedang,tidak,iya,tidak,iya
2273,tinggi,tidak,tidak,tidak,iya
2274,rendah,tidak,iya,tidak,iya
2275,rendah,tidak,tidak,iya,tidak
2276,rendah,tidak,tidak,iya,tidak
2277,sedang,tidak,iya,iya,tidak
2278,sedang,iya,iya,tidak,tidak
2279,rendah,iya,iya,iya,tidak
2280,rendah,tidak,tidak,iya,tidak
2281,rendah,tidak,tidak,iya,tidak
2282,rendah,tidak,iya,tidak,tidak
2283,tinggi,iya,tidak,tidak,tidak
2284,sedang,iya,tidak,tidak,tidak
2285,rendah,iya,iya,iya,iya
2286,rendah,iya,iya,tidak,tidak
2287,rendah,tidak,tidak,tidak,iya
2288,sedang,tidak,tidak,tidak,tidak
2289,sedang,tidak,iya,iya,iya
2290,tinggi,tidak,iya,iya,tidak
2291,sedang,tidak,tidak,iya,tidak
2292,sedang,iya,iya,iya,tidak
2293,tinggi,iya,tidak,tidak,iya
2294,sedang,tidak,iya,tidak,tidak
2295,rendah,iya,tidak,iya,tidak
2296,sedang,tidak,iya,iya,tidak
2297,sedang,iya,iya,tidak,tidak
2298,sedang,iya,iya,tidak,tidak
2299,rendah,tidak,iya,tidak,iya
2300,rendah,tidak,iya,tidak,tidak
2301,rendah,tidak,iya,tidak,tidak
2302,rendah,iya,tidak,tidak,tidak
2303,tinggi,tidak,tidak,iya,tidak
2304,sedang,iya,iya,tidak,tidak
2305,sedang,tidak,iya,tidak,tidak
2306,sedang,iya,iya,tidak,tidak
2307,sedang,iya,iya,iya,tidak
2308,tinggi,iya,iya,tidak,tidak
2309,rendah,tidak,iya,tidak,tidak
2310,sedang,tidak,iya,tidak,iya
2311,rendah,tidak,tidak,tidak,tidak
2312,tinggi,tidak,tidak,tidak,tidak
2313,tinggi,tidak,iya,tidak,tidak
2314,tinggi,tidak,tidak,tidak,tidak
2315,rendah,iya,tidak,tidak,tidak
2316,rendah,tidak,tidak,tidak,tidak
2317,rendah,iya,tidak,iya,tidak
2318,sedang,tidak,iya,iya,iya
2319,sedang,tidak,tidak,tidak,tidak
2320,rendah,tidak,iya,tidak,iya
2321,sedang,tidak,tidak,tidak,iya
2322,rendah,tidak,iya,tidak,tidak
2323,tinggi,tidak,iya,iya,tidak
2324,rendah,iya,iya,tidak,tidak
2325,rendah,tidak,iya,iya,tidak
2326,sedang,tidak,tidak,iya,iya
2327,sedang,tidak,iya,tidak,tidak
2328,rendah,iya,tidak,tidak,tidak
2329,tinggi,iya,tidak,tidak,tidak
2330,sedang,iya,iya,tidak,tidak
2331,tinggi,tidak,iya,iya,tidak
2332,tinggi,tidak,iya,tidak,tidak
2333,sedang,tidak,iya,tidak,tidak
2334,tinggi,iya,iya,iya,tidak
2335,tinggi,tidak,iya,iya,iya
2336,tinggi,tidak,tidak,tidak,tidak
2337,tinggi,tidak,iya,iya,tidak
2338,tinggi,tidak,iya,tidak,tidak
2339,sedang,tidak,tidak,iya,iya
2340,rendah,tidak,iya,tidak,iya
2341,tinggi,tidak,tidak,iya,tidak
2342,sedang,iya,iya,tidak,tidak
2343,rendah,tidak,iya,tidak,iya
2344,rendah,tidak,tidak,tidak,tidak
2345,sedang,tidak,tidak,tidak,tidak
2346,sedang,iya,iya,tidak,tidak
2347,rendah,tidak,iya,iya,iya
2348,rendah,tidak,tidak,iya,tidak
2349,sedang,tidak,iya,iya,tidak
2350,rendah,tidak,tidak,iya,tidak
2351,sedang,tidak,tidak,iya,tidak
2352,tinggi,tidak,iya,iya,tidak
2353,tinggi,iya,iya,tidak,iya
2354,rendah,iya,tidak,iya,iya
2355,rendah,iya,iya,tidak,tidak
2356,sedang,tidak,tidak,iya,tidak
2357,sedang,tidak,iya,tidak,iya
2358,rendah,iya,tidak,tidak,tidak
2359,rendah,iya,tidak,tidak,tidak
2360,tinggi,tidak,tidak,tidak,iya
2361,tinggi,tidak,tidak,tidak,iya
2362,sedang,iya,tidak,iya,tidak
2363,rendah,tidak,tidak,tidak,tidak
2364,rendah,iya,iya,tidak,tidak
2365,rendah,tidak,tidak,tidak,iya
2366,rendah,tidak,tidak,tidak,iya
2367,sedang,tidak,iya,tidak,tidak
2368,sedang,tidak,tidak,tidak,iya
2369,rendah,tidak,iya,tidak,iya
2370,tinggi,iya,tidak,tidak,tidak
2371,sedang,iya,tidak,tidak,tidak
2372,sedang,iya,iya,iya,tidak
2373,tinggi,tidak,tidak,tidak,iya
2374,sedang,tidak,iya,tidak,tidak
2375,tinggi,tidak,tidak,tidak,tidak
2376,rendah,iya,iya,tidak,tidak
2377,rendah,tidak,iya,tidak,tidak
2378,sedang,tidak,tidak,tidak,tidak
2379,sedang,iya,iya,iya,tidak
2380,rendah,tidak,iya,tidak,tidak
2381,sedang,iya,iya,tidak,tidak
2382,rendah,iya,iya,tidak,tidak
2383,sedang,tidak,tidak,tidak,tidak
2384,sedang,tidak,iya,tidak,tidak
2385,sedang,iya,tidak,tidak,tidak
2386,sedang,tidak,tidak,iya,tidak
2387,tinggi,tidak,tidak,tidak,tidak
2388,rendah,tidak,iya,tidak,tidak
2389,tinggi,tidak,tidak,iya,tidak
2390,rendah,iya,tidak,tidak,tidak
2391,sedang,iya,tidak,tidak,tidak
2392,sedang,iya,tidak,tidak,tidak
2393,tinggi,iya,tidak,tidak,tidak
2394,tinggi,tidak,tidak,iya,tidak
2395,tinggi,iya,tidak,tidak,tidak
2396,rendah,tidak,tidak,tidak,tidak
2397,tinggi,tidak,iya,iya,iya
2398,rendah,iya,iya,tidak,tidak
2399,rendah,tidak,tidak,tidak,tidak
2400,rendah,iya,iya,tidak,iya
2401,sedang,tidak,tidak,iya,tidak
2402,sedang,iya,iya,iya,tidak
2403,rendah,tidak,tidak,tidak,tidak
2404,rendah,tidak,iya,iya,tidak
2405,sedang,tidak,iya,iya,tidak
2406,tinggi,tidak,iya,iya,tidak
2407,sedang,tidak,iya,tidak,tidak
2408,sedang,iya,iya,iya,tidak
2409,sedang,iya,tidak,tidak,tidak
2410,tinggi,tidak,iya,iya,iya
2411,tinggi,tidak,tidak,tidak,tidak
2412,sedang,tidak,tidak,tidak,tidak
2413,sedang,tidak,iya,iya,iya
2414,tinggi,tidak,iya,iya,iya
2415,tinggi,tidak,tidak,tidak,iya
2416,rendah,iya,iya,tidak,tidak
2417,sedang,tidak,iya,tidak,iya
2418,tinggi,tidak,tidak,tidak,tidak
2419,sedang,tidak,tidak,tidak,tidak
2420,sedang,tidak,iya,tidak,iya
2421,sedang,iya,iya,tidak,tidak
2422,rendah,tidak,tidak,tidak,tidak
2423,rendah,tidak,tidak,tidak,iya
2424,tinggi,tidak,tidak,iya,tidak
2425,sedang,iya,tidak,tidak,tidak
2426,tinggi,iya,tidak,tidak,tidak
2427,tinggi,tidak,iya,iya,tidak
2428,sedang,tidak,iya,tidak,tidak
2429,tinggi,tidak,iya,tidak,tidak
2430,rendah,tidak,tidak,tidak,tidak
2431,sedang,iya,tidak,tidak,tidak
2432,sedang,tidak,iya,tidak,tidak
2433,sedang,iya,iya,tidak,tidak
2434,rendah,tidak,tidak,iya,iya
2435,rendah,tidak,iya,tidak,tidak
2436,rendah,iya,iya,iya,iya
2437,sedang,tidak,iya,tidak,iya
2438,tinggi,tidak,iya,tidak,tidak
2439,tinggi,iya,iya,tidak,tidak
2440,rendah,iya,tidak,tidak,iya
2441,rendah,iya,iya,iya,tidak
2442,rendah,iya,tidak,tidak,tidak
2443,rendah,iya,tidak,tidak,tidak
2444,tinggi,tidak,tidak,tidak,tidak
2445,tinggi,iya,tidak,tidak,tidak
2446,rendah,iya,iya,iya,tidak
2447,rendah,tidak,tidak,iya,tidak
2448,rendah,tidak,iya,iya,tidak
2449,rendah,tidak,tidak,tidak,iya
2450,tinggi,iya,tidak,tidak,tidak
2451,sedang,tidak,iya,tidak,tidak
2452,tinggi,iya,tidak,tidak,tidak
2453,sedang,tidak,iya,tidak,tidak
2454,rendah,tidak,tidak,iya,tidak
2455,rendah,tidak,iya,iya,iya
2456,rendah,tidak,tidak,iya,iya
2457,tinggi,tidak,iya,tidak,tidak
2458,tinggi,tidak,tidak,tidak,tidak
2459,tinggi,tidak,iya,iya,tidak
2460,rendah,tidak,iya,iya,tidak
2461,tinggi,tidak,tidak,iya,tidak
2462,rendah,tidak,tidak,tidak,tidak
2463,rendah,iya,iya,iya,tidak
2464,sedang,iya,iya,tidak,tidak
2465,sedang,iya,tidak,tidak,tidak
2466,tinggi,tidak,iya,iya,iya
2467,sedang,tidak,iya,tidak,iya
2468,rendah,tidak,iya,tidak,iya
2469,rendah,iya,iya,tidak,tidak
2470,rendah,tidak,iya,tidak,tidak
2471,rendah,iya,iya,tidak,tidak
2472,rendah,tidak,iya,tidak,tidak
2473,sedang,tidak,tidak,tidak,tidak
2474,rendah,tidak,iya,tidak,tidak
2475,tinggi,iya,iya,iya,tidak
2476,sedang,tidak,iya,tidak,iya
2477,rendah,tidak,tidak,iya,tidak
2478,sedang,iya,tidak,tidak,tidak
2479,sedang,iya,iya,tidak,tidak
2480,sedang,tidak,iya,tidak,tidak
2481,rendah,tidak,tidak,tidak,tidak
2482,tinggi,tidak,tidak,iya,iya
2483,rendah,tidak,iya,tidak,tidak
2484,tinggi,iya,iya,iya,iya
2485,rendah,tidak,iya,tidak,tidak
2486,tinggi,iya,iya,iya,tidak
2487,sedang,tidak,tidak,tidak,iya
2488,sedang,tidak,iya,tidak,iya
2489,rendah,iya,iya,tidak,iya
2490,rendah,tidak,iya,tidak,tidak
2491,tinggi,iya,tidak,tidak,tidak
2492,tinggi,iya,tidak,tidak,tidak
2493,sedang,tidak,iya,tidak,tidak
2494,rendah,tidak,iya,iya,tidak
2495,rendah,tidak,iya,iya,tidak
2496,sedang,iya,iya,tidak,iya
2497,rendah,tidak,tidak,tidak,tidak
2498,rendah,tidak,iya,tidak,tidak
2499,sedang,tidak,iya,iya,tidak
2500,sedang,tidak,iya,tidak,tidak
2501,rendah,tidak,iya,tidak,iya
2502,rendah,tidak,tidak,tidak,tidak
2503,sedang,iya,iya,tidak,iya
2504,rendah,tidak,iya,tidak,iya
2505,tinggi,tidak,iya,tidak,iya
2506,rendah,iya,iya,tidak,iya
2507,rendah,iya,iya,tidak,tidak
2508,tinggi,tidak,iya,tidak,tidak
2509,sedang,tidak,tidak,tidak,tidak
2510,rendah,tidak,tidak,tidak,tidak
2511,sedang,tidak,iya,tidak,iya
2512,rendah,iya,tidak,tidak,tidak
2513,sedang,tidak,tidak,tidak,tidak
2514,rendah,iya,iya,tidak,tidak
2515,sedang,tidak,iya,tidak,tidak
2516,sedang,iya,tidak,iya,tidak
2517,sedang,tidak,tidak,tidak,tidak
2518,tinggi,iya,tidak,tidak,tidak
2519,sedang,tidak,iya,tidak,tidak
2520,sedang,iya,tidak,tidak,tidak
2521,rendah,tidak,iya,iya,tidak
2522,rendah,tidak,iya,iya,tidak
2523,tinggi,iya,tidak,tidak,tidak
2524,tinggi,tidak,tidak,tidak,iya
2525,rendah,tidak,iya,iya,tidak
2526,tinggi,iya,tidak,iya,tidak
2527,sedang,iya,iya,tidak,iya
2528,sedang,tidak,iya,tidak,tidak
2529,rendah,tidak,tidak,iya,tidak
2530,rendah,tidak,tidak,iya,tidak
2531,sedang,iya,iya,tidak,tidak
2532,rendah,tidak,tidak,tidak,tidak
2533,sedang,iya,tidak,tidak,tidak
2534,tinggi,tidak,tidak,tidak,tidak
2535,sedang,tidak,iya,tidak,tidak
2536,sedang,tidak,iya,tidak,tidak
2537,sedang,iya,tidak,iya,tidak
2538,rendah,tidak,iya,tidak,tidak
2539,tinggi,tidak,tidak,tidak,tidak
2540,tinggi,tidak,iya,iya,tidak
2541,sedang,tidak,tidak,tidak,tidak
2542,rendah,tidak,tidak,iya,tidak
2543,rendah,tidak,iya,iya,tidak
2544,rendah,iya,tidak,tidak,tidak
2545,sedang,tidak,tidak,tidak,tidak
2546,rendah,tidak,iya,iya,iya
2547,sedang,iya,iya,tidak,tidak
2548,sedang,tidak,iya,tidak,tidak
2549,rendah,iya,iya,iya,tidak
2550,sedang,tidak,iya,tidak,tidak
2551,rendah,tidak,tidak,tidak,tidak
2552,tinggi,tidak,tidak,tidak,iya
2553,rendah,tidak,tidak,tidak,tidak
2554,rendah,tidak,tidak,tidak,iya
2555,rendah,tidak,iya,tidak,tidak
2556,tinggi,iya,tidak,tidak,tidak
2557,sedang,tidak,tidak,tidak,iya
2558,sedang,tidak,tidak,iya,tidak
2559,rendah,tidak,tidak,tidak,tidak
2560,sedang,iya,iya,tidak,tidak
2561,rendah,tidak,tidak,tidak,iya
2562,tinggi,tidak,tidak,iya,tidak
2563,tinggi,iya,iya,tidak,tidak
2564,sedang,iya,iya,tidak,tidak
2565,tinggi,tidak,iya,iya,tidak
2566,rendah,iya,iya,iya,tidak
2567,rendah,tidak,iya,tidak,tidak
2568,rendah,iya,tidak,iya,tidak
2569,rendah,tidak,tidak,iya,iya
2570,tinggi,iya,iya,iya,tidak
2571,rendah,iya,tidak,tidak,iya
2572,tinggi,tidak,tidak,tidak,tidak
2573,tinggi,tidak,tidak,tidak,tidak
2574,rendah,tidak,tidak,tidak,iya
2575,rendah,tidak,iya,tidak,tidak
2576,rendah,tidak,tidak,tidak,tidak
2577,rendah,iya,tidak,tidak,tidak
2578,sedang,tidak,iya,tidak,tidak
2579,sedang,tidak,iya,tidak,iya
2580,sedang,tidak,iya,tidak,tidak
2581,tinggi,tidak,tidak,tidak,iya
2582,rendah,tidak,iya,tidak,iya
2583,rendah,tidak,iya,iya,tidak
2584,tinggi,iya,tidak,iya,tidak
2585,rendah,iya,tidak,tidak,tidak
2586,rendah,iya,iya,tidak,tidak
2587,tinggi,iya,tidak,tidak,iya
2588,tinggi,tidak,tidak,tidak,tidak
2589,tinggi,iya,tidak,tidak,tidak
2590,rendah,tidak,tidak,tidak,tidak
2591,sedang,tidak,tidak,tidak,tidak
2592,rendah,tidak,tidak,tidak,tidak
2593,tinggi,tidak,tidak,tidak,tidak
2594,rendah,tidak,tidak,iya,tidak
2595,rendah,tidak,tidak,iya,iya
2596,tinggi,tidak,iya,tidak,tidak
2597,tinggi,tidak,iya,iya,tidak
2598,sedang,iya,tidak,iya,tidak
2599,rendah,tidak,iya,iya,tidak
2600,sedang,iya,iya,iya,tidak
2601,tinggi,tidak,iya,iya,iya
2602,sedang,iya,tidak,tidak,tidak
2603,rendah,iya,iya,tidak,tidak
2604,rendah,iya,iya,iya,tidak
2605,tinggi,tidak,tidak,tidak,tidak
2606,sedang,tidak,iya,iya,tidak
2607,sedang,tidak,iya,iya,tidak
2608,rendah,tidak,tidak,tidak,tidak
2609,sedang,tidak,iya,tidak,iya
2610,tinggi,iya,tidak,tidak,tidak
2611,rendah,tidak,tidak,tidak,tidak
2612,sedang,tidak,tidak,tidak,iya
2613,rendah,tidak,iya,tidak,tidak
2614,rendah,tidak,iya,tidak,tidak
2615,tinggi,iya,iya,tidak,tidak
2616,tinggi,iya,iya,tidak,tidak
2617,sedang,tidak,tidak,iya,iya
2618,rendah,tidak,tidak,iya,tidak
2619,rendah,iya,iya,tidak,tidak
2620,tinggi,tidak,iya,tidak,tidak
2621,rendah,tidak,iya,iya,tidak
2622,tinggi,iya,tidak,tidak,tidak
2623,rendah,tidak,iya,tidak,tidak
2624,tinggi,tidak,tidak,tidak,tidak
2625,tinggi,tidak,tidak,tidak,iya
2626,rendah,iya,iya,tidak,tidak
2627,tinggi,tidak,iya,tidak,tidak
2628,rendah,tidak,tidak,tidak,tidak
2629,rendah,iya,iya,tidak,tidak
2630,sedang,iya,tidak,tidak,tidak
2631,sedang,tidak,tidak,tidak,iya
2632,rendah,tidak,iya,tidak,iya
2633,sedang,tidak,tidak,tidak,iya
2634,rendah,tidak,iya,iya,tidak
2635,rendah,tidak,iya,tidak,tidak
2636,sedang,iya,tidak,tidak,iya
2637,sedang,tidak,iya,tidak,iya
2638,sedang,tidak,tidak,iya,tidak
2639,sedang,tidak,tidak,iya,iya
2640,tinggi,tidak,iya,tidak,iya
2641,sedang,iya,tidak,tidak,tidak
2642,rendah,iya,tidak,tidak,tidak
2643,sedang,iya,iya,tidak,tidak
2644,sedang,tidak,iya,iya,iya
2645,sedang,iya,iya,tidak,tidak
2646,sedang,tidak,iya,tidak,tidak
2647,rendah,tidak,iya,tidak,tidak
2648,rendah,tidak,iya,tidak,tidak
2649,sedang,tidak,tidak,tidak,tidak
2650,rendah,tidak,iya,tidak,tidak
2651,sedang,tidak,tidak,tidak,iya
2652,sedang,tidak,iya,tidak,tidak
2653,sedang,tidak,tidak,tidak,iya
2654,sedang,iya,iya,tidak,tidak
2655,rendah,tidak,iya,tidak,tidak
2656,tinggi,iya,iya,tidak,iya
2657,sedang,tidak,iya,iya,tidak
2658,sedang,tidak,tidak,tidak,tidak
2659,rendah,tidak,iya,tidak,tidak
2660,rendah,tidak,tidak,iya,tidak
2661,sedang,iya,iya,iya,tidak
2662,rendah,tidak,iya,iya,tidak
2663,rendah,tidak,iya,tidak,tidak
2664,rendah,tidak,tidak,tidak,tidak
2665,sedang,tidak,tidak,tidak,iya
2666,sedang,tidak,iya,tidak,tidak
2667,sedang,tidak,tidak,tidak,tidak
2668,tinggi,tidak,iya,iya,tidak
2669,rendah,iya,iya,tidak,iya
2670,sedang,iya,tidak,tidak,iya
2671,rendah,tidak,iya,tidak,tidak
2672,sedang,tidak,iya,tidak,tidak
2673,sedang,iya,iya,iya,tidak
2674,rendah,iya,iya,tidak,iya
2675,rendah,tidak,tidak,tidak,tidak
2676,tinggi,tidak,tidak,tidak,iya
2677,rendah,tidak,iya,iya,tidak
2678,sedang,tidak,tidak,iya,tidak
2679,tinggi,tidak,iya,tidak,tidak
2680,sedang,tidak,iya,tidak,iya
2681,sedang,iya,iya,tidak,tidak
2682,tinggi,tidak,iya,iya,tidak
2683,rendah,tidak,iya,tidak,iya
2684,rendah,tidak,tidak,tidak,tidak
2685,tinggi,iya,iya,tidak,tidak
2686,tinggi,tidak,tidak,iya,tidak
2687,rendah,tidak,tidak,iya,tidak
2688,rendah,tidak,iya,tidak,tidak
2689,rendah,tidak,iya,tidak,tidak
2690,tinggi,tidak,tidak,tidak,tidak
2691,sedang,tidak,tidak,tidak,tidak
2692,tinggi,tidak,iya,tidak,iya
2693,tinggi,tidak,iya,iya,iya
2694,tinggi,tidak,tidak,iya,iya
2695,sedang,tidak,tidak,iya,iya
2696,rendah,tidak,iya,tidak,iya
2697,rendah,tidak,tidak,tidak,iya
2698,sedang,iya,iya,iya,iya
2699,rendah,iya,iya,tidak,tidak
2700,rendah,iya,tidak,tidak,tidak
2701,sedang,tidak,iya,tidak,tidak
2702,sedang,tidak,iya,iya,iya
2703,tinggi,tidak,tidak,iya,tidak
2704,rendah,tidak,tidak,tidak,iya
2705,rendah,tidak,iya,tidak,tidak
2706,sedang,tidak,tidak,iya,iya
2707,tinggi,tidak,iya,iya,tidak
2708,tinggi,tidak,iya,tidak,tidak
2709,rendah,iya,iya,tidak,iya
2710,rendah,tidak,tidak,tidak,tidak
2711,tinggi,tidak,tidak,tidak,tidak
2712,rendah,tidak,tidak,iya,tidak
2713,rendah,iya,iya,tidak,tidak
2714,rendah,iya,tidak,tidak,tidak
2715,sedang,tidak,tidak,tidak,tidak
2716,sedang,tidak,iya,tidak,iya
2717,rendah,iya,iya,tidak,tidak
2718,sedang,tidak,tidak,iya,tidak
2719,rendah,iya,tidak,tidak,iya
2720,sedang,tidak,iya,tidak,tidak
2721,sedang,tidak,iya,tidak,tidak
2722,sedang,iya,iya,iya,tidak
2723,rendah,tidak,tidak,iya,tidak
2724,sedang,tidak,tidak,tidak,tidak
2725,sedang,tidak,iya,tidak,iya
2726,sedang,iya,iya,tidak,tidak
2727,sedang,tidak,tidak,tidak,tidak
2728,sedang,tidak,tidak,tidak,tidak
2729,rendah,tidak,iya,iya,tidak
2730,rendah,iya,iya,tidak,tidak
2731,rendah,tidak,tidak,iya,tidak
2732,sedang,tidak,iya,tidak,tidak
2733,sedang,tidak,iya,tidak,tidak
2734,tinggi,iya,iya,tidak,iya
2735,sedang,iya,tidak,tidak,tidak
2736,tinggi,tidak,iya,tidak,iya
2737,rendah,iya,tidak,iya,tidak
2738,rendah,tidak,tidak,tidak,tidak
2739,tinggi,tidak,iya,tidak,tidak
2740,rendah,iya,iya,iya,iya
2741,sedang,tidak,iya,iya,tidak
2742,rendah,tidak,tidak,tidak,tidak
2743,tinggi,iya,tidak,iya,tidak
2744,sedang,tidak,iya,tidak,iya
2745,rendah,tidak,tidak,tidak,tidak
2746,sedang,iya,tidak,tidak,tidak
2747,rendah,tidak,iya,iya,tidak
2748,tinggi,tidak,iya,tidak,tidak
2749,rendah,tidak,iya,tidak,tidak
2750,sedang,tidak,tidak,tidak,iya
2751,rendah,iya,iya,tidak,tidak
2752,tinggi,tidak,iya,tidak,tidak
2753,tinggi,tidak,iya,tidak,tidak
2754,tinggi,iya,tidak,tidak,tidak
2755,tinggi,tidak,iya,tidak,tidak
2756,rendah,tidak,iya,tidak,tidak
2757,tinggi,iya,iya,tidak,tidak
2758,sedang,iya,iya,tidak,iya
2759,tinggi,tidak,tidak,tidak,tidak
2760,sedang,tidak,iya,iya,tidak
2761,rendah,tidak,iya,tidak,tidak
2762,sedang,tidak,tidak,tidak,iya
2763,rendah,tidak,tidak,iya,iya
2764,sedang,iya,tidak,tidak,tidak
2765,sedang,tidak,iya,tidak,tidak
2766,rendah,iya,iya,iya,tidak
2767,tinggi,iya,iya,tidak,tidak
2768,tinggi,tidak,iya,tidak,iya
2769,tinggi,tidak,iya,iya,tidak
2770,tinggi,iya,iya,tidak,tidak
2771,sedang,iya,tidak,tidak,tidak
2772,sedang,iya,iya,tidak,tidak
2773,rendah,tidak,iya,tidak,iya
2774,tinggi,tidak,tidak,tidak,tidak
2775,tinggi,iya,tidak,tidak,tidak
2776,sedang,tidak,tidak,iya,tidak
2777,tinggi,iya,iya,iya,tidak
2778,sedang,tidak,iya,tidak,tidak
2779,sedang,iya,iya,iya,tidak
2780,tinggi,tidak,tidak,tidak,tidak
2781,sedang,iya,tidak,tidak,iya
2782,sedang,tidak,iya,iya,tidak
2783,rendah,iya,tidak,tidak,tidak
2784,sedang,tidak,iya,tidak,iya
2785,sedang,tidak,tidak,tidak,tidak
2786,sedang,tidak,tidak,tidak,iya
2787,sedang,iya,iya,tidak,tidak
2788,rendah,tidak,iya,tidak,tidak
2789,sedang,tidak,tidak,iya,tidak
2790,tinggi,tidak,tidak,tidak,tidak
2791,rendah,tidak,tidak,tidak,iya
2792,rendah,tidak,tidak,tidak,tidak
2793,rendah,tidak,iya,tidak,iya
2794,tinggi,iya,iya,iya,tidak
2795,sedang,tidak,iya,iya,tidak
2796,tinggi,tidak,iya,iya,tidak
2797,sedang,iya,tidak,tidak,tidak
2798,sedang,iya,iya,iya,tidak
2799,tinggi,iya,iya,tidak,tidak
2800,rendah,tidak,iya,tidak,tidak
2801,rendah,tidak,iya,tidak,iya
2802,sedang,tidak,iya,iya,iya
2803,rendah,tidak,iya,tidak,iya
2804,rendah,tidak,iya,tidak,tidak
2805,rendah,iya,iya,tidak,tidak
2806,rendah,tidak,iya,tidak,iya
2807,rendah,tidak,tidak,iya,tidak
2808,tinggi,tidak,iya,tidak,tidak
2809,rendah,tidak,tidak,tidak,iya
2810,rendah,tidak,iya,tidak,iya
2811,rendah,tidak,iya,iya,tidak
2812,sedang,tidak,iya,tidak,tidak
2813,sedang,tidak,iya,tidak,tidak
2814,tinggi,iya,iya,tidak,tidak
2815,tinggi,iya,tidak,tidak,tidak
2816,rendah,iya,iya,iya,tidak
2817,rendah,tidak,iya,iya,tidak
2818,rendah,iya,iya,tidak,tidak
2819,tinggi,tidak,tidak,tidak,tidak
2820,sedang,iya,iya,tidak,tidak
2821,rendah,tidak,iya,tidak,tidak
2822,rendah,tidak,tidak,tidak,tidak
2823,sedang,tidak,iya,tidak,tidak
2824,rendah,tidak,tidak,iya,iya
2825,tinggi,tidak,iya,iya,tidak
2826,sedang,iya,iya,iya,iya
2827,sedang,tidak,iya,tidak,iya
2828,sedang,tidak,iya,iya,tidak
2829,rendah,tidak,tidak,tidak,iya
2830,sedang,tidak,iya,tidak,tidak
2831,sedang,iya,tidak,iya,tidak
2832,rendah,tidak,iya,iya,tidak
2833,sedang,iya,tidak,iya,tidak
2834,tinggi,tidak,iya,iya,tidak
2835,rendah,iya,iya,iya,tidak
2836,sedang,tidak,iya,tidak,tidak
2837,rendah,iya,iya,iya,tidak
2838,sedang,tidak,tidak,tidak,tidak
2839,rendah,iya,iya,tidak,tidak
2840,sedang,tidak,iya,iya,iya
2841,rendah,tidak,tidak,iya,tidak
2842,rendah,tidak,tidak,tidak,tidak
2843,sedang,tidak,iya,iya,tidak
2844,sedang,tidak,tidak,tidak,tidak
2845,tinggi,tidak,tidak,iya,tidak
2846,sedang,tidak,tidak,tidak,iya
2847,sedang,iya,tidak,tidak,tidak
2848,sedang,iya,tidak,iya,iya
2849,rendah,tidak,iya,iya,iya
2850,rendah,tidak,tidak,iya,tidak
2851,rendah,tidak,tidak,iya,iya
2852,rendah,iya,tidak,tidak,tidak
2853,rendah,iya,iya,tidak,iya
2854,tinggi,iya,iya,iya,tidak
2855,tinggi,iya,iya,iya,tidak
2856,tinggi,iya,iya,tidak,iya
2857,tinggi,iya,iya,tidak,tidak
2858,sedang,tidak,tidak,tidak,iya
2859,rendah,iya,tidak,tidak,tidak
2860,sedang,iya,tidak,iya,tidak
2861,tinggi,tidak,tidak,tidak,tidak
2862,sedang,tidak,tidak,tidak,iya
2863,sedang,tidak,iya,iya,tidak
2864,rendah,iya,tidak,tidak,tidak
2865,sedang,tidak,iya,iya,tidak
2866,rendah,tidak,iya,tidak,iya
2867,rendah,iya,iya,tidak,tidak
2868,tinggi,tidak,tidak,tidak,tidak
2869,rendah,iya,iya,tidak,tidak
2870,tinggi,iya,iya,tidak,tidak
2871,rendah,iya,iya,iya,iya
2872,tinggi,tidak,iya,tidak,tidak
2873,sedang,iya,iya,tidak,tidak
2874,sedang,tidak,tidak,iya,tidak
2875,rendah,tidak,tidak,tidak,tidak
2876,sedang,tidak,tidak,iya,tidak
2877,tinggi,tidak,iya,tidak,iya
2878,rendah,iya,tidak,tidak,tidak
2879,rendah,tidak,tidak,tidak,tidak
2880,rendah,iya,iya,tidak,tidak
2881,rendah,tidak,tidak,tidak,iya
2882,rendah,tidak,iya,tidak,tidak
2883,sedang,tidak,iya,tidak,iya
2884,rendah,tidak,tidak,iya,tidak
2885,sedang,iya,tidak,iya,tidak
2886,tinggi,iya,iya,tidak,tidak
2887,sedang,tidak,iya,tidak,tidak
2888,rendah,iya,iya,tidak,iya
2889,sedang,tidak,tidak,tidak,tidak
2890,rendah,tidak,tidak,iya,tidak
2891,rendah,tidak,tidak,tidak,tidak
2892,rendah,tidak,iya,tidak,tidak
2893,tinggi,iya,tidak,tidak,iya
2894,sedang,tidak,tidak,tidak,iya
2895,rendah,tidak,iya,iya,tidak
2896,sedang,tidak,iya,tidak,tidak
2897,rendah,tidak,tidak,iya,tidak
2898,tinggi,tidak,iya,tidak,iya
2899,tinggi,tidak,iya,tidak,iya
2900,rendah,iya,iya,tidak,iya
2901,rendah,tidak,iya,iya,tidak
2902,sedang,tidak,iya,tidak,tidak
2903,sedang,tidak,iya,tidak,tidak
2904,rendah,tidak,iya,tidak,tidak
2905,sedang,iya,iya,tidak,tidak
2906,rendah,tidak,iya,iya,tidak
2907,sedang,tidak,iya,tidak,tidak
2908,rendah,tidak,iya,tidak,tidak
2909,sedang,iya,tidak,tidak,tidak
2910,sedang,iya,tidak,tidak,tidak
2911,sedang,tidak,iya,iya,tidak
2912,sedang,tidak,tidak,tidak,tidak
2913,sedang,tidak,tidak,tidak,tidak
2914,rendah,iya,iya,iya,tidak
2915,rendah,tidak,tidak,tidak,iya
2916,rendah,tidak,iya,iya,tidak
2917,rendah,tidak,iya,iya,tidak
2918,sedang,tidak,tidak,tidak,tidak
2919,rendah,tidak,tidak,tidak,iya
2920,rendah,tidak,tidak,tidak,tidak
2921,tinggi,tidak,tidak,tidak,tidak
2922,sedang,tidak,tidak,tidak,iya
2923,sedang,tidak,tidak,iya,tidak
2924,rendah,tidak,iya,iya,tidak
2925,rendah,tidak,iya,tidak,iya
2926,sedang,iya,iya,iya,iya
2927,tinggi,tidak,iya,tidak,tidak
2928,rendah,tidak,tidak,tidak,iya
2929,sedang,iya,tidak,tidak,tidak
2930,tinggi,tidak,tidak,tidak,tidak
2931,sedang,tidak,iya,iya,tidak
2932,sedang,tidak,iya,tidak,tidak
2933,sedang,tidak,tidak,tidak,tidak
2934,tinggi,tidak,iya,tidak,iya
2935,sedang,tidak,iya,tidak,tidak
2936,tinggi,iya,iya,iya,tidak
2937,sedang,iya,iya,iya,tidak
2938,tinggi,tidak,tidak,tidak,tidak
2939,tinggi,iya,tidak,tidak,tidak
2940,sedang,tidak,iya,tidak,tidak
2941,sedang,iya,iya,tidak,iya
2942,sedang,tidak,iya,tidak,iya
2943,tinggi,iya,tidak,tidak,tidak
2944,tinggi,tidak,iya,iya,tidak
2945,rendah,tidak,iya,tidak,tidak
2946,sedang,tidak,tidak,tidak,tidak
2947,tinggi,iya,tidak,tidak,tidak
2948,sedang,tidak,iya,tidak,tidak
2949,sedang,tidak,tidak,tidak,tidak
2950,rendah,tidak,tidak,tidak,tidak
2951,sedang,tidak,tidak,tidak,iya
2952,tinggi,iya,iya,tidak,tidak
2953,tinggi,iya,iya,tidak,tidak
2954,rendah,iya,tidak,tidak,tidak
2955,sedang,iya,iya,iya,tidak
2956,tinggi,tidak,iya,iya,tidak
2957,tinggi,tidak,tidak,iya,tidak
2958,sedang,tidak,iya,tidak,tidak
2959,rendah,iya,iya,tidak,iya
2960,sedang,iya,iya,tidak,iya
2961,tinggi,tidak,iya,tidak,tidak
2962,sedang,tidak,iya,iya,tidak
2963,tinggi,tidak,tidak,tidak,tidak
2964,sedang,tidak,tidak,iya,tidak
2965,tinggi,iya,iya,iya,tidak
2966,tinggi,tidak,iya,iya,tidak
2967,sedang,iya,iya,iya,tidak
2968,tinggi,iya,tidak,tidak,tidak
2969,tinggi,iya,tidak,tidak,tidak
2970,tinggi,iya,iya,tidak,tidak
2971,sedang,tidak,tidak,tidak,iya
2972,sedang,iya,tidak,tidak,iya
2973,rendah,tidak,iya,tidak,tidak
2974,rendah,iya,iya,iya,tidak
2975,sedang,tidak,iya,tidak,tidak
2976,sedang,tidak,tidak,iya,tidak
2977,rendah,tidak,tidak,tidak,tidak
2978,tinggi,tidak,iya,iya,tidak
2979,sedang,iya,iya,tidak,tidak
2980,sedang,iya,iya,tidak,tidak
2981,sedang,tidak,iya,tidak,iya
2982,rendah,tidak,iya,iya,tidak
2983,tinggi,iya,tidak,tidak,tidak
2984,rendah,tidak,tidak,iya,tidak
2985,sedang,iya,tidak,tidak,tidak
2986,sedang,tidak,iya,tidak,tidak
2987,sedang,tidak,tidak,tidak,iya
2988,sedang,iya,tidak,iya,iya
2989,rendah,tidak,iya,tidak,tidak
2990,rendah,tidak,tidak,iya,tidak
2991,sedang,iya,tidak,tidak,tidak
2992,tinggi,iya,iya,tidak,iya
2993,sedang,iya,iya,tidak,iya
2994,rendah,tidak,iya,tidak,tidak
2995,rendah,tidak,iya,tidak,iya
2996,sedang,tidak,tidak,iya,tidak
2997,sedang,tidak,iya,iya,tidak
2998,rendah,iya,iya,tidak,tidak
2999,sedang,tidak,tidak,tidak,tidak
3000,rendah,tidak,iya,tidak,iya
