responden_id,usia,jenis_kelamin,pendidikan_terakhir,status_pekerjaan,domisili
1,43,pria,SMA,karyawan,Urban
2,40,pria,D3,karyawan,Rural
3,26,pria,D3,karyawan,Urban
4,30,pria,S2,karyawan,Urban
5,34,pria,SMA,karyawan,Urban
6,37,wanita,S2,karyawan,Urban
7,31,pria,D3,wirausaha,Urban
8,26,wanita,S1,wirausaha,Suburban
9,34,pria,D3,freelance,Urban
10,39,wanita,S1,karyawan,Urban
11,30,pria,S2,karyawan,Urban
12,44,wanita,D3,freelance,Rural
13,33,pria,SMA,karyawan,Suburban
14,44,pria,D3,wirausaha,Urban
15,27,wanita,D3,wirausaha,Urban
16,28,pria,D3,karyawan,Urban
17,23,pria,SMA,freelance,Urban
18,35,wanita,S1,karyawan,Urban
19,37,wanita,S1,wirausaha,Urban
20,36,wanita,S1,karyawan,Urban
21,44,wanita,SMA,wirausaha,Urban
22,25,pria,SMA,freelance,Urban
23,31,wanita,D3,karyawan,Urban
24,31,wanita,SMA,karyawan,Urban
25,39,pria,SMA,karyawan,Urban
26,35,pria,SMA,freelance,Suburban
27,34,pria,S1,karyawan,Urban
28,31,pria,S1,karyawan,Urban
29,31,pria,D3,karyawan,Urban
30,32,pria,D3,karyawan,Urban
31,44,pria,D3,freelance,Urban
32,26,wanita,S1,freelance,Urban
33,21,wanita,S1,karyawan,Urban
34,32,wanita,S1,wirausaha,Suburban
35,22,pria,SMA,freelance,Rural
36,24,pria,SMA,wirausaha,Suburban
37,29,pria,SMA,karyawan,Urban
38,36,pria,S1,karyawan,Urban
39,29,wanita,D3,wirausaha,Urban
40,30,pria,S2,karyawan,Urban
41,22,wanita,D3,karyawan,Urban
42,21,pria,S1,karyawan,Urban
43,21,wanita,S1,karyawan,Urban
44,22,wanita,S1,karyawan,Suburban
45,30,pria,S1,karyawan,Urban
46,40,wanita,SMA,wirausaha,Urban
47,29,pria,S1,freelance,Urban
48,28,pria,SMA,wirausaha,Urban
49,23,wanita,S1,karyawan,Urban
50,32,pria,SMA,freelance,Urban
51,31,pria,D3,karyawan,Rural
52,21,wanita,D3,wirausaha,Suburban
53,36,wanita,S1,freelance,Suburban
54,26,wanita,D3,freelance,Suburban
55,30,pria,S1,wirausaha,Urban
56,33,wanita,SMA,karyawan,Suburban
57,33,pria,S1,freelance,Urban
58,43,pria,S1,wirausaha,Urban
59,22,pria,D3,freelance,Urban
60,31,pria,S1,karyawan,Urban
61,26,wanita,D3,wirausaha,Urban
62,28,pria,S1,karyawan,Urban
63,34,wanita,S1,freelance,Suburban
64,34,pria,S1,karyawan,Urban
65,21,pria,S1,karyawan,Urban
66,34,pria,S1,karyawan,Urban
67,44,pria,S1,freelance,Urban
68,23,pria,D3,freelance,Suburban
69,31,pria,S1,wirausaha,Urban
70,34,pria,S1,karyawan,Rural
71,33,pria,SMA,karyawan,Suburban
72,33,wanita,S1,wirausaha,Urban
73,36,pria,S1,karyawan,Urban
74,28,pria,SMA,freelance,Suburban
75,22,wanita,S1,freelance,Urban
76,35,pria,S2,freelance,Urban
77,22,pria,S1,wirausaha,Suburban
78,42,pria,SMA,karyawan,Urban
79,29,wanita,D3,wirausaha,Urban
80,23,wanita,S1,wirausaha,Urban
81,38,wanita,S1,karyawan,Suburban
82,32,pria,S1,freelance,Urban
83,23,pria,S1,freelance,Urban
84,35,wanita,S1,wirausaha,Urban
85,26,pria,S1,wirausaha,Urban
86,24,pria,S1,karyawan,Urban
87,38,wanita,SMA,wirausaha,Urban
88,32,pria,S1,wirausaha,Urban
89,25,wanita,SMA,karyawan,Suburban
90,28,pria,S1,karyawan,Urban
91,41,pria,S1,karyawan,Urban
92,41,pria,S1,freelance,Urban
93,42,wanita,S1,wirausaha,Suburban
94,34,pria,S1,karyawan,Urban
95,29,pria,SMA,karyawan,Suburban
96,21,wanita,S2,karyawan,Urban
97,36,wanita,S1,wirausaha,Urban
98,38,wanita,S1,wirausaha,Urban
99,36,pria,SMA,freelance,Urban
100,44,wanita,D3,karyawan,Urban
101,32,wanita,SMA,karyawan,Urban
102,32,wanita,S1,karyawan,Urban
103,34,wanita,S1,wirausaha,Urban
104,28,pria,SMA,karyawan,Urban
105,25,wanita,D3,karyawan,Suburban
106,41,wanita,S1,freelance,Urban
107,26,wanita,S1,wirausaha,Urban
108,44,pria,D3,karyawan,Suburban
109,33,pria,D3,karyawan,Urban
110,40,pria,S1,wirausaha,Urban
111,40,pria,S1,freelance,Urban
112,34,pria,SMA,karyawan,Urban
113,37,wanita,S1,karyawan,Suburban
114,30,wanita,SMA,freelance,Suburban
115,33,pria,S1,karyawan,Urban
116,31,pria,S1,freelance,Suburban
117,21,pria,S2,freelance,Suburban
118,27,wanita,SMA,wirausaha,Urban
119,25,pria,S2,freelance,Suburban
120,25,pria,S1,karyawan,Urban
121,21,wanita,S1,freelance,Suburban
122,22,wanita,SMA,wirausaha,Suburban
123,34,pria,D3,karyawan,Urban
124,39,wanita,SMA,karyawan,Urban
125,41,wanita,SMA,wirausaha,Urban
126,38,pria,S1,freelance,Urban
127,34,wanita,D3,freelance,Suburban
128,27,pria,S1,karyawan,Suburban
129,26,wanita,S1,freelance,Urban
130,36,wanita,S1,karyawan,Urban
131,44,pria,S1,freelance,Urban
132,21,wanita,D3,karyawan,Urban
133,44,wanita,SMA,karyawan,Urban
134,33,wanita,S1,karyawan,Urban
135,23,wanita,D3,wirausaha,Suburban
136,44,wanita,S1,karyawan,Urban
137,42,wanita,S1,freelance,Urban
138,33,pria,SMA,karyawan,Urban
139,23,pria,SMA,wirausaha,Urban
140,35,pria,D3,karyawan,Rural
141,38,pria,D3,wirausaha,Rural
142,41,pria,D3,karyawan,Urban
143,21,pria,D3,karyawan,Urban
144,23,pria,D3,freelance,Urban
145,40,pria,SMA,karyawan,Urban
146,26,wanita,SMA,wirausaha,Urban
147,44,pria,S1,karyawan,Urban
148,30,wanita,S1,freelance,Urban
149,44,wanita,S1,karyawan,Urban
150,42,wanita,D3,freelance,Urban
151,35,wanita,S1,karyawan,Suburban
152,40,wanita,SMA,freelance,Urban
153,28,pria,SMA,freelance,Urban
154,37,pria,SMA,wirausaha,Urban
155,24,wanita,S1,karyawan,Rural
156,22,pria,S1,karyawan,Urban
157,32,wanita,S1,karyawan,Urban
158,41,pria,SMA,wirausaha,Suburban
159,26,pria,D3,freelance,Urban
160,30,wanita,S1,karyawan,Urban
161,23,wanita,S1,karyawan,Urban
162,28,wanita,S1,freelance,Urban
163,33,wanita,S1,karyawan,Urban
164,34,wanita,D3,karyawan,Urban
165,24,wanita,SMA,karyawan,Urban
166,44,pria,S2,wirausaha,Suburban
167,24,pria,S1,karyawan,Urban
168,23,wanita,S2,freelance,Urban
169,39,wanita,S1,karyawan,Urban
170,23,pria,D3,karyawan,Urban
171,23,pria,D3,wirausaha,Urban
172,36,wanita,SMA,karyawan,Urban
173,41,pria,S1,karyawan,Urban
174,28,pria,S1,freelance,Urban
175,35,pria,D3,wirausaha,Urban
176,40,pria,S2,karyawan,Urban
177,29,pria,S1,karyawan,Urban
178,26,pria,S1,karyawan,Urban
179,40,pria,SMA,wirausaha,Suburban
180,24,wanita,S1,karyawan,Urban
181,30,pria,S2,karyawan,Urban
182,24,wanita,D3,wirausaha,Urban
183,40,pria,D3,wirausaha,Suburban
184,22,pria,S1,freelance,Suburban
185,26,pria,SMA,karyawan,Urban
186,21,pria,D3,wirausaha,Urban
187,31,pria,D3,freelance,Suburban
188,23,wanita,SMA,karyawan,Urban
189,25,pria,D3,wirausaha,Urban
190,42,pria,S1,freelance,Urban
191,28,pria,SMA,karyawan,Urban
192,40,wanita,S1,karyawan,Suburban
193,36,wanita,S1,karyawan,Suburban
194,32,wanita,SMA,wirausaha,Urban
195,40,pria,S2,freelance,Urban
196,34,wanita,D3,karyawan,Urban
197,21,wanita,D3,karyawan,Urban
198,31,pria,S1,karyawan,Suburban
199,30,wanita,D3,karyawan,Suburban
200,34,pria,S1,freelance,Suburban
201,35,pria,SMA,karyawan,Urban
202,35,wanita,S2,freelance,Urban
203,44,wanita,S1,freelance,Urban
204,22,pria,S1,karyawan,Suburban
205,26,wanita,S1,karyawan,Urban
206,29,wanita,S1,freelance,Urban
207,26,wanita,S1,freelance,Urban
208,21,wanita,SMA,karyawan,Urban
209,25,pria,D3,karyawan,Urban
210,32,wanita,S1,karyawan,Urban
211,44,wanita,S1,wirausaha,Urban
212,36,pria,S1,karyawan,Urban
213,21,pria,S1,wirausaha,Urban
214,37,pria,S1,karyawan,Urban
215,38,wanita,D3,karyawan,Urban
216,25,wanita,D3,karyawan,Urban
217,40,wanita,D3,karyawan,Urban
218,40,wanita,S2,wirausaha,Urban
219,33,pria,SMA,karyawan,Urban
220,41,wanita,SMA,karyawan,Suburban
221,37,pria,D3,karyawan,Urban
222,36,pria,S1,wirausaha,Urban
223,33,wanita,S1,karyawan,Urban
224,40,wanita,S1,wirausaha,Urban
225,23,wanita,S1,freelance,Urban
226,26,pria,S1,freelance,Urban
227,31,pria,SMA,karyawan,Rural
228,27,wanita,S1,karyawan,Urban
229,34,pria,D3,freelance,Suburban
230,32,pria,D3,karyawan,Urban
231,21,wanita,SMA,karyawan,Suburban
232,37,wanita,D3,karyawan,Urban
233,38,pria,SMA,karyawan,Urban
234,31,pria,D3,wirausaha,Urban
235,32,pria,S1,karyawan,Urban
236,33,wanita,D3,karyawan,Urban
237,33,pria,S1,karyawan,Urban
238,25,wanita,D3,freelance,Urban
239,32,wanita,SMA,wirausaha,Urban
240,24,wanita,SMA,wirausaha,Urban
241,40,pria,S1,wirausaha,Suburban
242,30,pria,S1,freelance,Rural
243,37,pria,S1,wirausaha,Suburban
244,33,wanita,S1,karyawan,Urban
245,35,wanita,S1,karyawan,Urban
246,39,pria,SMA,wirausaha,Suburban
247,30,wanita,D3,karyawan,Urban
248,27,pria,SMA,freelance,Rural
249,32,wanita,D3,freelance,Rural
250,42,wanita,D3,karyawan,Suburban
251,41,pria,S2,karyawan,Urban
252,33,wanita,SMA,karyawan,Urban
253,35,wanita,S1,freelance,Suburban
254,36,pria,S1,karyawan,Urban
255,27,pria,S2,wirausaha,Urban
256,22,wanita,S2,karyawan,Urban
257,38,pria,SMA,karyawan,Suburban
258,35,wanita,SMA,wirausaha,Urban
259,35,wanita,S2,wirausaha,Urban
260,43,wanita,D3,karyawan,Urban
261,44,wanita,SMA,wirausaha,Urban
262,38,wanita,S2,freelance,Rural
263,31,wanita,D3,wirausaha,Urban
264,21,wanita,D3,karyawan,Urban
265,25,pria,SMA,freelance,Suburban
266,37,wanita,D3,karyawan,Urban
267,31,wanita,D3,karyawan,Urban
268,29,wanita,S2,wirausaha,Urban
269,41,wanita,D3,karyawan,Urban
270,28,pria,SMA,karyawan,Urban
271,40,wanita,D3,karyawan,Suburban
272,21,pria,S1,wirausaha,Suburban
273,29,wanita,D3,karyawan,Suburban
274,34,pria,D3,freelance,Suburban
275,34,pria,D3,karyawan,Urban
276,24,wanita,S1,karyawan,Urban
277,34,wanita,S1,wirausaha,Suburban
278,23,pria,S1,freelance,Urban
279,38,pria,D3,wirausaha,Urban
280,37,pria,SMA,karyawan,Suburban
281,29,wanita,S1,freelance,Suburban
282,37,pria,SMA,wirausaha,Urban
283,40,wanita,SMA,freelance,Urban
284,38,wanita,S1,freelance,Urban
285,35,wanita,SMA,karyawan,Urban
286,44,pria,S1,wirausaha,Urban
287,25,wanita,S1,wirausaha,Urban
288,23,wanita,S1,freelance,Urban
289,34,wanita,S2,freelance,Urban
290,24,pria,S1,karyawan,Urban
291,23,wanita,S1,karyawan,Urban
292,38,wanita,S1,freelance,Urban
293,26,wanita,D3,karyawan,Suburban
294,26,pria,SMA,wirausaha,Urban
295,39,wanita,S1,freelance,Urban
296,41,pria,D3,karyawan,Urban
297,29,pria,SMA,wirausaha,Suburban
298,33,pria,S1,karyawan,Urban
299,36,wanita,S1,wirausaha,Urban
300,35,wanita,S1,freelance,Urban
301,35,wanita,D3,karyawan,Urban
302,30,pria,S1,freelance,Urban
303,37,pria,SMA,karyawan,Urban
304,43,wanita,D3,karyawan,Urban
305,34,pria,S2,wirausaha,Urban
306,21,pria,SMA,karyawan,Rural
307,42,pria,S1,karyawan,Urban
308,33,pria,D3,karyawan,Urban
309,36,pria,S1,karyawan,Suburban
310,41,wanita,S1,freelance,Urban
311,24,wanita,S1,karyawan,Urban
312,23,wanita,SMA,wirausaha,Urban
313,30,pria,S1,karyawan,Urban
314,40,pria,S1,karyawan,Rural
315,34,wanita,SMA,karyawan,Suburban
316,32,wanita,S1,karyawan,Urban
317,31,wanita,SMA,wirausaha,Urban
318,37,wanita,D3,karyawan,Urban
319,25,wanita,D3,karyawan,Urban
320,29,pria,D3,wirausaha,Urban
321,42,wanita,S1,karyawan,Urban
322,30,pria,D3,karyawan,Urban
323,40,wanita,S1,freelance,Urban
324,41,pria,SMA,karyawan,Urban
325,37,wanita,D3,wirausaha,Rural
326,33,pria,S2,wirausaha,Urban
327,24,wanita,D3,karyawan,Urban
328,40,pria,S1,karyawan,Urban
329,29,wanita,S1,karyawan,Urban
330,25,pria,SMA,karyawan,Urban
331,39,pria,S1,freelance,Urban
332,28,pria,SMA,karyawan,Suburban
333,30,pria,S1,karyawan,Urban
334,43,wanita,S1,karyawan,Urban
335,44,pria,SMA,wirausaha,Urban
336,24,pria,S1,freelance,Urban
337,43,wanita,S1,wirausaha,Suburban
338,24,wanita,SMA,karyawan,Urban
339,41,pria,S1,wirausaha,Urban
340,25,pria,S1,wirausaha,Urban
341,24,wanita,S1,freelance,Urban
342,25,pria,D3,karyawan,Urban
343,37,pria,S1,karyawan,Urban
344,36,wanita,S1,karyawan,Urban
345,32,pria,D3,wirausaha,Urban
346,21,wanita,S1,freelance,Urban
347,22,pria,S1,wirausaha,Urban
348,28,pria,D3,wirausaha,Urban
349,31,pria,SMA,karyawan,Urban
350,22,pria,SMA,karyawan,Urban
351,33,wanita,SMA,karyawan,Urban
352,22,wanita,S1,karyawan,Suburban
353,34,pria,S1,wirausaha,Urban
354,36,wanita,S1,freelance,Urban
355,21,pria,S2,karyawan,Urban
356,34,pria,SMA,karyawan,Urban
357,36,pria,S2,karyawan,Urban
358,44,wanita,S1,freelance,Urban
359,39,wanita,D3,freelance,Suburban
360,43,pria,SMA,karyawan,Urban
361,25,wanita,S1,karyawan,Urban
362,43,wanita,S1,wirausaha,Urban
363,44,wanita,SMA,karyawan,Urban
364,23,wanita,S2,freelance,Urban
365,41,wanita,S2,freelance,Suburban
366,41,pria,S1,karyawan,Urban
367,27,wanita,D3,karyawan,Rural
368,34,pria,S1,karyawan,Suburban
369,38,wanita,SMA,wirausaha,Urban
370,28,wanita,S2,freelance,Urban
371,43,wanita,S1,karyawan,Urban
372,32,pria,S1,karyawan,Urban
373,27,wanita,S1,freelance,Urban
374,41,wanita,D3,wirausaha,Urban
375,44,pria,S2,karyawan,Urban
376,37,wanita,SMA,karyawan,Urban
377,43,pria,S1,karyawan,Suburban
378,31,pria,D3,karyawan,Urban
379,29,wanita,S1,freelance,Suburban
380,44,pria,SMA,karyawan,Urban
381,35,pria,D3,wirausaha,Urban
382,35,wanita,SMA,wirausaha,Urban
383,24,wanita,S2,karyawan,Urban
384,44,pria,D3,karyawan,Suburban
385,32,wanita,D3,karyawan,Urban
386,32,pria,D3,karyawan,Suburban
387,28,wanita,S2,freelance,Urban
388,37,wanita,S1,karyawan,Urban
389,37,pria,D3,karyawan,Suburban
390,31,wanita,S2,wirausaha,Suburban
391,29,pria,S1,karyawan,Rural
392,37,pria,S1,freelance,Urban
393,36,pria,S1,karyawan,Urban
394,39,wanita,S1,wirausaha,Suburban
395,23,pria,S1,karyawan,Urban
396,40,wanita,SMA,freelance,Suburban
397,33,pria,D3,karyawan,Suburban
398,32,pria,S2,karyawan,Urban
399,39,pria,S1,karyawan,Suburban
400,23,wanita,D3,karyawan,Suburban
401,25,pria,SMA,freelance,Urban
402,25,wanita,D3,karyawan,Suburban
403,44,wanita,S1,wirausaha,Urban
404,33,wanita,S1,karyawan,Suburban
405,43,pria,S2,karyawan,Urban
406,33,pria,S1,karyawan,Suburban
407,35,wanita,D3,freelance,Urban
408,32,wanita,D3,karyawan,Urban
409,25,pria,S1,karyawan,Suburban
410,40,wanita,S1,karyawan,Urban
411,24,pria,S1,karyawan,Urban
412,33,wanita,D3,wirausaha,Rural
413,36,pria,D3,karyawan,Rural
414,38,wanita,S2,freelance,Urban
415,43,wanita,D3,karyawan,Urban
416,22,pria,D3,wirausaha,Urban
417,30,wanita,S1,freelance,Urban
418,28,pria,S1,freelance,Urban
419,38,wanita,SMA,wirausaha,Urban
420,38,wanita,S2,freelance,Suburban
421,40,pria,D3,karyawan,Suburban
422,36,wanita,SMA,wirausaha,Suburban
423,35,pria,D3,karyawan,Urban
424,43,pria,D3,karyawan,Urban
425,36,pria,D3,karyawan,Urban
426,25,pria,SMA,freelance,Urban
427,23,wanita,S1,karyawan,Urban
428,35,wanita,S1,wirausaha,Suburban
429,42,wanita,S1,karyawan,Urban
430,29,pria,D3,karyawan,Urban
431,22,wanita,SMA,freelance,Urban
432,33,pria,S2,wirausaha,Suburban
433,43,pria,D3,wirausaha,Urban
434,30,pria,SMA,karyawan,Urban
435,30,wanita,D3,karyawan,Urban
436,36,wanita,S1,freelance,Urban
437,24,pria,D3,wirausaha,Urban
438,42,pria,SMA,karyawan,Suburban
439,24,pria,D3,freelance,Urban
440,35,pria,S1,karyawan,Urban
441,38,wanita,S1,karyawan,Urban
442,41,wanita,SMA,karyawan,Rural
443,34,pria,SMA,karyawan,Urban
444,36,wanita,D3,freelance,Urban
445,35,wanita,SMA,wirausaha,Suburban
446,39,wanita,S2,karyawan,Suburban
447,23,wanita,S1,wirausaha,Rural
448,30,wanita,SMA,karyawan,Suburban
449,34,pria,S2,freelance,Urban
450,23,wanita,D3,karyawan,Urban
451,38,wanita,D3,karyawan,Suburban
452,40,pria,D3,freelance,Urban
453,43,wanita,SMA,karyawan,Urban
454,22,wanita,S1,freelance,Suburban
455,40,pria,SMA,karyawan,Urban
456,41,pria,D3,karyawan,Urban
457,39,wanita,S1,karyawan,Urban
458,41,wanita,SMA,freelance,Urban
459,41,pria,D3,freelance,Urban
460,38,wanita,S1,karyawan,Urban
461,21,wanita,SMA,freelance,Urban
462,35,wanita,D3,wirausaha,Urban
463,22,wanita,D3,karyawan,Urban
464,36,pria,D3,karyawan,Urban
465,41,wanita,D3,karyawan,Rural
466,44,pria,D3,wirausaha,Urban
467,37,pria,D3,karyawan,Urban
468,34,pria,SMA,karyawan,Suburban
469,42,pria,D3,freelance,Urban
470,34,pria,S2,wirausaha,Rural
471,39,pria,S2,wirausaha,Urban
472,41,wanita,S2,wirausaha,Rural
473,21,pria,S1,wirausaha,Urban
474,25,wanita,SMA,karyawan,Suburban
475,30,pria,S1,karyawan,Urban
476,22,pria,S2,freelance,Rural
477,29,wanita,SMA,freelance,Urban
478,39,pria,SMA,freelance,Urban
479,25,wanita,S1,freelance,Rural
480,25,wanita,SMA,karyawan,Urban
481,34,wanita,D3,karyawan,Urban
482,23,pria,D3,freelance,Urban
483,41,pria,SMA,karyawan,Urban
484,34,pria,S1,freelance,Urban
485,25,pria,SMA,freelance,Urban
486,28,pria,D3,karyawan,Suburban
487,28,wanita,S1,freelance,Urban
488,26,pria,S1,wirausaha,Urban
489,22,pria,S1,karyawan,Rural
490,26,pria,SMA,freelance,Suburban
491,43,wanita,S1,karyawan,Urban
492,27,wanita,S1,karyawan,Urban
493,31,pria,SMA,freelance,Urban
494,25,wanita,S2,wirausaha,Urban
495,30,wanita,D3,karyawan,Urban
496,40,pria,D3,freelance,Urban
497,35,wanita,D3,freelance,Urban
498,27,wanita,S1,karyawan,Urban
499,26,pria,S1,karyawan,Rural
500,27,pria,S1,karyawan,Rural
501,24,pria,S1,freelance,Urban
502,35,wanita,S2,wirausaha,Urban
503,38,pria,S1,freelance,Urban
504,30,pria,S1,freelance,Suburban
505,27,wanita,SMA,karyawan,Urban
506,24,wanita,D3,karyawan,Urban
507,38,pria,SMA,wirausaha,Suburban
508,28,pria,S1,wirausaha,Suburban
509,28,wanita,S1,karyawan,Suburban
510,30,wanita,SMA,freelance,Urban
511,28,wanita,S1,wirausaha,Urban
512,39,wanita,D3,freelance,Urban
513,40,pria,S1,wirausaha,Suburban
514,22,wanita,S1,karyawan,Suburban
515,34,pria,SMA,karyawan,Urban
516,43,wanita,D3,wirausaha,Urban
517,43,pria,D3,wirausaha,Urban
518,37,wanita,S1,karyawan,Suburban
519,29,wanita,S1,karyawan,Rural
520,41,pria,S1,karyawan,Urban
521,27,wanita,S1,wirausaha,Urban
522,28,pria,S1,karyawan,Urban
523,39,pria,SMA,wirausaha,Rural
524,27,wanita,D3,karyawan,Suburban
525,41,wanita,D3,wirausaha,Suburban
526,40,wanita,D3,karyawan,Urban
527,38,pria,S1,karyawan,Urban
528,43,wanita,S1,karyawan,Urban
529,33,pria,S1,karyawan,Urban
530,43,pria,S2,freelance,Suburban
531,30,pria,S1,karyawan,Suburban
532,30,wanita,SMA,karyawan,Rural
533,28,wanita,D3,freelance,Rural
534,40,wanita,S1,karyawan,Urban
535,33,pria,S1,freelance,Suburban
536,30,pria,S1,wirausaha,Suburban
537,22,wanita,S2,karyawan,Suburban
538,31,wanita,D3,karyawan,Urban
539,39,pria,SMA,wirausaha,Urban
540,37,wanita,D3,wirausaha,Urban
541,35,pria,D3,karyawan,Rural
542,32,pria,S1,freelance,Urban
543,42,wanita,SMA,karyawan,Urban
544,28,wanita,S2,wirausaha,Urban
545,30,wanita,SMA,karyawan,Urban
546,44,pria,D3,karyawan,Urban
547,24,pria,S1,karyawan,Urban
548,24,pria,S2,karyawan,Urban
549,30,pria,S1,karyawan,Urban
550,32,pria,D3,karyawan,Suburban
551,32,pria,SMA,karyawan,Urban
552,37,wanita,S2,freelance,Suburban
553,42,pria,SMA,wirausaha,Urban
554,24,pria,SMA,karyawan,Urban
555,38,wanita,SMA,wirausaha,Suburban
556,28,wanita,S1,karyawan,Urban
557,27,wanita,S2,karyawan,Urban
558,28,pria,S1,wirausaha,Urban
559,38,pria,D3,wirausaha,Suburban
560,29,wanita,D3,karyawan,Urban
561,24,pria,S1,wirausaha,Urban
562,37,pria,D3,karyawan,Urban
563,26,pria,SMA,freelance,Urban
564,24,pria,SMA,freelance,Urban
565,35,wanita,S1,karyawan,Urban
566,38,pria,S1,wirausaha,Urban
567,37,pria,S1,freelance,Urban
568,42,pria,D3,wirausaha,Urban
569,28,pria,SMA,karyawan,Suburban
570,39,wanita,S1,wirausaha,Urban
571,32,wanita,S1,freelance,Urban
572,30,wanita,S1,karyawan,Suburban
573,28,wanita,S2,freelance,Urban
574,22,pria,SMA,freelance,Urban
575,24,pria,D3,wirausaha,Suburban
576,26,wanita,D3,karyawan,Suburban
577,43,wanita,S1,karyawan,Urban
578,36,wanita,SMA,karyawan,Suburban
579,24,wanita,D3,karyawan,Urban
580,40,pria,S1,karyawan,Urban
581,43,wanita,SMA,karyawan,Urban
582,43,pria,S1,karyawan,Rural
583,43,wanita,SMA,karyawan,Urban
584,41,pria,D3,freelance,Urban
585,24,wanita,S1,karyawan,Urban
586,34,wanita,S1,karyawan,Urban
587,33,wanita,D3,wirausaha,Urban
588,42,pria,D3,wirausaha,Urban
589,43,pria,D3,karyawan,Urban
590,30,wanita,S1,wirausaha,Urban
591,29,wanita,S1,karyawan,Urban
592,41,pria,D3,karyawan,Urban
593,26,pria,S1,wirausaha,Urban
594,25,pria,S1,wirausaha,Urban
595,25,wanita,D3,karyawan,Suburban
596,23,wanita,S1,wirausaha,Urban
597,21,wanita,SMA,freelance,Urban
598,38,pria,SMA,freelance,Urban
599,36,wanita,SMA,karyawan,Urban
600,27,pria,S2,karyawan,Urban
601,31,wanita,SMA,freelance,Urban
602,36,wanita,D3,wirausaha,Urban
603,40,wanita,S1,karyawan,Urban
604,31,wanita,S1,karyawan,Urban
605,30,pria,D3,wirausaha,Urban
606,39,wanita,S1,karyawan,Urban
607,33,pria,S1,freelance,Urban
608,24,wanita,S2,freelance,Urban
609,28,wanita,S1,wirausaha,Urban
610,27,wanita,D3,wirausaha,Urban
611,44,wanita,S1,karyawan,Urban
612,21,wanita,S1,karyawan,Suburban
613,37,wanita,S1,wirausaha,Urban
614,40,pria,D3,karyawan,Urban
615,33,wanita,S2,karyawan,Suburban
616,33,wanita,S2,karyawan,Suburban
617,29,wanita,S2,wirausaha,Urban
618,42,wanita,D3,karyawan,Urban
619,35,pria,D3,karyawan,Suburban
620,35,wanita,S1,karyawan,Urban
621,22,wanita,S1,freelance,Urban
622,35,pria,D3,freelance,Urban
623,24,wanita,D3,karyawan,Urban
624,33,wanita,SMA,wirausaha,Urban
625,40,pria,S1,karyawan,Urban
626,41,wanita,S1,karyawan,Urban
627,42,wanita,S1,karyawan,Urban
628,23,pria,S1,karyawan,Urban
629,29,wanita,S1,freelance,Urban
630,40,pria,S2,wirausaha,Urban
631,29,wanita,S1,karyawan,Urban
632,24,wanita,D3,wirausaha,Suburban
633,38,wanita,S1,wirausaha,Urban
634,42,pria,SMA,karyawan,Urban
635,28,pria,S1,karyawan,Urban
636,41,pria,S2,wirausaha,Urban
637,22,pria,S1,karyawan,Urban
638,37,wanita,S2,freelance,Urban
639,41,wanita,D3,karyawan,Urban
640,40,wanita,D3,karyawan,Urban
641,24,wanita,SMA,freelance,Urban
642,27,pria,D3,karyawan,Urban
643,26,wanita,SMA,karyawan,Urban
644,22,wanita,D3,karyawan,Urban
645,40,wanita,SMA,karyawan,Urban
646,23,pria,D3,karyawan,Suburban
647,26,pria,S2,wirausaha,Urban
648,27,pria,S1,wirausaha,Urban
649,41,pria,D3,karyawan,Suburban
650,26,pria,D3,wirausaha,Urban
651,34,wanita,D3,freelance,Urban
652,40,wanita,SMA,karyawan,Urban
653,32,pria,S2,wirausaha,Urban
654,43,pria,S1,karyawan,Urban
655,40,wanita,S1,karyawan,Urban
656,23,pria,S1,karyawan,Urban
657,29,pria,S1,karyawan,Urban
658,33,pria,S1,freelance,Urban
659,39,wanita,D3,karyawan,Urban
660,43,pria,D3,karyawan,Urban
661,25,wanita,D3,karyawan,Urban
662,34,pria,S2,karyawan,Rural
663,35,pria,SMA,karyawan,Urban
664,35,pria,SMA,karyawan,Urban
665,23,wanita,S2,karyawan,Urban
666,31,pria,S1,karyawan,Urban
667,25,pria,S1,karyawan,Urban
668,28,wanita,S1,karyawan,Urban
669,38,wanita,S2,karyawan,Urban
670,41,pria,S1,karyawan,Urban
671,35,wanita,S1,karyawan,Urban
672,33,pria,S1,freelance,Suburban
673,32,pria,SMA,karyawan,Urban
674,21,pria,S1,karyawan,Urban
675,35,pria,S1,wirausaha,Urban
676,27,wanita,S1,freelance,Rural
677,28,wanita,S2,karyawan,Urban
678,44,pria,D3,karyawan,Urban
679,27,wanita,S1,karyawan,Rural
680,37,pria,D3,karyawan,Suburban
681,25,pria,D3,karyawan,Suburban
682,34,wanita,S1,wirausaha,Urban
683,37,wanita,SMA,karyawan,Urban
684,30,wanita,S1,freelance,Urban
685,43,wanita,S2,karyawan,Suburban
686,31,wanita,S1,wirausaha,Urban
687,38,pria,SMA,freelance,Urban
688,38,wanita,S1,karyawan,Urban
689,44,wanita,S1,wirausaha,Suburban
690,28,pria,S2,karyawan,Urban
691,21,pria,SMA,karyawan,Urban
692,29,pria,S1,karyawan,Urban
693,30,pria,S1,karyawan,Urban
694,36,wanita,S1,freelance,Urban
695,30,wanita,S1,wirausaha,Urban
696,33,wanita,S1,wirausaha,Urban
697,38,pria,SMA,freelance,Urban
698,23,wanita,S1,freelance,Urban
699,37,wanita,S1,wirausaha,Urban
700,35,wanita,D3,karyawan,Urban
701,23,pria,S1,freelance,Urban
702,30,pria,S1,karyawan,Urban
703,33,wanita,S1,karyawan,Urban
704,22,wanita,S1,wirausaha,Urban
705,23,wanita,SMA,karyawan,Urban
706,42,wanita,S2,karyawan,Rural
707,38,pria,S1,freelance,Urban
708,41,wanita,S1,karyawan,Suburban
709,31,wanita,S1,karyawan,Urban
710,37,wanita,S1,karyawan,Urban
711,41,wanita,S1,karyawan,Suburban
712,31,wanita,D3,karyawan,Urban
713,37,wanita,S1,freelance,Urban
714,35,wanita,S1,wirausaha,Urban
715,30,wanita,S1,wirausaha,Urban
716,24,wanita,S2,freelance,Suburban
717,22,pria,S1,wirausaha,Suburban
718,44,wanita,SMA,karyawan,Rural
719,34,pria,SMA,karyawan,Urban
720,25,pria,S1,karyawan,Urban
721,29,pria,SMA,wirausaha,Suburban
722,21,pria,S2,wirausaha,Urban
723,32,wanita,S1,wirausaha,Urban
724,27,wanita,S1,karyawan,Urban
725,32,wanita,SMA,freelance,Urban
726,40,pria,D3,wirausaha,Suburban
727,30,wanita,D3,freelance,Urban
728,40,pria,SMA,freelance,Suburban
729,23,wanita,S1,karyawan,Urban
730,28,wanita,S2,karyawan,Urban
731,27,wanita,D3,karyawan,Urban
732,22,pria,S2,karyawan,Suburban
733,38,pria,SMA,karyawan,Urban
734,30,pria,S1,karyawan,Urban
735,36,pria,S1,karyawan,Urban
736,28,wanita,D3,karyawan,Suburban
737,41,pria,D3,karyawan,Urban
738,41,pria,S1,karyawan,Suburban
739,31,wanita,S1,karyawan,Urban
740,34,wanita,S1,wirausaha,Urban
741,41,pria,S2,wirausaha,Urban
742,34,wanita,S1,karyawan,Urban
743,29,wanita,SMA,freelance,Urban
744,31,wanita,S2,karyawan,Urban
745,27,pria,S1,karyawan,Urban
746,25,pria,SMA,karyawan,Suburban
747,28,pria,S1,wirausaha,Urban
748,29,wanita,D3,wirausaha,Urban
749,23,pria,S2,wirausaha,Suburban
750,21,pria,S1,karyawan,Urban
751,39,wanita,D3,freelance,Urban
752,35,wanita,S1,freelance,Suburban
753,36,wanita,D3,freelance,Urban
754,29,pria,SMA,wirausaha,Urban
755,29,pria,SMA,freelance,Urban
756,31,wanita,S1,wirausaha,Suburban
757,23,pria,D3,freelance,Urban
758,32,wanita,D3,wirausaha,Urban
759,32,pria,SMA,karyawan,Suburban
760,22,wanita,D3,karyawan,Suburban
761,38,pria,S1,karyawan,Urban
762,39,pria,S1,wirausaha,Urban
763,24,wanita,D3,karyawan,Urban
764,22,pria,D3,karyawan,Urban
765,29,wanita,D3,karyawan,Urban
766,23,pria,S2,karyawan,Urban
767,22,wanita,SMA,karyawan,Suburban
768,37,wanita,S1,wirausaha,Suburban
769,43,wanita,S1,karyawan,Urban
770,35,pria,S2,karyawan,Suburban
771,28,pria,S1,karyawan,Urban
772,39,wanita,SMA,karyawan,Suburban
773,27,wanita,SMA,karyawan,Urban
774,30,wanita,D3,wirausaha,Urban
775,37,pria,D3,karyawan,Suburban
776,29,pria,S1,karyawan,Urban
777,42,wanita,S1,freelance,Urban
778,39,pria,S1,karyawan,Urban
779,26,wanita,S1,freelance,Urban
780,21,pria,D3,karyawan,Urban
781,34,pria,SMA,karyawan,Urban
782,25,pria,D3,karyawan,Urban
783,30,wanita,SMA,freelance,Urban
784,32,wanita,S1,wirausaha,Urban
785,40,pria,D3,karyawan,Urban
786,40,wanita,SMA,karyawan,Suburban
787,31,pria,S1,wirausaha,Urban
788,39,wanita,S1,wirausaha,Urban
789,39,wanita,SMA,karyawan,Urban
790,22,pria,S1,wirausaha,Suburban
791,36,wanita,S2,karyawan,Urban
792,24,pria,D3,karyawan,Urban
793,24,pria,S2,freelance,Urban
794,41,pria,S1,karyawan,Urban
795,40,pria,SMA,karyawan,Urban
796,30,pria,S2,karyawan,Suburban
797,44,wanita,S1,karyawan,Suburban
798,36,wanita,S1,freelance,Urban
799,29,wanita,S1,wirausaha,Urban
800,26,wanita,D3,freelance,Suburban
801,25,wanita,D3,freelance,Urban
802,30,pria,S1,freelance,Urban
803,24,pria,S2,freelance,Urban
804,29,pria,D3,freelance,Urban
805,40,pria,S2,wirausaha,Urban
806,22,wanita,S2,wirausaha,Urban
807,29,pria,D3,freelance,Suburban
808,29,wanita,D3,freelance,Suburban
809,26,pria,S1,freelance,Urban
810,34,pria,SMA,karyawan,Urban
811,21,wanita,S1,freelance,Rural
812,38,wanita,D3,karyawan,Suburban
813,32,wanita,D3,wirausaha,Urban
814,43,pria,S1,freelance,Suburban
815,21,pria,S1,freelance,Suburban
816,26,pria,S1,freelance,Urban
817,26,wanita,S1,freelance,Urban
818,43,pria,S1,karyawan,Urban
819,24,wanita,D3,karyawan,Urban
820,31,wanita,D3,karyawan,Urban
821,21,wanita,S2,karyawan,Suburban
822,21,wanita,D3,freelance,Urban
823,28,wanita,S1,freelance,Urban
824,41,wanita,D3,karyawan,Urban
825,43,pria,S1,wirausaha,Urban
826,23,pria,SMA,karyawan,Suburban
827,32,pria,SMA,karyawan,Urban
828,42,pria,S2,karyawan,Urban
829,26,pria,S1,karyawan,Urban
830,26,pria,S1,wirausaha,Urban
831,37,pria,S1,karyawan,Urban
832,44,pria,SMA,karyawan,Urban
833,29,pria,S1,wirausaha,Urban
834,34,wanita,S1,wirausaha,Urban
835,39,wanita,SMA,freelance,Urban
836,33,wanita,S1,wirausaha,Urban
837,25,pria,D3,karyawan,Suburban
838,29,pria,S1,wirausaha,Urban
839,30,pria,S1,freelance,Urban
840,24,pria,D3,freelance,Urban
841,44,wanita,SMA,karyawan,Urban
842,27,wanita,S1,wirausaha,Urban
843,39,pria,S1,karyawan,Urban
844,37,wanita,S1,karyawan,Rural
845,34,pria,S1,karyawan,Urban
846,37,pria,S1,karyawan,Urban
847,40,wanita,D3,freelance,Urban
848,34,pria,D3,freelance,Rural
849,27,wanita,D3,karyawan,Urban
850,35,wanita,SMA,karyawan,Urban
851,32,pria,S2,karyawan,Urban
852,33,pria,SMA,karyawan,Urban
853,38,wanita,SMA,karyawan,Urban
854,26,wanita,D3,karyawan,Suburban
855,26,pria,D3,wirausaha,Urban
856,26,pria,SMA,karyawan,Urban
857,23,wanita,S1,freelance,Urban
858,27,pria,SMA,wirausaha,Urban
859,32,pria,SMA,karyawan,Urban
860,22,wanita,SMA,karyawan,Urban
861,38,pria,S1,karyawan,Suburban
862,21,wanita,SMA,wirausaha,Urban
863,42,pria,S1,wirausaha,Urban
864,35,pria,D3,karyawan,Urban
865,31,wanita,S1,karyawan,Urban
866,44,pria,SMA,wirausaha,Urban
867,40,pria,D3,karyawan,Urban
868,40,pria,S1,wirausaha,Urban
869,43,wanita,S1,wirausaha,Suburban
870,28,pria,D3,freelance,Suburban
871,32,pria,S1,karyawan,Urban
872,38,wanita,SMA,karyawan,Urban
873,25,pria,S1,freelance,Urban
874,39,wanita,S1,karyawan,Urban
875,35,wanita,S2,karyawan,Urban
876,44,pria,S1,karyawan,Urban
877,37,pria,D3,karyawan,Urban
878,43,pria,D3,karyawan,Urban
879,31,wanita,SMA,wirausaha,Urban
880,26,wanita,S1,wirausaha,Urban
881,38,pria,S1,karyawan,Urban
882,34,wanita,S1,wirausaha,Urban
883,26,pria,D3,karyawan,Urban
884,28,pria,S1,freelance,Urban
885,32,wanita,S1,karyawan,Suburban
886,37,wanita,SMA,wirausaha,Urban
887,44,pria,D3,karyawan,Urban
888,30,pria,S1,freelance,Urban
889,21,wanita,S1,karyawan,Urban
890,35,pria,SMA,karyawan,Urban
891,37,pria,S1,karyawan,Urban
892,28,pria,S1,karyawan,Suburban
893,28,wanita,SMA,wirausaha,Suburban
894,30,pria,S1,karyawan,Urban
895,34,pria,S1,karyawan,Urban
896,35,pria,SMA,karyawan,Urban
897,30,wanita,D3,karyawan,Urban
898,40,wanita,S1,freelance,Suburban
899,33,wanita,SMA,karyawan,Urban
900,39,pria,SMA,karyawan,Urban
901,40,wanita,D3,karyawan,Urban
902,34,pria,S1,karyawan,Urban
903,34,pria,S1,karyawan,Urban
904,28,wanita,S1,freelance,Urban
905,34,wanita,SMA,karyawan,Urban
906,40,pria,D3,freelance,Suburban
907,29,pria,D3,karyawan,Suburban
908,23,wanita,S1,wirausaha,Urban
909,25,pria,SMA,karyawan,Urban
910,44,wanita,SMA,freelance,Urban
911,35,wanita,S1,wirausaha,Urban
912,44,pria,D3,freelance,Urban
913,33,pria,S1,wirausaha,Urban
914,21,pria,SMA,wirausaha,Urban
915,27,pria,S1,karyawan,Urban
916,32,wanita,D3,karyawan,Urban
917,41,pria,S2,wirausaha,Urban
918,32,pria,D3,wirausaha,Suburban
919,24,pria,SMA,karyawan,Suburban
920,21,wanita,S1,wirausaha,Urban
921,24,pria,S2,freelance,Suburban
922,39,pria,D3,freelance,Urban
923,37,pria,S1,karyawan,Suburban
924,29,pria,D3,karyawan,Suburban
925,27,wanita,SMA,freelance,Urban
926,27,wanita,S1,karyawan,Urban
927,38,pria,S1,karyawan,Urban
928,43,pria,S1,karyawan,Urban
929,24,pria,SMA,karyawan,Urban
930,40,pria,S1,karyawan,Urban
931,24,wanita,S1,karyawan,Urban
932,23,wanita,S2,karyawan,Suburban
933,41,pria,D3,freelance,Rural
934,42,wanita,SMA,karyawan,Urban
935,44,wanita,D3,freelance,Urban
936,40,pria,S1,wirausaha,Urban
937,39,wanita,D3,karyawan,Urban
938,41,wanita,S1,freelance,Suburban
939,36,pria,D3,karyawan,Urban
940,23,wanita,SMA,karyawan,Urban
941,42,pria,S1,freelance,Urban
942,23,pria,S1,freelance,Urban
943,36,wanita,S1,wirausaha,Urban
944,43,wanita,S1,karyawan,Suburban
945,31,pria,D3,karyawan,Urban
946,32,pria,S1,karyawan,Urban
947,23,wanita,SMA,wirausaha,Urban
948,25,pria,S1,freelance,Suburban
949,27,wanita,S1,karyawan,Suburban
950,44,pria,D3,karyawan,Urban
951,29,wanita,S1,karyawan,Urban
952,32,pria,D3,freelance,Urban
953,26,pria,S1,karyawan,Urban
954,42,wanita,S1,wirausaha,Suburban
955,37,wanita,D3,wirausaha,Urban
956,42,pria,S2,freelance,Urban
957,41,wanita,S1,freelance,Urban
958,33,pria,S2,freelance,Urban
959,40,pria,D3,karyawan,Urban
960,33,pria,SMA,karyawan,Urban
961,40,pria,S1,wirausaha,Urban
962,34,pria,S1,wirausaha,Urban
963,35,wanita,S1,wirausaha,Urban
964,38,wanita,S2,karyawan,Urban
965,31,pria,SMA,wirausaha,Urban
966,43,wanita,S1,karyawan,Urban
967,31,pria,D3,karyawan,Urban
968,26,pria,D3,karyawan,Urban
969,27,pria,S2,wirausaha,Urban
970,29,wanita,S1,karyawan,Urban
971,22,pria,D3,karyawan,Urban
972,33,wanita,S1,wirausaha,Suburban
973,36,wanita,S1,freelance,Urban
974,44,wanita,D3,freelance,Urban
975,28,wanita,D3,karyawan,Urban
976,29,wanita,S1,karyawan,Urban
977,42,wanita,S1,wirausaha,Urban
978,22,pria,S1,wirausaha,Urban
979,41,wanita,S1,karyawan,Urban
980,38,pria,S2,karyawan,Urban
981,40,pria,D3,wirausaha,Urban
982,32,pria,D3,wirausaha,Suburban
983,41,wanita,S1,karyawan,Urban
984,28,wanita,SMA,wirausaha,Urban
985,30,wanita,S1,karyawan,Urban
986,29,wanita,D3,karyawan,Urban
987,35,pria,D3,karyawan,Urban
988,31,pria,D3,karyawan,Urban
989,41,pria,SMA,karyawan,Urban
990,31,wanita,S1,wirausaha,Suburban
991,26,pria,S1,karyawan,Suburban
992,37,wanita,S1,wirausaha,Urban
993,21,pria,SMA,karyawan,Urban
994,37,pria,D3,karyawan,Urban
995,22,pria,SMA,wirausaha,Urban
996,44,wanita,S1,wirausaha,Urban
997,41,wanita,S1,karyawan,Suburban
998,31,wanita,S2,wirausaha,Urban
999,30,wanita,S1,wirausaha,Rural
1000,23,pria,S1,karyawan,Urban
1001,25,pria,D3,wirausaha,Urban
1002,31,pria,D3,karyawan,Urban
1003,44,pria,D3,wirausaha,Suburban
1004,27,pria,S2,karyawan,Urban
1005,38,wanita,D3,karyawan,Suburban
1006,29,pria,SMA,karyawan,Urban
1007,32,wanita,S1,karyawan,Urban
1008,30,pria,S1,karyawan,Suburban
1009,40,wanita,SMA,freelance,Urban
1010,26,wanita,D3,freelance,Urban
1011,22,pria,D3,wirausaha,Urban
1012,41,wanita,S1,wirausaha,Rural
1013,42,pria,S1,karyawan,Suburban
1014,22,wanita,S1,karyawan,Urban
1015,21,wanita,SMA,freelance,Urban
1016,35,wanita,D3,karyawan,Suburban
1017,34,pria,D3,wirausaha,Urban
1018,31,wanita,S1,karyawan,Urban
1019,23,pria,D3,karyawan,Suburban
1020,22,pria,D3,freelance,Urban
1021,32,wanita,S1,karyawan,Urban
1022,42,wanita,S2,karyawan,Urban
1023,39,wanita,S1,karyawan,Suburban
1024,22,pria,S1,karyawan,Rural
1025,34,pria,S1,wirausaha,Suburban
1026,43,wanita,D3,karyawan,Urban
1027,37,pria,S2,wirausaha,Suburban
1028,29,pria,S1,karyawan,Suburban
1029,35,wanita,S1,karyawan,Urban
1030,21,wanita,S1,karyawan,Suburban
1031,25,wanita,D3,freelance,Urban
1032,27,pria,SMA,wirausaha,Urban
1033,30,pria,D3,karyawan,Urban
1034,41,pria,D3,wirausaha,Urban
1035,23,wanita,S1,freelance,Urban
1036,38,pria,S1,karyawan,Urban
1037,22,wanita,S2,freelance,Urban
1038,29,wanita,S1,karyawan,Urban
1039,31,wanita,S1,wirausaha,Urban
1040,36,wanita,SMA,karyawan,Urban
1041,42,pria,S1,karyawan,Urban
1042,34,pria,S1,freelance,Suburban
1043,24,pria,SMA,karyawan,Urban
1044,30,wanita,D3,karyawan,Urban
1045,36,wanita,S1,karyawan,Suburban
1046,30,pria,S1,karyawan,Urban
1047,27,pria,S2,wirausaha,Urban
1048,38,pria,SMA,freelance,Urban
1049,40,pria,D3,freelance,Suburban
1050,37,wanita,D3,wirausaha,Urban
1051,31,pria,S1,karyawan,Suburban
1052,24,wanita,D3,karyawan,Urban
1053,43,pria,S1,wirausaha,Suburban
1054,30,wanita,S2,karyawan,Suburban
1055,29,wanita,SMA,karyawan,Rural
1056,31,pria,D3,wirausaha,Urban
1057,25,wanita,D3,freelance,Suburban
1058,42,pria,S1,karyawan,Urban
1059,27,pria,SMA,karyawan,Urban
1060,29,wanita,D3,freelance,Urban
1061,31,pria,S1,freelance,Suburban
1062,31,pria,S1,karyawan,Rural
1063,36,wanita,D3,karyawan,Suburban
1064,28,pria,S2,freelance,Urban
1065,41,wanita,D3,wirausaha,Urban
1066,28,wanita,S1,wirausaha,Urban
1067,22,pria,S1,wirausaha,Urban
1068,37,wanita,S1,wirausaha,Urban
1069,40,pria,D3,wirausaha,Urban
1070,22,wanita,D3,freelance,Urban
1071,39,pria,D3,karyawan,Urban
1072,33,wanita,SMA,karyawan,Urban
1073,43,pria,S1,wirausaha,Urban
1074,30,pria,S1,karyawan,Urban
1075,34,pria,S1,wirausaha,Rural
1076,25,wanita,S1,karyawan,Urban
1077,23,pria,S1,karyawan,Urban
1078,22,pria,S1,karyawan,Urban
1079,29,wanita,S1,karyawan,Urban
1080,27,pria,SMA,karyawan,Suburban
1081,24,pria,D3,karyawan,Suburban
1082,23,wanita,SMA,karyawan,Urban
1083,34,pria,S1,wirausaha,Urban
1084,30,pria,SMA,wirausaha,Suburban
1085,39,pria,SMA,wirausaha,Suburban
1086,39,pria,S1,karyawan,Urban
1087,37,wanita,S1,wirausaha,Urban
1088,30,pria,D3,wirausaha,Urban
1089,44,wanita,SMA,karyawan,Rural
1090,27,pria,S2,freelance,Urban
1091,40,pria,SMA,freelance,Suburban
1092,22,pria,S1,wirausaha,Urban
1093,27,wanita,D3,freelance,Urban
1094,28,pria,SMA,karyawan,Urban
1095,35,pria,S1,karyawan,Urban
1096,37,wanita,SMA,freelance,Urban
1097,34,wanita,D3,karyawan,Urban
1098,28,pria,S1,wirausaha,Urban
1099,35,pria,D3,karyawan,Suburban
1100,32,wanita,S1,karyawan,Urban
1101,38,wanita,D3,karyawan,Urban
1102,35,pria,S1,karyawan,Rural
1103,26,pria,S1,wirausaha,Suburban
1104,44,pria,S1,karyawan,Suburban
1105,28,wanita,D3,karyawan,Rural
1106,34,wanita,S2,wirausaha,Urban
1107,38,wanita,S1,wirausaha,Urban
1108,38,pria,SMA,wirausaha,Suburban
1109,30,wanita,S2,karyawan,Urban
1110,25,pria,S1,karyawan,Urban
1111,23,pria,S1,karyawan,Suburban
1112,44,wanita,D3,karyawan,Urban
1113,44,pria,D3,karyawan,Urban
1114,28,pria,S1,wirausaha,Urban
1115,44,pria,S1,karyawan,Urban
1116,44,wanita,S2,karyawan,Urban
1117,41,wanita,S2,karyawan,Urban
1118,33,pria,S1,karyawan,Suburban
1119,32,pria,SMA,freelance,Urban
1120,27,pria,S1,freelance,Urban
1121,21,wanita,D3,freelance,Suburban
1122,21,pria,S1,wirausaha,Rural
1123,44,wanita,D3,freelance,Suburban
1124,25,pria,S1,karyawan,Suburban
1125,32,pria,S1,karyawan,Urban
1126,24,pria,S2,karyawan,Urban
1127,27,wanita,S1,karyawan,Urban
1128,33,wanita,SMA,wirausaha,Urban
1129,36,pria,SMA,karyawan,Urban
1130,28,pria,S1,karyawan,Urban
1131,35,pria,S1,freelance,Urban
1132,43,pria,SMA,freelance,Urban
1133,30,pria,S1,karyawan,Urban
1134,37,wanita,S1,karyawan,Urban
1135,31,wanita,S1,karyawan,Urban
1136,41,pria,S1,freelance,Urban
1137,36,pria,S1,karyawan,Suburban
1138,35,wanita,S1,karyawan,Urban
1139,21,pria,S1,freelance,Urban
1140,26,pria,SMA,karyawan,Urban
1141,27,pria,S1,freelance,Suburban
1142,31,pria,S1,wirausaha,Urban
1143,25,wanita,S2,karyawan,Urban
1144,22,pria,S1,wirausaha,Urban
1145,35,pria,D3,karyawan,Urban
1146,28,wanita,S2,karyawan,Suburban
1147,21,wanita,D3,wirausaha,Suburban
1148,44,pria,S1,karyawan,Urban
1149,21,wanita,SMA,karyawan,Suburban
1150,34,wanita,S1,wirausaha,Suburban
1151,35,pria,S1,wirausaha,Urban
1152,31,pria,S1,karyawan,Suburban
1153,25,wanita,D3,wirausaha,Urban
1154,27,wanita,S1,karyawan,Urban
1155,42,wanita,S1,karyawan,Urban
1156,22,pria,SMA,karyawan,Suburban
1157,23,pria,SMA,karyawan,Urban
1158,26,wanita,S2,karyawan,Suburban
1159,23,pria,S1,karyawan,Suburban
1160,21,wanita,SMA,freelance,Urban
1161,22,pria,S2,wirausaha,Suburban
1162,29,pria,S1,karyawan,Urban
1163,31,pria,S1,wirausaha,Urban
1164,23,wanita,S1,karyawan,Urban
1165,39,pria,S1,karyawan,Urban
1166,25,wanita,S1,wirausaha,Suburban
1167,37,pria,SMA,karyawan,Suburban
1168,31,wanita,S2,wirausaha,Urban
1169,21,wanita,S1,wirausaha,Urban
1170,21,wanita,D3,karyawan,Urban
1171,34,wanita,D3,freelance,Urban
1172,33,pria,S1,karyawan,Rural
1173,40,pria,S1,wirausaha,Urban
1174,33,wanita,SMA,karyawan,Urban
1175,29,wanita,S2,wirausaha,Urban
1176,41,pria,S1,karyawan,Urban
1177,28,pria,S2,karyawan,Suburban
1178,31,pria,D3,karyawan,Urban
1179,23,wanita,SMA,wirausaha,Suburban
1180,36,wanita,S2,wirausaha,Urban
1181,40,wanita,S1,freelance,Rural
1182,41,pria,SMA,wirausaha,Urban
1183,32,pria,S1,karyawan,Urban
1184,22,pria,SMA,karyawan,Suburban
1185,39,wanita,D3,karyawan,Urban
1186,21,pria,S1,karyawan,Suburban
1187,43,pria,S1,karyawan,Urban
1188,36,pria,S1,freelance,Urban
1189,26,wanita,S1,karyawan,Urban
1190,31,wanita,S1,wirausaha,Urban
1191,22,pria,S1,karyawan,Urban
1192,29,wanita,S1,karyawan,Urban
1193,39,pria,S1,karyawan,Urban
1194,39,wanita,SMA,wirausaha,Urban
1195,33,pria,S1,karyawan,Urban
1196,21,wanita,S1,freelance,Suburban
1197,30,wanita,SMA,karyawan,Rural
1198,35,pria,D3,karyawan,Rural
1199,27,pria,S2,wirausaha,Urban
1200,21,pria,D3,karyawan,Urban
1201,44,wanita,S1,freelance,Suburban
1202,38,pria,S1,karyawan,Urban
1203,23,pria,S1,freelance,Urban
1204,35,wanita,SMA,karyawan,Urban
1205,35,wanita,S1,wirausaha,Urban
1206,36,wanita,SMA,karyawan,Suburban
1207,30,wanita,D3,karyawan,Urban
1208,44,wanita,D3,karyawan,Urban
1209,42,pria,S1,karyawan,Urban
1210,43,pria,S1,karyawan,Rural
1211,21,wanita,D3,freelance,Urban
1212,37,wanita,S1,wirausaha,Urban
1213,31,pria,S1,karyawan,Urban
1214,22,pria,S1,karyawan,Suburban
1215,26,pria,S1,wirausaha,Urban
1216,32,wanita,SMA,freelance,Urban
1217,43,wanita,S1,karyawan,Urban
1218,38,pria,S1,wirausaha,Urban
1219,23,pria,SMA,wirausaha,Urban
1220,33,pria,SMA,freelance,Urban
1221,33,pria,S1,wirausaha,Rural
1222,22,pria,SMA,wirausaha,Urban
1223,22,pria,D3,freelance,Urban
1224,21,pria,S1,karyawan,Suburban
1225,33,pria,SMA,karyawan,Urban
1226,36,pria,SMA,karyawan,Urban
1227,21,wanita,SMA,karyawan,Urban
1228,44,wanita,S1,karyawan,Urban
1229,32,wanita,D3,wirausaha,Rural
1230,38,wanita,S1,karyawan,Urban
1231,34,wanita,S1,karyawan,Suburban
1232,44,pria,S1,karyawan,Urban
1233,29,pria,D3,karyawan,Urban
1234,36,wanita,S1,karyawan,Urban
1235,28,pria,D3,wirausaha,Urban
1236,24,pria,S1,karyawan,Urban
1237,34,pria,S1,wirausaha,Suburban
1238,34,wanita,S1,karyawan,Urban
1239,30,pria,SMA,wirausaha,Rural
1240,21,pria,D3,karyawan,Urban
1241,34,wanita,S1,karyawan,Suburban
1242,39,wanita,S1,karyawan,Suburban
1243,23,pria,S1,freelance,Suburban
1244,42,pria,SMA,freelance,Suburban
1245,26,wanita,SMA,karyawan,Suburban
1246,27,pria,S1,karyawan,Urban
1247,43,pria,S1,wirausaha,Urban
1248,35,pria,S1,karyawan,Urban
1249,33,pria,S1,karyawan,Suburban
1250,30,pria,S2,karyawan,Urban
1251,42,wanita,SMA,karyawan,Suburban
1252,38,wanita,SMA,karyawan,Urban
1253,25,wanita,S1,freelance,Urban
1254,32,pria,S1,karyawan,Urban
1255,33,wanita,S1,wirausaha,Urban
1256,37,wanita,D3,karyawan,Urban
1257,39,pria,S1,karyawan,Urban
1258,24,pria,S1,wirausaha,Urban
1259,35,wanita,SMA,karyawan,Urban
1260,41,wanita,S1,karyawan,Urban
1261,44,wanita,S1,karyawan,Urban
1262,40,wanita,S1,freelance,Suburban
1263,44,pria,S1,freelance,Urban
1264,35,pria,S1,karyawan,Urban
1265,28,wanita,S1,karyawan,Urban
1266,43,pria,S1,wirausaha,Urban
1267,29,pria,D3,karyawan,Urban
1268,34,wanita,S1,karyawan,Urban
1269,29,wanita,S1,karyawan,Urban
1270,31,wanita,S1,freelance,Urban
1271,27,wanita,D3,karyawan,Urban
1272,31,pria,S1,karyawan,Suburban
1273,42,pria,S1,karyawan,Suburban
1274,23,wanita,SMA,wirausaha,Urban
1275,37,pria,SMA,karyawan,Urban
1276,38,wanita,S1,wirausaha,Urban
1277,31,pria,D3,karyawan,Urban
1278,41,wanita,SMA,freelance,Rural
1279,34,wanita,SMA,karyawan,Urban
1280,33,pria,S1,freelance,Urban
1281,34,pria,SMA,wirausaha,Urban
1282,43,wanita,D3,freelance,Urban
1283,42,wanita,S1,karyawan,Urban
1284,30,pria,SMA,karyawan,Urban
1285,32,pria,SMA,karyawan,Urban
1286,43,pria,S1,karyawan,Urban
1287,31,wanita,S1,freelance,Urban
1288,26,pria,S1,wirausaha,Urban
1289,25,wanita,S1,wirausaha,Urban
1290,42,pria,S1,karyawan,Urban
1291,37,pria,D3,karyawan,Urban
1292,41,wanita,S1,wirausaha,Urban
1293,33,pria,S1,wirausaha,Urban
1294,37,pria,D3,karyawan,Urban
1295,41,wanita,S1,wirausaha,Suburban
1296,22,pria,SMA,karyawan,Urban
1297,30,wanita,D3,karyawan,Urban
1298,25,wanita,S2,wirausaha,Urban
1299,24,wanita,S1,wirausaha,Urban
1300,33,pria,SMA,wirausaha,Urban
1301,40,pria,S1,freelance,Urban
1302,42,wanita,D3,freelance,Suburban
1303,28,wanita,SMA,wirausaha,Urban
1304,26,wanita,S1,karyawan,Urban
1305,37,wanita,D3,wirausaha,Urban
1306,31,pria,S1,karyawan,Suburban
1307,24,pria,S1,karyawan,Urban
1308,34,wanita,S1,wirausaha,Suburban
1309,27,wanita,SMA,freelance,Urban
1310,37,pria,D3,karyawan,Suburban
1311,35,wanita,D3,karyawan,Urban
1312,39,wanita,S1,karyawan,Suburban
1313,33,wanita,D3,karyawan,Urban
1314,23,pria,D3,wirausaha,Suburban
1315,30,pria,S1,wirausaha,Urban
1316,28,wanita,SMA,wirausaha,Urban
1317,38,pria,SMA,karyawan,Urban
1318,23,wanita,S1,karyawan,Urban
1319,38,wanita,S1,karyawan,Urban
1320,41,pria,S2,freelance,Urban
1321,32,wanita,D3,karyawan,Urban
1322,44,pria,D3,wirausaha,Urban
1323,28,wanita,SMA,karyawan,Suburban
1324,35,pria,S1,wirausaha,Urban
1325,27,wanita,S1,freelance,Rural
1326,39,pria,S1,wirausaha,Urban
1327,23,pria,S1,karyawan,Urban
1328,25,wanita,S1,wirausaha,Suburban
1329,29,pria,SMA,karyawan,Urban
1330,21,wanita,S1,freelance,Urban
1331,39,wanita,S1,karyawan,Urban
1332,29,wanita,S1,karyawan,Urban
1333,43,wanita,S1,karyawan,Urban
1334,22,wanita,S1,freelance,Rural
1335,38,wanita,S1,freelance,Rural
1336,37,pria,D3,karyawan,Urban
1337,23,pria,S1,karyawan,Urban
1338,24,wanita,D3,freelance,Urban
1339,35,pria,SMA,karyawan,Urban
1340,21,pria,SMA,wirausaha,Urban
1341,34,pria,SMA,karyawan,Urban
1342,33,wanita,S1,karyawan,Urban
1343,36,wanita,S1,karyawan,Suburban
1344,36,pria,S1,wirausaha,Urban
1345,21,wanita,S1,karyawan,Urban
1346,23,pria,D3,wirausaha,Urban
1347,25,wanita,S1,wirausaha,Urban
1348,44,pria,D3,karyawan,Urban
1349,25,pria,S1,karyawan,Rural
1350,32,pria,S1,karyawan,Urban
1351,35,pria,D3,karyawan,Suburban
1352,27,pria,D3,karyawan,Urban
1353,29,wanita,S1,karyawan,Urban
1354,21,pria,S2,wirausaha,Urban
1355,25,wanita,D3,wirausaha,Urban
1356,38,wanita,S1,wirausaha,Suburban
1357,21,pria,SMA,karyawan,Suburban
1358,35,wanita,SMA,wirausaha,Urban
1359,27,wanita,S1,karyawan,Urban
1360,43,wanita,SMA,karyawan,Urban
1361,37,wanita,S2,freelance,Suburban
1362,30,wanita,D3,wirausaha,Urban
1363,27,wanita,D3,karyawan,Urban
1364,36,wanita,D3,karyawan,Urban
1365,26,wanita,D3,freelance,Urban
1366,42,wanita,SMA,karyawan,Urban
1367,32,pria,S1,karyawan,Urban
1368,37,pria,D3,freelance,Suburban
1369,31,wanita,D3,wirausaha,Urban
1370,30,wanita,D3,karyawan,Urban
1371,27,pria,D3,wirausaha,Rural
1372,37,wanita,S1,wirausaha,Urban
1373,32,wanita,S1,freelance,Suburban
1374,25,pria,S1,freelance,Urban
1375,21,wanita,S1,karyawan,Urban
1376,32,wanita,D3,wirausaha,Suburban
1377,21,wanita,S1,wirausaha,Urban
1378,33,pria,SMA,freelance,Urban
1379,32,wanita,S1,freelance,Urban
1380,35,pria,SMA,karyawan,Urban
1381,28,pria,S1,karyawan,Urban
1382,32,pria,S1,karyawan,Urban
1383,41,pria,SMA,wirausaha,Rural
1384,31,wanita,S1,freelance,Urban
1385,25,pria,S1,wirausaha,Urban
1386,23,pria,D3,wirausaha,Urban
1387,31,pria,S2,freelance,Suburban
1388,38,pria,D3,freelance,Urban
1389,30,wanita,D3,freelance,Rural
1390,40,wanita,S1,wirausaha,Urban
1391,21,wanita,D3,freelance,Urban
1392,43,pria,S2,wirausaha,Urban
1393,44,pria,S1,wirausaha,Urban
1394,38,wanita,S1,karyawan,Urban
1395,36,wanita,SMA,karyawan,Urban
1396,21,pria,S1,wirausaha,Suburban
1397,27,wanita,S1,wirausaha,Urban
1398,35,pria,S1,karyawan,Urban
1399,42,wanita,SMA,freelance,Urban
1400,25,pria,S1,freelance,Urban
1401,35,wanita,S1,freelance,Urban
1402,42,pria,S1,karyawan,Urban
1403,33,wanita,S1,karyawan,Urban
1404,26,pria,S2,freelance,Urban
1405,33,pria,D3,wirausaha,Urban
1406,40,pria,SMA,karyawan,Urban
1407,21,pria,S1,karyawan,Suburban
1408,24,wanita,S1,freelance,Suburban
1409,44,pria,SMA,wirausaha,Urban
1410,30,wanita,SMA,karyawan,Suburban
1411,34,wanita,D3,karyawan,Urban
1412,24,wanita,SMA,karyawan,Urban
1413,41,wanita,S1,wirausaha,Urban
1414,39,wanita,D3,karyawan,Urban
1415,26,wanita,SMA,karyawan,Urban
1416,29,wanita,D3,karyawan,Suburban
1417,32,pria,S1,karyawan,Urban
1418,34,wanita,S1,karyawan,Urban
1419,41,pria,SMA,wirausaha,Urban
1420,38,wanita,SMA,karyawan,Suburban
1421,23,wanita,S2,wirausaha,Urban
1422,23,pria,S1,karyawan,Urban
1423,24,wanita,S1,karyawan,Urban
1424,39,wanita,D3,karyawan,Urban
1425,21,pria,S1,karyawan,Rural
1426,35,pria,S1,freelance,Rural
1427,35,pria,D3,freelance,Urban
1428,34,wanita,S1,wirausaha,Rural
1429,27,wanita,S1,karyawan,Urban
1430,24,pria,S2,karyawan,Suburban
1431,31,pria,SMA,freelance,Urban
1432,22,wanita,S1,karyawan,Urban
1433,22,wanita,S2,karyawan,Urban
1434,27,wanita,SMA,karyawan,Urban
1435,40,wanita,D3,karyawan,Urban
1436,35,wanita,SMA,wirausaha,Urban
1437,25,pria,D3,wirausaha,Urban
1438,41,pria,S1,freelance,Urban
1439,42,pria,D3,karyawan,Urban
1440,37,pria,S1,karyawan,Urban
1441,25,pria,S2,karyawan,Rural
1442,21,wanita,SMA,karyawan,Urban
1443,36,wanita,S1,freelance,Urban
1444,35,pria,SMA,wirausaha,Urban
1445,36,pria,S1,karyawan,Suburban
1446,34,pria,D3,karyawan,Urban
1447,27,pria,S1,wirausaha,Urban
1448,23,pria,S2,karyawan,Suburban
1449,22,pria,S1,karyawan,Suburban
1450,43,pria,S2,freelance,Urban
1451,41,pria,S1,karyawan,Urban
1452,24,wanita,SMA,karyawan,Urban
1453,30,pria,D3,karyawan,Suburban
1454,33,pria,D3,freelance,Urban
1455,41,pria,D3,freelance,Urban
1456,27,pria,S1,wirausaha,Suburban
1457,40,wanita,D3,wirausaha,Urban
1458,26,pria,D3,karyawan,Urban
1459,39,pria,SMA,freelance,Urban
1460,32,wanita,S1,karyawan,Urban
1461,38,pria,SMA,karyawan,Urban
1462,24,pria,S1,karyawan,Urban
1463,35,wanita,S1,freelance,Urban
1464,29,wanita,D3,karyawan,Urban
1465,38,pria,SMA,freelance,Rural
1466,23,pria,SMA,karyawan,Urban
1467,39,pria,D3,freelance,Rural
1468,41,pria,S1,karyawan,Urban
1469,25,pria,S1,wirausaha,Suburban
1470,30,wanita,SMA,karyawan,Suburban
1471,31,pria,S1,karyawan,Urban
1472,27,wanita,S1,karyawan,Urban
1473,21,wanita,S1,wirausaha,Suburban
1474,22,pria,S2,karyawan,Urban
1475,25,wanita,S2,karyawan,Urban
1476,25,wanita,S1,wirausaha,Urban
1477,33,pria,S1,karyawan,Suburban
1478,27,wanita,S1,karyawan,Suburban
1479,27,wanita,S1,karyawan,Suburban
1480,39,wanita,SMA,wirausaha,Urban
1481,40,wanita,S2,karyawan,Suburban
1482,22,wanita,S1,karyawan,Urban
1483,32,wanita,S1,karyawan,Urban
1484,31,pria,S1,wirausaha,Urban
1485,36,wanita,D3,freelance,Urban
1486,38,wanita,S1,freelance,Urban
1487,39,wanita,S1,karyawan,Urban
1488,36,wanita,D3,karyawan,Urban
1489,43,wanita,S1,karyawan,Urban
1490,26,pria,D3,wirausaha,Urban
1491,37,pria,S1,wirausaha,Urban
1492,29,wanita,S1,karyawan,Urban
1493,21,wanita,S1,wirausaha,Urban
1494,43,wanita,D3,freelance,Urban
1495,28,pria,D3,karyawan,Urban
1496,26,pria,S1,freelance,Urban
1497,37,wanita,D3,wirausaha,Urban
1498,22,wanita,S2,freelance,Urban
1499,27,wanita,S1,freelance,Urban
1500,34,pria,D3,freelance,Suburban
1501,36,wanita,SMA,karyawan,Urban
1502,25,pria,S1,karyawan,Urban
1503,29,pria,S1,wirausaha,Urban
1504,44,pria,S2,wirausaha,Urban
1505,24,wanita,S1,karyawan,Urban
1506,41,pria,D3,freelance,Urban
1507,34,pria,D3,freelance,Urban
1508,39,pria,S1,karyawan,Urban
1509,38,wanita,SMA,freelance,Urban
1510,32,pria,S1,freelance,Suburban
1511,41,pria,SMA,karyawan,Suburban
1512,24,pria,S1,freelance,Urban
1513,43,wanita,S2,karyawan,Rural
1514,33,wanita,S1,karyawan,Urban
1515,37,wanita,S1,freelance,Urban
1516,42,wanita,S1,wirausaha,Urban
1517,29,wanita,S2,karyawan,Urban
1518,26,pria,S2,freelance,Suburban
1519,29,wanita,SMA,karyawan,Urban
1520,22,pria,D3,karyawan,Suburban
1521,28,pria,S2,karyawan,Urban
1522,36,wanita,D3,karyawan,Suburban
1523,30,wanita,D3,freelance,Urban
1524,29,wanita,SMA,karyawan,Urban
1525,23,pria,S1,wirausaha,Urban
1526,26,wanita,SMA,karyawan,Urban
1527,41,pria,S1,karyawan,Urban
1528,26,wanita,D3,karyawan,Urban
1529,32,wanita,SMA,karyawan,Suburban
1530,31,wanita,D3,wirausaha,Urban
1531,34,wanita,S1,karyawan,Urban
1532,29,wanita,SMA,karyawan,Urban
1533,34,pria,S1,karyawan,Urban
1534,23,wanita,S1,karyawan,Urban
1535,44,pria,SMA,wirausaha,Urban
1536,36,pria,D3,wirausaha,Urban
1537,43,pria,S1,wirausaha,Urban
1538,30,wanita,S2,freelance,Urban
1539,31,pria,S1,karyawan,Urban
1540,29,wanita,S1,freelance,Urban
1541,24,pria,S1,karyawan,Urban
1542,23,pria,S1,wirausaha,Urban
1543,31,wanita,S1,wirausaha,Urban
1544,29,wanita,S1,freelance,Urban
1545,39,wanita,S1,karyawan,Rural
1546,35,wanita,S1,karyawan,Urban
1547,23,pria,S1,karyawan,Suburban
1548,21,wanita,SMA,karyawan,Urban
1549,35,pria,S2,karyawan,Urban
1550,31,wanita,SMA,freelance,Urban
1551,40,pria,S1,karyawan,Rural
1552,27,wanita,D3,karyawan,Urban
1553,44,pria,S1,wirausaha,Suburban
1554,22,pria,SMA,wirausaha,Suburban
1555,27,wanita,D3,karyawan,Urban
1556,24,pria,SMA,wirausaha,Urban
1557,29,wanita,S1,freelance,Urban
1558,40,pria,SMA,wirausaha,Urban
1559,30,wanita,S2,karyawan,Suburban
1560,30,pria,D3,karyawan,Suburban
1561,35,wanita,S1,karyawan,Urban
1562,37,pria,S1,karyawan,Urban
1563,42,pria,S2,freelance,Suburban
1564,24,pria,S1,karyawan,Urban
1565,34,pria,S1,karyawan,Suburban
1566,41,pria,D3,wirausaha,Urban
1567,28,pria,D3,karyawan,Urban
1568,38,wanita,S1,wirausaha,Urban
1569,32,wanita,D3,karyawan,Urban
1570,29,pria,S1,freelance,Urban
1571,32,pria,SMA,freelance,Urban
1572,23,wanita,S1,karyawan,Urban
1573,39,pria,S2,karyawan,Urban
1574,42,pria,S1,freelance,Suburban
1575,34,wanita,S1,karyawan,Urban
1576,25,wanita,S1,karyawan,Urban
1577,32,wanita,SMA,karyawan,Urban
1578,26,pria,D3,karyawan,Urban
1579,25,pria,SMA,karyawan,Urban
1580,44,wanita,S1,karyawan,Urban
1581,29,wanita,S1,freelance,Urban
1582,38,wanita,S2,wirausaha,Urban
1583,44,pria,S1,karyawan,Urban
1584,37,wanita,S1,karyawan,Urban
1585,44,pria,S1,karyawan,Rural
1586,43,wanita,S1,karyawan,Urban
1587,21,pria,S1,freelance,Urban
1588,34,wanita,SMA,freelance,Urban
1589,39,wanita,SMA,freelance,Urban
1590,26,pria,S1,karyawan,Urban
1591,21,wanita,D3,karyawan,Urban
1592,25,pria,D3,karyawan,Rural
1593,26,pria,D3,karyawan,Urban
1594,22,pria,SMA,karyawan,Urban
1595,43,pria,S2,karyawan,Urban
1596,43,wanita,SMA,karyawan,Urban
1597,34,pria,S2,karyawan,Urban
1598,42,pria,S1,karyawan,Urban
1599,26,wanita,S2,karyawan,Urban
1600,34,pria,SMA,karyawan,Suburban
1601,42,pria,D3,karyawan,Urban
1602,33,wanita,S2,wirausaha,Urban
1603,29,pria,S1,karyawan,Urban
1604,31,wanita,S1,wirausaha,Urban
1605,32,pria,S1,freelance,Urban
1606,32,wanita,SMA,freelance,Urban
1607,22,wanita,S1,karyawan,Urban
1608,29,wanita,D3,wirausaha,Suburban
1609,38,pria,D3,karyawan,Urban
1610,33,wanita,S1,karyawan,Urban
1611,23,wanita,SMA,karyawan,Suburban
1612,34,pria,SMA,karyawan,Urban
1613,39,pria,SMA,wirausaha,Urban
1614,24,pria,S1,freelance,Urban
1615,34,wanita,SMA,karyawan,Urban
1616,25,pria,SMA,karyawan,Urban
1617,37,wanita,S1,karyawan,Rural
1618,22,pria,S1,wirausaha,Urban
1619,31,pria,D3,karyawan,Urban
1620,42,wanita,D3,karyawan,Urban
1621,38,pria,S1,karyawan,Urban
1622,31,wanita,SMA,karyawan,Urban
1623,38,wanita,S2,karyawan,Urban
1624,35,wanita,D3,freelance,Rural
1625,24,pria,S1,karyawan,Urban
1626,27,wanita,S2,karyawan,Urban
1627,37,wanita,S1,karyawan,Urban
1628,42,wanita,D3,wirausaha,Urban
1629,22,pria,S2,wirausaha,Urban
1630,26,pria,S1,karyawan,Urban
1631,24,pria,D3,wirausaha,Suburban
1632,43,wanita,S1,karyawan,Urban
1633,35,pria,S1,wirausaha,Urban
1634,36,pria,S1,karyawan,Suburban
1635,21,wanita,SMA,karyawan,Suburban
1636,32,pria,S1,wirausaha,Urban
1637,42,wanita,D3,wirausaha,Urban
1638,39,wanita,D3,karyawan,Urban
1639,43,pria,S1,karyawan,Rural
1640,35,wanita,D3,freelance,Suburban
1641,33,pria,S1,karyawan,Urban
1642,26,wanita,D3,karyawan,Suburban
1643,22,wanita,SMA,karyawan,Urban
1644,25,pria,SMA,freelance,Urban
1645,36,wanita,S1,wirausaha,Urban
1646,43,pria,S1,karyawan,Suburban
1647,32,wanita,SMA,freelance,Urban
1648,35,wanita,S1,karyawan,Suburban
1649,40,pria,S1,karyawan,Suburban
1650,24,pria,S2,karyawan,Urban
1651,31,pria,SMA,wirausaha,Urban
1652,32,pria,D3,karyawan,Urban
1653,30,wanita,SMA,karyawan,Urban
1654,22,wanita,D3,karyawan,Urban
1655,44,pria,D3,karyawan,Urban
1656,36,wanita,S1,karyawan,Suburban
1657,23,wanita,S1,karyawan,Urban
1658,44,wanita,S2,karyawan,Urban
1659,28,wanita,SMA,wirausaha,Urban
1660,37,wanita,S1,wirausaha,Urban
1661,35,wanita,S1,karyawan,Urban
1662,28,wanita,S1,karyawan,Urban
1663,22,wanita,S1,freelance,Suburban
1664,30,wanita,D3,karyawan,Urban
1665,42,pria,SMA,wirausaha,Rural
1666,37,wanita,SMA,wirausaha,Suburban
1667,24,pria,SMA,freelance,Urban
1668,43,wanita,S1,karyawan,Suburban
1669,31,pria,S2,karyawan,Urban
1670,43,wanita,D3,freelance,Suburban
1671,42,pria,S1,wirausaha,Urban
1672,25,wanita,D3,karyawan,Suburban
1673,40,wanita,D3,karyawan,Suburban
1674,27,wanita,S1,karyawan,Suburban
1675,25,pria,S1,karyawan,Suburban
1676,27,pria,D3,wirausaha,Urban
1677,37,pria,S1,karyawan,Urban
1678,43,pria,D3,karyawan,Urban
1679,22,pria,D3,karyawan,Urban
1680,21,pria,D3,wirausaha,Urban
1681,36,wanita,S1,karyawan,Urban
1682,32,pria,SMA,karyawan,Rural
1683,24,pria,S1,karyawan,Urban
1684,40,wanita,S1,karyawan,Suburban
1685,40,pria,S1,karyawan,Urban
1686,36,pria,S1,freelance,Suburban
1687,22,pria,S1,karyawan,Suburban
1688,39,wanita,SMA,karyawan,Urban
1689,33,wanita,S2,freelance,Urban
1690,39,wanita,D3,wirausaha,Suburban
1691,36,wanita,SMA,karyawan,Urban
1692,35,pria,S1,karyawan,Urban
1693,37,wanita,D3,freelance,Urban
1694,28,wanita,S2,karyawan,Urban
1695,44,wanita,S1,karyawan,Urban
1696,23,wanita,SMA,karyawan,Urban
1697,30,pria,D3,karyawan,Urban
1698,27,pria,D3,karyawan,Urban
1699,30,pria,S1,karyawan,Rural
1700,28,pria,SMA,karyawan,Urban
1701,41,pria,D3,freelance,Rural
1702,23,pria,S1,karyawan,Urban
1703,25,wanita,S1,freelance,Urban
1704,37,wanita,S1,karyawan,Urban
1705,31,wanita,S1,karyawan,Urban
1706,41,wanita,SMA,karyawan,Urban
1707,43,pria,S1,karyawan,Urban
1708,35,wanita,S2,freelance,Urban
1709,31,pria,SMA,karyawan,Urban
1710,21,pria,D3,wirausaha,Urban
1711,44,pria,D3,freelance,Urban
1712,33,wanita,SMA,karyawan,Urban
1713,31,wanita,D3,karyawan,Suburban
1714,27,wanita,SMA,wirausaha,Urban
1715,41,pria,S1,karyawan,Urban
1716,21,pria,S1,karyawan,Rural
1717,29,wanita,S1,freelance,Urban
1718,28,wanita,D3,karyawan,Urban
1719,41,wanita,S2,karyawan,Rural
1720,30,wanita,S1,karyawan,Urban
1721,29,wanita,S1,karyawan,Urban
1722,23,pria,D3,karyawan,Urban
1723,42,pria,S1,karyawan,Urban
1724,26,pria,SMA,freelance,Urban
1725,30,wanita,S1,freelance,Urban
1726,29,pria,S1,wirausaha,Urban
1727,31,pria,D3,wirausaha,Urban
1728,44,wanita,S2,karyawan,Rural
1729,41,wanita,S1,karyawan,Suburban
1730,44,pria,D3,wirausaha,Urban
1731,23,wanita,SMA,freelance,Urban
1732,28,wanita,SMA,freelance,Urban
1733,33,wanita,D3,wirausaha,Urban
1734,35,wanita,S1,freelance,Urban
1735,23,wanita,S1,karyawan,Urban
1736,27,wanita,S1,wirausaha,Suburban
1737,39,pria,S1,karyawan,Urban
1738,43,wanita,SMA,freelance,Urban
1739,21,pria,D3,karyawan,Urban
1740,29,wanita,S1,karyawan,Urban
1741,23,wanita,SMA,karyawan,Suburban
1742,36,wanita,SMA,karyawan,Urban
1743,31,pria,D3,karyawan,Suburban
1744,37,wanita,S1,karyawan,Urban
1745,35,pria,S1,freelance,Urban
1746,34,wanita,S1,wirausaha,Urban
1747,29,pria,S2,karyawan,Urban
1748,30,wanita,S1,karyawan,Urban
1749,43,pria,S2,karyawan,Suburban
1750,33,pria,SMA,freelance,Urban
1751,26,pria,D3,freelance,Urban
1752,33,wanita,S1,karyawan,Urban
1753,33,pria,SMA,wirausaha,Urban
1754,33,wanita,SMA,freelance,Urban
1755,34,pria,D3,wirausaha,Rural
1756,38,pria,S2,karyawan,Suburban
1757,43,pria,SMA,karyawan,Rural
1758,25,wanita,S2,karyawan,Urban
1759,27,wanita,S1,karyawan,Urban
1760,42,pria,S1,freelance,Urban
1761,43,pria,SMA,wirausaha,Urban
1762,43,pria,S1,karyawan,Suburban
1763,40,pria,D3,freelance,Urban
1764,44,wanita,S1,karyawan,Urban
1765,21,pria,S1,karyawan,Urban
1766,33,wanita,S2,karyawan,Urban
1767,37,pria,SMA,wirausaha,Urban
1768,22,wanita,S2,freelance,Urban
1769,33,wanita,D3,wirausaha,Urban
1770,44,wanita,S1,karyawan,Urban
1771,36,wanita,S1,wirausaha,Urban
1772,44,pria,S1,freelance,Suburban
1773,34,pria,S2,wirausaha,Suburban
1774,27,pria,S2,karyawan,Rural
1775,40,pria,S1,wirausaha,Suburban
1776,22,pria,S1,karyawan,Urban
1777,38,wanita,D3,karyawan,Urban
1778,32,wanita,D3,freelance,Urban
1779,42,wanita,D3,karyawan,Urban
1780,41,pria,S1,karyawan,Suburban
1781,27,pria,S1,wirausaha,Urban
1782,39,pria,S1,wirausaha,Suburban
1783,26,wanita,S1,karyawan,Urban
1784,29,wanita,S1,karyawan,Urban
1785,40,pria,SMA,karyawan,Urban
1786,24,pria,S1,karyawan,Suburban
1787,40,pria,S1,karyawan,Urban
1788,23,pria,S2,freelance,Urban
1789,29,wanita,S2,freelance,Urban
1790,25,pria,D3,karyawan,Urban
1791,24,pria,S1,freelance,Urban
1792,39,pria,S1,karyawan,Urban
1793,25,wanita,D3,karyawan,Urban
1794,36,pria,S1,wirausaha,Urban
1795,41,pria,D3,wirausaha,Urban
1796,42,pria,SMA,karyawan,Urban
1797,36,pria,S1,freelance,Urban
1798,41,wanita,S1,wirausaha,Urban
1799,44,pria,D3,freelance,Urban
1800,22,wanita,D3,karyawan,Urban
1801,25,pria,SMA,wirausaha,Rural
1802,36,pria,D3,karyawan,Urban
1803,22,wanita,S2,freelance,Urban
1804,33,wanita,S2,karyawan,Urban
1805,39,pria,S1,wirausaha,Urban
1806,34,wanita,SMA,karyawan,Suburban
1807,41,wanita,S1,freelance,Urban
1808,24,wanita,S1,karyawan,Urban
1809,30,pria,S2,karyawan,Urban
1810,30,wanita,S1,freelance,Urban
1811,34,pria,S1,karyawan,Urban
1812,36,wanita,S1,karyawan,Suburban
1813,43,wanita,S1,karyawan,Urban
1814,31,pria,D3,karyawan,Urban
1815,21,wanita,SMA,wirausaha,Urban
1816,42,wanita,S1,karyawan,Rural
1817,41,pria,S2,karyawan,Urban
1818,38,wanita,S1,karyawan,Suburban
1819,40,wanita,S1,wirausaha,Urban
1820,31,pria,S1,karyawan,Urban
1821,22,wanita,S1,karyawan,Urban
1822,29,pria,S2,wirausaha,Urban
1823,31,pria,S2,wirausaha,Urban
1824,27,pria,S1,karyawan,Suburban
1825,35,wanita,D3,karyawan,Urban
1826,40,pria,D3,karyawan,Urban
1827,36,pria,S1,freelance,Urban
1828,25,wanita,D3,freelance,Rural
1829,41,pria,S2,wirausaha,Suburban
1830,35,wanita,S1,karyawan,Urban
1831,26,pria,SMA,wirausaha,Rural
1832,37,wanita,D3,freelance,Urban
1833,43,pria,D3,freelance,Urban
1834,32,pria,SMA,freelance,Urban
1835,39,wanita,S1,karyawan,Suburban
1836,30,pria,SMA,karyawan,Urban
1837,44,pria,D3,karyawan,Urban
1838,33,pria,S1,karyawan,Urban
1839,21,pria,SMA,karyawan,Suburban
1840,25,pria,S1,karyawan,Urban
1841,29,wanita,SMA,freelance,Urban
1842,35,pria,S1,karyawan,Urban
1843,37,wanita,S2,karyawan,Urban
1844,21,pria,SMA,karyawan,Urban
1845,44,wanita,SMA,freelance,Suburban
1846,25,pria,SMA,freelance,Urban
1847,41,pria,D3,karyawan,Urban
1848,26,pria,S1,karyawan,Urban
1849,27,wanita,S1,karyawan,Suburban
1850,31,pria,D3,freelance,Urban
1851,38,wanita,S1,karyawan,Urban
1852,42,wanita,D3,karyawan,Suburban
1853,29,pria,D3,karyawan,Suburban
1854,34,wanita,D3,freelance,Suburban
1855,30,pria,D3,freelance,Suburban
1856,37,pria,S1,freelance,Urban
1857,26,pria,D3,karyawan,Suburban
1858,27,wanita,D3,karyawan,Urban
1859,25,pria,D3,wirausaha,Suburban
1860,23,pria,D3,karyawan,Urban
1861,43,wanita,D3,karyawan,Suburban
1862,37,wanita,D3,freelance,Urban
1863,27,pria,S2,freelance,Urban
1864,21,wanita,D3,karyawan,Urban
1865,35,pria,D3,karyawan,Rural
1866,26,pria,S2,wirausaha,Suburban
1867,37,pria,SMA,wirausaha,Urban
1868,43,pria,S1,karyawan,Urban
1869,31,pria,S1,freelance,Urban
1870,40,pria,SMA,karyawan,Urban
1871,31,wanita,S1,wirausaha,Suburban
1872,41,wanita,S1,karyawan,Urban
1873,37,pria,S1,karyawan,Urban
1874,31,pria,SMA,wirausaha,Suburban
1875,44,pria,SMA,freelance,Urban
1876,34,wanita,SMA,karyawan,Urban
1877,33,wanita,S2,freelance,Urban
1878,24,pria,S1,karyawan,Urban
1879,36,pria,S1,karyawan,Urban
1880,25,pria,S1,karyawan,Urban
1881,21,wanita,D3,freelance,Urban
1882,34,pria,D3,karyawan,Suburban
1883,33,wanita,D3,karyawan,Urban
1884,37,wanita,S1,freelance,Suburban
1885,35,pria,S1,wirausaha,Urban
1886,27,pria,S1,karyawan,Urban
1887,36,wanita,S1,freelance,Urban
1888,26,pria,SMA,freelance,Urban
1889,42,wanita,SMA,karyawan,Urban
1890,43,pria,S1,wirausaha,Rural
1891,25,wanita,D3,karyawan,Urban
1892,24,wanita,S1,wirausaha,Urban
1893,29,pria,D3,wirausaha,Suburban
1894,31,wanita,D3,wirausaha,Urban
1895,33,pria,SMA,karyawan,Urban
1896,23,pria,S1,wirausaha,Urban
1897,21,wanita,SMA,karyawan,Urban
1898,24,pria,D3,karyawan,Urban
1899,35,pria,SMA,karyawan,Urban
1900,24,wanita,D3,karyawan,Suburban
1901,21,wanita,S2,karyawan,Urban
1902,31,pria,S2,wirausaha,Urban
1903,22,wanita,SMA,wirausaha,Suburban
1904,27,wanita,S2,freelance,Urban
1905,35,pria,S1,freelance,Urban
1906,27,pria,S1,karyawan,Urban
1907,28,wanita,S1,freelance,Rural
1908,37,pria,D3,karyawan,Urban
1909,23,wanita,S1,karyawan,Urban
1910,32,pria,SMA,karyawan,Urban
1911,26,wanita,SMA,karyawan,Urban
1912,34,wanita,S2,karyawan,Suburban
1913,21,wanita,S1,wirausaha,Rural
1914,27,pria,D3,karyawan,Urban
1915,26,wanita,SMA,karyawan,Urban
1916,21,wanita,S2,wirausaha,Urban
1917,35,pria,SMA,wirausaha,Suburban
1918,36,pria,SMA,freelance,Urban
1919,32,pria,D3,wirausaha,Urban
1920,29,pria,S1,karyawan,Urban
1921,37,pria,S1,karyawan,Urban
1922,25,wanita,S1,karyawan,Urban
1923,21,wanita,S1,wirausaha,Urban
1924,40,pria,SMA,wirausaha,Urban
1925,25,pria,D3,wirausaha,Suburban
1926,35,wanita,SMA,karyawan,Urban
1927,37,wanita,D3,freelance,Urban
1928,21,pria,SMA,wirausaha,Urban
1929,30,wanita,S1,karyawan,Urban
1930,43,pria,S1,karyawan,Urban
1931,26,pria,S1,wirausaha,Urban
1932,38,pria,S2,wirausaha,Urban
1933,26,pria,D3,karyawan,Urban
1934,24,wanita,S2,karyawan,Urban
1935,26,pria,SMA,freelance,Urban
1936,27,pria,S1,karyawan,Suburban
1937,35,pria,D3,freelance,Urban
1938,41,pria,SMA,karyawan,Suburban
1939,44,wanita,S1,karyawan,Urban
1940,36,pria,S1,karyawan,Urban
1941,26,wanita,S2,karyawan,Urban
1942,33,pria,D3,karyawan,Urban
1943,28,pria,S1,karyawan,Suburban
1944,21,pria,S2,wirausaha,Urban
1945,23,wanita,S1,karyawan,Suburban
1946,35,wanita,D3,karyawan,Urban
1947,34,pria,D3,karyawan,Urban
1948,43,pria,S2,karyawan,Urban
1949,28,pria,S1,freelance,Urban
1950,40,wanita,S2,karyawan,Urban
1951,34,pria,D3,karyawan,Urban
1952,31,pria,S1,freelance,Urban
1953,42,pria,S1,karyawan,Urban
1954,40,wanita,SMA,karyawan,Urban
1955,22,pria,S1,karyawan,Rural
1956,22,pria,S1,freelance,Suburban
1957,37,pria,SMA,wirausaha,Urban
1958,35,wanita,D3,wirausaha,Urban
1959,21,pria,S2,karyawan,Urban
1960,35,wanita,D3,karyawan,Suburban
1961,25,pria,D3,wirausaha,Urban
1962,22,wanita,D3,karyawan,Urban
1963,25,wanita,D3,wirausaha,Suburban
1964,28,wanita,D3,karyawan,Urban
1965,33,pria,S1,karyawan,Urban
1966,28,pria,D3,karyawan,Urban
1967,24,wanita,S1,karyawan,Urban
1968,31,wanita,D3,karyawan,Urban
1969,32,pria,SMA,karyawan,Urban
1970,24,wanita,S1,karyawan,Urban
1971,32,wanita,SMA,karyawan,Urban
1972,39,pria,S1,karyawan,Suburban
1973,42,wanita,S1,freelance,Urban
1974,44,pria,S1,karyawan,Urban
1975,26,pria,S1,karyawan,Urban
1976,29,wanita,S1,karyawan,Suburban
1977,40,pria,SMA,wirausaha,Urban
1978,38,wanita,D3,freelance,Urban
1979,35,wanita,SMA,wirausaha,Suburban
1980,39,wanita,S1,freelance,Suburban
1981,28,pria,S1,karyawan,Urban
1982,25,pria,S1,freelance,Suburban
1983,31,pria,S1,wirausaha,Urban
1984,26,pria,S1,karyawan,Urban
1985,30,wanita,S1,freelance,Urban
1986,31,pria,D3,wirausaha,Urban
1987,39,wanita,D3,karyawan,Urban
1988,32,wanita,D3,wirausaha,Urban
1989,37,pria,S1,karyawan,Urban
1990,28,wanita,D3,karyawan,Urban
1991,41,pria,D3,wirausaha,Suburban
1992,39,pria,S1,freelance,Urban
1993,31,wanita,D3,freelance,Urban
1994,39,wanita,S1,wirausaha,Urban
1995,40,wanita,D3,karyawan,Suburban
1996,22,wanita,D3,karyawan,Urban
1997,26,wanita,D3,karyawan,Rural
1998,29,pria,S1,freelance,Urban
1999,36,wanita,D3,karyawan,Urban
2000,38,wanita,S2,karyawan,Urban
2001,40,pria,S1,wirausaha,Urban
2002,29,wanita,SMA,wirausaha,Urban
2003,23,wanita,S1,karyawan,Suburban
2004,28,wanita,S1,karyawan,Urban
2005,26,pria,D3,karyawan,Urban
2006,38,pria,D3,freelance,Suburban
2007,32,wanita,S1,freelance,Urban
2008,44,pria,S1,wirausaha,Suburban
2009,36,wanita,S1,wirausaha,Urban
2010,39,pria,SMA,karyawan,Urban
2011,21,pria,SMA,karyawan,Urban
2012,21,pria,S1,wirausaha,Urban
2013,26,wanita,D3,karyawan,Suburban
2014,42,pria,D3,wirausaha,Urban
2015,29,wanita,S1,freelance,Urban
2016,30,wanita,SMA,wirausaha,Urban
2017,32,wanita,S1,karyawan,Urban
2018,41,pria,S1,freelance,Suburban
2019,37,wanita,D3,karyawan,Urban
2020,40,wanita,SMA,karyawan,Urban
2021,40,wanita,D3,wirausaha,Rural
2022,42,wanita,D3,karyawan,Urban
2023,33,pria,SMA,karyawan,Suburban
2024,30,pria,S1,wirausaha,Urban
2025,37,wanita,D3,karyawan,Urban
2026,39,pria,S2,karyawan,Urban
2027,37,wanita,SMA,wirausaha,Urban
2028,31,wanita,S1,wirausaha,Rural
2029,33,wanita,S1,wirausaha,Urban
2030,34,wanita,S1,wirausaha,Urban
2031,39,wanita,S1,wirausaha,Urban
2032,31,pria,SMA,karyawan,Urban
2033,40,pria,S1,wirausaha,Urban
2034,28,wanita,S1,karyawan,Rural
2035,43,wanita,S2,wirausaha,Urban
2036,24,pria,S1,karyawan,Urban
2037,35,pria,SMA,wirausaha,Urban
2038,42,pria,S2,freelance,Urban
2039,39,wanita,S1,freelance,Urban
2040,44,pria,S2,karyawan,Urban
2041,43,pria,SMA,freelance,Suburban
2042,39,wanita,S1,karyawan,Urban
2043,23,pria,S1,karyawan,Urban
2044,39,pria,SMA,wirausaha,Urban
2045,33,pria,SMA,karyawan,Suburban
2046,21,pria,D3,karyawan,Urban
2047,44,wanita,SMA,karyawan,Urban
2048,26,pria,S1,karyawan,Urban
2049,23,pria,D3,karyawan,Urban
2050,21,wanita,S2,freelance,Urban
2051,33,pria,S1,karyawan,Urban
2052,37,pria,S1,karyawan,Urban
2053,22,wanita,D3,karyawan,Urban
2054,39,wanita,D3,freelance,Suburban
2055,27,wanita,S1,wirausaha,Suburban
2056,35,pria,S1,karyawan,Urban
2057,21,pria,S2,karyawan,Urban
2058,38,wanita,S1,karyawan,Urban
2059,22,pria,S1,wirausaha,Urban
2060,21,wanita,D3,freelance,Urban
2061,37,pria,D3,karyawan,Urban
2062,27,pria,D3,karyawan,Urban
2063,30,wanita,S1,wirausaha,Suburban
2064,32,wanita,S1,freelance,Urban
2065,33,pria,S1,karyawan,Urban
2066,28,wanita,S1,freelance,Suburban
2067,29,pria,D3,karyawan,Urban
2068,29,wanita,S1,wirausaha,Urban
2069,24,pria,S2,karyawan,Urban
2070,37,pria,S1,wirausaha,Urban
2071,37,wanita,D3,karyawan,Suburban
2072,39,wanita,S1,karyawan,Urban
2073,39,wanita,S2,karyawan,Urban
2074,36,pria,S1,wirausaha,Suburban
2075,23,wanita,S1,karyawan,Suburban
2076,21,pria,S1,freelance,Suburban
2077,25,pria,S1,wirausaha,Urban
2078,30,wanita,SMA,karyawan,Urban
2079,38,pria,D3,wirausaha,Rural
2080,38,pria,S1,karyawan,Suburban
2081,41,wanita,S1,wirausaha,Urban
2082,44,wanita,S1,karyawan,Urban
2083,36,pria,D3,karyawan,Urban
2084,30,wanita,SMA,wirausaha,Suburban
2085,23,pria,SMA,freelance,Urban
2086,37,wanita,SMA,karyawan,Urban
2087,21,pria,D3,karyawan,Urban
2088,39,pria,SMA,karyawan,Urban
2089,27,pria,D3,karyawan,Suburban
2090,28,wanita,S1,freelance,Urban
2091,42,wanita,S1,karyawan,Suburban
2092,27,pria,S1,wirausaha,Rural
2093,21,wanita,S1,freelance,Urban
2094,25,wanita,D3,wirausaha,Urban
2095,33,wanita,SMA,karyawan,Urban
2096,30,wanita,SMA,freelance,Suburban
2097,34,pria,S2,wirausaha,Urban
2098,27,pria,S2,freelance,Urban
2099,24,pria,D3,wirausaha,Suburban
2100,34,wanita,D3,freelance,Urban
2101,36,wanita,S1,freelance,Suburban
2102,30,wanita,SMA,karyawan,Urban
2103,24,pria,SMA,wirausaha,Urban
2104,34,pria,SMA,karyawan,Urban
2105,35,pria,S1,karyawan,Suburban
2106,23,wanita,SMA,wirausaha,Urban
2107,22,wanita,SMA,karyawan,Suburban
2108,34,pria,S1,wirausaha,Suburban
2109,33,wanita,S1,karyawan,Urban
2110,44,pria,S1,freelance,Rural
2111,43,pria,S2,wirausaha,Urban
2112,41,wanita,S1,freelance,Urban
2113,39,pria,S1,karyawan,Urban
2114,36,pria,D3,wirausaha,Suburban
2115,23,pria,S1,freelance,Urban
2116,22,pria,D3,karyawan,Urban
2117,41,wanita,S1,wirausaha,Urban
2118,28,pria,S1,karyawan,Urban
2119,21,wanita,D3,freelance,Urban
2120,37,wanita,S1,karyawan,Suburban
2121,32,pria,S1,wirausaha,Suburban
2122,34,wanita,S2,karyawan,Urban
2123,34,wanita,S2,freelance,Rural
2124,37,wanita,D3,karyawan,Urban
2125,26,pria,S1,karyawan,Rural
2126,23,pria,S1,karyawan,Urban
2127,26,pria,D3,freelance,Urban
2128,44,pria,D3,karyawan,Urban
2129,26,wanita,S2,karyawan,Suburban
2130,24,pria,SMA,karyawan,Urban
2131,27,pria,S1,karyawan,Urban
2132,24,wanita,S1,karyawan,Urban
2133,38,wanita,S1,freelance,Urban
2134,23,wanita,S1,karyawan,Urban
2135,23,pria,S1,freelance,Urban
2136,35,pria,S2,karyawan,Suburban
2137,39,pria,S1,karyawan,Urban
2138,31,pria,D3,freelance,Urban
2139,35,pria,S1,karyawan,Urban
2140,25,wanita,S1,karyawan,Suburban
2141,43,pria,D3,karyawan,Suburban
2142,42,wanita,D3,karyawan,Urban
2143,27,wanita,SMA,karyawan,Urban
2144,21,pria,S1,karyawan,Urban
2145,42,pria,S1,karyawan,Urban
2146,41,pria,S1,freelance,Suburban
2147,22,pria,D3,wirausaha,Urban
2148,27,pria,S1,karyawan,Urban
2149,40,wanita,S1,wirausaha,Urban
2150,28,wanita,D3,karyawan,Suburban
2151,31,pria,S1,wirausaha,Urban
2152,43,wanita,S1,freelance,Urban
2153,36,wanita,S2,wirausaha,Urban
2154,34,wanita,D3,karyawan,Suburban
2155,39,pria,S2,karyawan,Urban
2156,25,pria,S1,wirausaha,Urban
2157,23,pria,S1,karyawan,Urban
2158,24,pria,S1,karyawan,Urban
2159,31,wanita,SMA,karyawan,Urban
2160,28,pria,S1,freelance,Urban
2161,21,wanita,SMA,freelance,Urban
2162,42,pria,S1,freelance,Urban
2163,35,wanita,SMA,karyawan,Urban
2164,32,pria,S2,wirausaha,Suburban
2165,44,wanita,SMA,karyawan,Urban
2166,27,wanita,S2,freelance,Rural
2167,44,wanita,S1,karyawan,Urban
2168,34,pria,S1,karyawan,Urban
2169,33,pria,D3,wirausaha,Urban
2170,30,wanita,D3,karyawan,Urban
2171,21,pria,SMA,karyawan,Urban
2172,39,wanita,S1,karyawan,Urban
2173,25,wanita,D3,karyawan,Urban
2174,22,pria,S1,karyawan,Suburban
2175,33,wanita,SMA,karyawan,Urban
2176,35,wanita,SMA,karyawan,Suburban
2177,31,wanita,D3,karyawan,Urban
2178,41,pria,SMA,karyawan,Urban
2179,28,pria,S1,freelance,Urban
2180,39,wanita,SMA,karyawan,Urban
2181,34,wanita,S1,karyawan,Urban
2182,32,wanita,S1,karyawan,Urban
2183,25,wanita,S1,wirausaha,Urban
2184,37,wanita,D3,wirausaha,Urban
2185,31,wanita,S1,freelance,Urban
2186,42,wanita,S1,karyawan,Suburban
2187,32,wanita,D3,wirausaha,Suburban
2188,21,wanita,SMA,karyawan,Suburban
2189,37,pria,D3,karyawan,Suburban
2190,27,wanita,S1,freelance,Urban
2191,32,wanita,S1,karyawan,Urban
2192,44,wanita,D3,karyawan,Suburban
2193,36,pria,S1,freelance,Urban
2194,32,wanita,D3,freelance,Urban
2195,22,pria,SMA,karyawan,Urban
2196,39,pria,S1,karyawan,Urban
2197,35,pria,S1,karyawan,Urban
2198,34,pria,D3,wirausaha,Suburban
2199,28,wanita,D3,freelance,Urban
2200,26,pria,S1,freelance,Urban
2201,42,pria,S1,freelance,Rural
2202,26,wanita,D3,freelance,Urban
2203,25,pria,D3,freelance,Urban
2204,34,pria,D3,freelance,Urban
2205,24,pria,S1,freelance,Urban
2206,35,wanita,S1,karyawan,Suburban
2207,23,pria,D3,karyawan,Urban
2208,44,wanita,S1,karyawan,Suburban
2209,39,pria,S2,karyawan,Urban
2210,44,pria,D3,karyawan,Suburban
2211,37,pria,D3,freelance,Suburban
2212,32,wanita,S1,freelance,Suburban
2213,38,pria,S1,karyawan,Urban
2214,38,wanita,SMA,wirausaha,Rural
2215,38,pria,D3,freelance,Urban
2216,35,pria,SMA,karyawan,Urban
2217,32,pria,S1,freelance,Suburban
2218,41,pria,S2,karyawan,Urban
2219,36,pria,SMA,karyawan,Suburban
2220,22,pria,D3,freelance,Urban
2221,33,pria,S1,karyawan,Urban
2222,39,wanita,S1,karyawan,Urban
2223,41,wanita,S1,karyawan,Urban
2224,35,pria,D3,freelance,Urban
2225,27,wanita,SMA,wirausaha,Urban
2226,28,pria,D3,freelance,Urban
2227,34,wanita,S1,karyawan,Urban
2228,37,pria,D3,karyawan,Urban
2229,22,pria,S1,karyawan,Urban
2230,38,wanita,S1,freelance,Urban
2231,43,wanita,SMA,karyawan,Urban
2232,41,wanita,SMA,freelance,Urban
2233,25,wanita,D3,karyawan,Suburban
2234,26,pria,S1,karyawan,Suburban
2235,42,pria,S2,karyawan,Urban
2236,39,pria,SMA,karyawan,Urban
2237,41,pria,S1,freelance,Suburban
2238,34,wanita,S1,wirausaha,Urban
2239,33,wanita,D3,karyawan,Urban
2240,23,wanita,S1,karyawan,Urban
2241,39,wanita,S1,wirausaha,Suburban
2242,24,pria,D3,wirausaha,Urban
2243,34,pria,S2,freelance,Urban
2244,41,wanita,S1,karyawan,Rural
2245,44,wanita,SMA,karyawan,Suburban
2246,30,pria,S1,wirausaha,Urban
2247,33,pria,S1,wirausaha,Urban
2248,33,wanita,S1,freelance,Suburban
2249,42,wanita,S1,karyawan,Urban
2250,43,wanita,SMA,karyawan,Urban
2251,37,pria,S1,freelance,Urban
2252,36,wanita,D3,karyawan,Suburban
2253,37,pria,SMA,wirausaha,Urban
2254,40,wanita,S1,karyawan,Suburban
2255,28,pria,SMA,freelance,Suburban
2256,38,pria,D3,freelance,Urban
2257,29,pria,S1,freelance,Urban
2258,35,wanita,D3,karyawan,Urban
2259,30,pria,S1,karyawan,Urban
2260,31,wanita,S1,karyawan,Urban
2261,25,pria,SMA,karyawan,Suburban
2262,28,pria,D3,wirausaha,Urban
2263,24,wanita,SMA,karyawan,Suburban
2264,26,pria,S1,karyawan,Urban
2265,37,wanita,SMA,karyawan,Urban
2266,26,pria,S1,wirausaha,Urban
2267,35,pria,SMA,freelance,Urban
2268,43,wanita,S2,karyawan,Urban
2269,23,wanita,S1,freelance,Urban
2270,41,wanita,S2,karyawan,Urban
2271,36,pria,SMA,karyawan,Urban
2272,31,wanita,D3,freelance,Urban
2273,44,wanita,S2,karyawan,Urban
2274,42,wanita,S2,karyawan,Urban
2275,22,wanita,D3,freelance,Rural
2276,41,pria,S1,karyawan,Urban
2277,33,wanita,D3,freelance,Urban
2278,39,wanita,S1,karyawan,Urban
2279,26,wanita,SMA,karyawan,Urban
2280,42,pria,S1,karyawan,Urban
2281,35,pria,D3,karyawan,Urban
2282,31,pria,D3,karyawan,Urban
2283,38,wanita,S1,karyawan,Urban
2284,39,pria,D3,wirausaha,Urban
2285,31,pria,S1,wirausaha,Urban
2286,29,pria,S1,karyawan,Urban
2287,38,pria,D3,karyawan,Rural
2288,23,pria,S1,karyawan,Urban
2289,29,pria,D3,karyawan,Urban
2290,32,pria,SMA,karyawan,Urban
2291,34,pria,S1,karyawan,Urban
2292,33,pria,D3,karyawan,Urban
2293,44,pria,S1,karyawan,Urban
2294,40,wanita,S1,freelance,Urban
2295,31,pria,D3,karyawan,Urban
2296,43,wanita,S1,wirausaha,Urban
2297,25,wanita,S2,karyawan,Urban
2298,22,wanita,D3,wirausaha,Urban
2299,27,pria,S1,karyawan,Urban
2300,34,pria,SMA,karyawan,Urban
2301,36,pria,S1,wirausaha,Suburban
2302,28,wanita,S1,karyawan,Urban
2303,40,wanita,SMA,karyawan,Urban
2304,30,pria,S1,freelance,Urban
2305,28,wanita,S1,karyawan,Suburban
2306,31,wanita,D3,karyawan,Urban
2307,43,wanita,SMA,wirausaha,Urban
2308,39,wanita,D3,freelance,Urban
2309,23,pria,D3,karyawan,Urban
2310,32,wanita,S1,freelance,Urban
2311,39,pria,D3,karyawan,Urban
2312,23,wanita,S2,karyawan,Suburban
2313,27,pria,SMA,karyawan,Urban
2314,25,pria,S1,karyawan,Urban
2315,32,wanita,D3,karyawan,Rural
2316,40,wanita,S2,karyawan,Urban
2317,44,pria,S1,karyawan,Urban
2318,39,pria,S1,freelance,Urban
2319,33,pria,S1,karyawan,Urban
2320,42,pria,S1,freelance,Urban
2321,24,wanita,S2,karyawan,Suburban
2322,41,pria,SMA,karyawan,Urban
2323,43,wanita,S1,karyawan,Urban
2324,40,wanita,D3,wirausaha,Urban
2325,44,pria,D3,karyawan,Suburban
2326,39,pria,S1,wirausaha,Rural
2327,27,pria,S1,wirausaha,Suburban
2328,33,pria,S1,karyawan,Urban
2329,39,pria,D3,karyawan,Urban
2330,22,pria,S1,freelance,Urban
2331,28,pria,S2,karyawan,Urban
2332,22,wanita,SMA,karyawan,Urban
2333,29,wanita,D3,wirausaha,Urban
2334,41,pria,SMA,karyawan,Urban
2335,40,pria,SMA,wirausaha,Urban
2336,32,wanita,SMA,karyawan,Urban
2337,36,wanita,D3,karyawan,Urban
2338,28,pria,S1,freelance,Urban
2339,38,pria,D3,karyawan,Urban
2340,41,pria,D3,wirausaha,Urban
2341,36,wanita,S1,wirausaha,Suburban
2342,21,wanita,SMA,freelance,Urban
2343,22,wanita,D3,wirausaha,Urban
2344,25,pria,S1,karyawan,Urban
2345,23,wanita,S1,karyawan,Suburban
2346,30,wanita,D3,karyawan,Urban
2347,33,wanita,SMA,wirausaha,Urban
2348,30,pria,D3,karyawan,Urban
2349,35,pria,S1,karyawan,Urban
2350,37,pria,S1,wirausaha,Urban
2351,27,pria,D3,karyawan,Urban
2352,27,wanita,D3,karyawan,Suburban
2353,23,wanita,S1,wirausaha,Urban
2354,35,wanita,S2,karyawan,Suburban
2355,34,wanita,S1,wirausaha,Urban
2356,27,pria,D3,karyawan,Urban
2357,25,wanita,S2,freelance,Suburban
2358,28,wanita,S1,karyawan,Urban
2359,36,wanita,SMA,wirausaha,Urban
2360,38,pria,D3,karyawan,Urban
2361,43,pria,S1,freelance,Urban
2362,39,pria,S1,karyawan,Urban
2363,30,wanita,S1,wirausaha,Urban
2364,24,wanita,SMA,karyawan,Urban
2365,21,pria,SMA,wirausaha,Urban
2366,27,wanita,D3,karyawan,Urban
2367,33,pria,SMA,freelance,Urban
2368,31,pria,D3,wirausaha,Urban
2369,31,wanita,S1,karyawan,Urban
2370,28,wanita,S1,karyawan,Urban
2371,22,pria,S1,wirausaha,Urban
2372,25,wanita,S1,wirausaha,Suburban
2373,41,wanita,SMA,wirausaha,Urban
2374,28,pria,D3,karyawan,Urban
2375,39,pria,D3,wirausaha,Urban
2376,38,pria,S1,karyawan,Urban
2377,34,wanita,S1,freelance,Urban
2378,38,wanita,SMA,freelance,Suburban
2379,37,wanita,SMA,karyawan,Urban
2380,43,wanita,SMA,karyawan,Suburban
2381,26,pria,SMA,karyawan,Suburban
2382,23,wanita,S1,karyawan,Suburban
2383,25,pria,SMA,karyawan,Suburban
2384,37,wanita,S1,karyawan,Urban
2385,23,pria,S1,wirausaha,Urban
2386,28,wanita,S2,karyawan,Urban
2387,23,wanita,S1,karyawan,Urban
2388,28,pria,S1,karyawan,Urban
2389,37,wanita,SMA,karyawan,Urban
2390,24,wanita,S1,karyawan,Urban
2391,29,pria,D3,karyawan,Urban
2392,43,wanita,D3,karyawan,Urban
2393,25,pria,S1,karyawan,Urban
2394,21,wanita,S1,karyawan,Urban
2395,31,wanita,D3,karyawan,Suburban
2396,29,pria,S1,karyawan,Urban
2397,26,wanita,D3,freelance,Urban
2398,36,wanita,SMA,karyawan,Urban
2399,26,wanita,S1,wirausaha,Urban
2400,44,wanita,S2,karyawan,Urban
2401,22,pria,S2,karyawan,Urban
2402,35,wanita,SMA,karyawan,Urban
2403,23,pria,D3,karyawan,Urban
2404,41,pria,D3,wirausaha,Urban
2405,41,wanita,S1,karyawan,Urban
2406,33,wanita,SMA,karyawan,Urban
2407,26,pria,D3,karyawan,Urban
2408,38,wanita,S2,karyawan,Urban
2409,44,pria,S1,karyawan,Rural
2410,32,pria,D3,wirausaha,Urban
2411,21,pria,S1,freelance,Urban
2412,32,wanita,D3,karyawan,Urban
2413,43,wanita,SMA,wirausaha,Urban
2414,42,pria,D3,freelance,Urban
2415,43,wanita,S1,karyawan,Urban
2416,44,wanita,D3,karyawan,Rural
2417,22,pria,D3,freelance,Urban
2418,30,pria,D3,karyawan,Urban
2419,24,pria,S1,wirausaha,Urban
2420,29,pria,D3,karyawan,Urban
2421,27,pria,D3,wirausaha,Urban
2422,32,wanita,S2,karyawan,Urban
2423,22,pria,S2,karyawan,Suburban
2424,35,wanita,S1,wirausaha,Urban
2425,37,pria,S2,karyawan,Urban
2426,39,wanita,S1,freelance,Suburban
2427,32,pria,SMA,wirausaha,Urban
2428,36,wanita,S1,freelance,Rural
2429,26,pria,S1,karyawan,Urban
2430,25,pria,S1,freelance,Suburban
2431,37,wanita,S1,karyawan,Urban
2432,39,pria,S1,karyawan,Suburban
2433,30,pria,S1,freelance,Rural
2434,41,wanita,S1,karyawan,Urban
2435,29,wanita,S1,karyawan,Rural
2436,31,wanita,D3,wirausaha,Urban
2437,30,pria,S2,freelance,Urban
2438,35,pria,S1,karyawan,Urban
2439,34,wanita,D3,freelance,Urban
2440,36,pria,S1,karyawan,Urban
2441,32,pria,S1,karyawan,Urban
2442,35,pria,S1,karyawan,Urban
2443,41,wanita,S1,karyawan,Suburban
2444,34,wanita,S1,karyawan,Suburban
2445,32,wanita,D3,karyawan,Urban
2446,37,pria,D3,karyawan,Urban
2447,29,pria,SMA,freelance,Urban
2448,23,pria,S1,freelance,Urban
2449,44,wanita,D3,karyawan,Urban
2450,37,pria,S1,freelance,Urban
2451,29,wanita,S1,karyawan,Urban
2452,39,pria,S1,freelance,Rural
2453,43,wanita,SMA,karyawan,Urban
2454,32,wanita,S2,wirausaha,Urban
2455,43,wanita,D3,freelance,Urban
2456,26,pria,S1,karyawan,Urban
2457,22,pria,S1,freelance,Urban
2458,30,wanita,S1,freelance,Urban
2459,21,wanita,S1,karyawan,Urban
2460,23,pria,S1,karyawan,Urban
2461,43,pria,S1,karyawan,Rural
2462,28,pria,SMA,karyawan,Suburban
2463,34,wanita,D3,karyawan,Urban
2464,30,wanita,S1,freelance,Urban
2465,41,wanita,S1,karyawan,Urban
2466,23,pria,S1,freelance,Urban
2467,34,wanita,D3,karyawan,Urban
2468,39,pria,D3,wirausaha,Urban
2469,34,pria,SMA,freelance,Urban
2470,39,wanita,S2,wirausaha,Urban
2471,24,pria,S1,karyawan,Urban
2472,43,wanita,D3,karyawan,Rural
2473,27,wanita,S1,karyawan,Suburban
2474,29,wanita,S1,karyawan,Urban
2475,36,pria,D3,karyawan,Urban
2476,21,wanita,S1,karyawan,Suburban
2477,41,pria,S1,wirausaha,Urban
2478,43,wanita,S1,karyawan,Suburban
2479,40,wanita,SMA,freelance,Urban
2480,40,pria,SMA,karyawan,Suburban
2481,24,wanita,D3,wirausaha,Urban
2482,25,wanita,SMA,wirausaha,Suburban
2483,38,wanita,S1,freelance,Suburban
2484,37,pria,S1,freelance,Urban
2485,42,pria,D3,freelance,Urban
2486,32,wanita,S1,wirausaha,Rural
2487,32,wanita,S1,wirausaha,Urban
2488,22,pria,S2,wirausaha,Suburban
2489,27,pria,S2,karyawan,Urban
2490,30,pria,S1,wirausaha,Urban
2491,28,pria,SMA,karyawan,Urban
2492,34,pria,SMA,freelance,Urban
2493,23,pria,D3,wirausaha,Suburban
2494,43,wanita,S1,karyawan,Urban
2495,25,wanita,S1,karyawan,Urban
2496,35,pria,SMA,wirausaha,Urban
2497,36,wanita,D3,karyawan,Urban
2498,24,wanita,S1,wirausaha,Suburban
2499,35,pria,S1,freelance,Rural
2500,27,pria,D3,karyawan,Urban
2501,34,pria,S1,wirausaha,Suburban
2502,35,wanita,S1,karyawan,Suburban
2503,42,wanita,S2,karyawan,Urban
2504,33,pria,S1,freelance,Rural
2505,42,pria,S1,freelance,Urban
2506,38,pria,SMA,wirausaha,Urban
2507,40,pria,S2,wirausaha,Suburban
2508,44,wanita,D3,karyawan,Urban
2509,32,wanita,S1,wirausaha,Suburban
2510,43,pria,S1,freelance,Suburban
2511,23,wanita,D3,karyawan,Urban
2512,40,pria,D3,karyawan,Suburban
2513,39,wanita,D3,freelance,Urban
2514,34,pria,S1,karyawan,Urban
2515,36,pria,S1,karyawan,Urban
2516,30,pria,S1,karyawan,Suburban
2517,29,wanita,S1,wirausaha,Urban
2518,27,pria,D3,wirausaha,Urban
2519,44,wanita,SMA,karyawan,Urban
2520,25,pria,D3,wirausaha,Urban
2521,32,pria,SMA,karyawan,Urban
2522,32,wanita,S1,karyawan,Urban
2523,41,pria,S2,karyawan,Urban
2524,37,wanita,D3,karyawan,Urban
2525,29,wanita,S1,wirausaha,Suburban
2526,35,pria,D3,karyawan,Urban
2527,32,pria,S2,wirausaha,Urban
2528,34,pria,SMA,freelance,Rural
2529,40,pria,D3,wirausaha,Urban
2530,34,wanita,SMA,freelance,Rural
2531,37,pria,D3,karyawan,Urban
2532,33,pria,SMA,karyawan,Suburban
2533,39,pria,SMA,karyawan,Urban
2534,25,wanita,S1,freelance,Urban
2535,42,wanita,S1,karyawan,Urban
2536,28,pria,SMA,karyawan,Suburban
2537,44,pria,D3,karyawan,Urban
2538,37,pria,D3,wirausaha,Urban
2539,27,wanita,S2,karyawan,Suburban
2540,35,wanita,S1,freelance,Suburban
2541,27,pria,SMA,wirausaha,Urban
2542,40,pria,D3,wirausaha,Suburban
2543,31,wanita,S1,karyawan,Suburban
2544,28,wanita,S2,wirausaha,Urban
2545,43,pria,S1,karyawan,Urban
2546,35,wanita,SMA,freelance,Urban
2547,37,wanita,S1,wirausaha,Urban
2548,41,pria,SMA,wirausaha,Urban
2549,30,wanita,S1,karyawan,Urban
2550,35,wanita,D3,wirausaha,Urban
2551,43,wanita,S2,freelance,Urban
2552,33,pria,SMA,wirausaha,Urban
2553,43,pria,D3,freelance,Suburban
2554,40,wanita,D3,karyawan,Suburban
2555,37,pria,D3,freelance,Urban
2556,35,pria,S2,wirausaha,Rural
2557,41,pria,S1,freelance,Urban
2558,28,pria,SMA,karyawan,Urban
2559,37,wanita,S1,wirausaha,Urban
2560,24,pria,S1,karyawan,Urban
2561,22,wanita,SMA,karyawan,Suburban
2562,44,pria,S2,karyawan,Urban
2563,32,pria,SMA,karyawan,Urban
2564,36,wanita,S1,karyawan,Urban
2565,30,wanita,S1,karyawan,Urban
2566,34,wanita,S1,wirausaha,Urban
2567,31,pria,S1,karyawan,Urban
2568,31,pria,SMA,freelance,Urban
2569,36,pria,S1,karyawan,Suburban
2570,25,pria,S1,karyawan,Suburban
2571,39,wanita,D3,wirausaha,Urban
2572,42,pria,S1,wirausaha,Suburban
2573,44,wanita,S1,karyawan,Urban
2574,31,pria,S1,karyawan,Urban
2575,44,pria,SMA,karyawan,Urban
2576,32,wanita,SMA,karyawan,Urban
2577,28,wanita,S2,karyawan,Rural
2578,27,pria,D3,karyawan,Urban
2579,29,wanita,S1,karyawan,Urban
2580,36,wanita,D3,freelance,Urban
2581,21,pria,SMA,wirausaha,Urban
2582,30,wanita,D3,wirausaha,Suburban
2583,22,pria,SMA,freelance,Urban
2584,33,wanita,S1,wirausaha,Urban
2585,24,pria,SMA,wirausaha,Urban
2586,38,pria,S2,wirausaha,Urban
2587,36,wanita,S1,wirausaha,Urban
2588,21,wanita,D3,wirausaha,Urban
2589,44,wanita,S1,karyawan,Urban
2590,31,wanita,S2,karyawan,Urban
2591,26,pria,S1,karyawan,Suburban
2592,40,pria,S1,wirausaha,Suburban
2593,34,wanita,S1,karyawan,Urban
2594,40,wanita,S1,karyawan,Urban
2595,34,pria,S2,karyawan,Urban
2596,28,pria,S1,freelance,Suburban
2597,36,wanita,S1,wirausaha,Urban
2598,32,pria,S1,karyawan,Urban
2599,35,wanita,D3,karyawan,Urban
2600,44,pria,S1,karyawan,Urban
2601,27,wanita,S1,karyawan,Urban
2602,23,wanita,SMA,karyawan,Urban
2603,28,wanita,SMA,karyawan,Urban
2604,40,pria,S1,freelance,Urban
2605,34,pria,SMA,karyawan,Urban
2606,27,wanita,D3,karyawan,Urban
2607,40,wanita,S1,wirausaha,Urban
2608,41,pria,D3,karyawan,Urban
2609,41,pria,S1,freelance,Urban
2610,37,pria,D3,wirausaha,Urban
2611,43,wanita,SMA,wirausaha,Suburban
2612,32,pria,SMA,karyawan,Urban
2613,24,wanita,D3,wirausaha,Urban
2614,39,wanita,D3,karyawan,Urban
2615,25,pria,S1,karyawan,Urban
2616,21,wanita,S1,karyawan,Urban
2617,31,pria,S2,karyawan,Urban
2618,36,pria,S1,wirausaha,Urban
2619,22,pria,S1,karyawan,Suburban
2620,22,wanita,S1,karyawan,Urban
2621,31,wanita,S1,karyawan,Suburban
2622,29,wanita,S1,wirausaha,Suburban
2623,23,pria,D3,karyawan,Urban
2624,21,pria,S1,karyawan,Suburban
2625,43,pria,D3,wirausaha,Urban
2626,32,wanita,S1,wirausaha,Rural
2627,38,wanita,SMA,wirausaha,Urban
2628,44,pria,S1,wirausaha,Urban
2629,30,wanita,S1,karyawan,Urban
2630,36,pria,S1,karyawan,Urban
2631,36,wanita,SMA,karyawan,Urban
2632,33,wanita,S2,freelance,Urban
2633,24,wanita,S1,freelance,Urban
2634,31,pria,D3,freelance,Urban
2635,42,pria,S1,karyawan,Urban
2636,21,pria,S1,wirausaha,Urban
2637,34,wanita,SMA,freelance,Rural
2638,32,pria,D3,freelance,Suburban
2639,43,wanita,D3,freelance,Rural
2640,34,wanita,S1,wirausaha,Urban
2641,28,wanita,SMA,karyawan,Urban
2642,29,pria,S1,wirausaha,Urban
2643,31,wanita,D3,karyawan,Suburban
2644,34,pria,SMA,freelance,Urban
2645,25,wanita,S1,karyawan,Urban
2646,21,pria,S2,karyawan,Urban
2647,39,wanita,S2,karyawan,Rural
2648,33,wanita,SMA,wirausaha,Urban
2649,34,wanita,D3,wirausaha,Urban
2650,29,wanita,S2,karyawan,Urban
2651,42,wanita,D3,karyawan,Urban
2652,41,wanita,D3,karyawan,Urban
2653,29,wanita,S1,freelance,Urban
2654,23,wanita,D3,freelance,Urban
2655,41,wanita,D3,karyawan,Suburban
2656,34,pria,S1,karyawan,Urban
2657,34,pria,S1,freelance,Suburban
2658,30,pria,S1,karyawan,Suburban
2659,29,pria,S1,freelance,Urban
2660,27,wanita,S1,karyawan,Urban
2661,37,wanita,SMA,freelance,Urban
2662,32,wanita,D3,karyawan,Suburban
2663,29,pria,SMA,karyawan,Urban
2664,26,pria,SMA,wirausaha,Urban
2665,44,wanita,S1,karyawan,Urban
2666,39,pria,SMA,karyawan,Urban
2667,43,wanita,S1,karyawan,Urban
2668,37,wanita,S1,karyawan,Urban
2669,34,pria,SMA,karyawan,Urban
2670,21,wanita,S2,wirausaha,Urban
2671,35,wanita,S2,karyawan,Urban
2672,44,pria,S1,karyawan,Urban
2673,38,pria,S1,karyawan,Urban
2674,37,pria,SMA,wirausaha,Urban
2675,44,wanita,S2,karyawan,Suburban
2676,36,wanita,S1,wirausaha,Urban
2677,29,pria,S1,karyawan,Urban
2678,38,pria,S1,freelance,Urban
2679,31,pria,S1,karyawan,Urban
2680,39,wanita,SMA,karyawan,Urban
2681,25,wanita,S1,wirausaha,Urban
2682,22,pria,SMA,wirausaha,Suburban
2683,26,pria,S1,freelance,Urban
2684,22,wanita,S1,freelance,Urban
2685,24,wanita,D3,wirausaha,Urban
2686,28,wanita,SMA,wirausaha,Urban
2687,36,pria,S1,karyawan,Urban
2688,35,wanita,D3,karyawan,Urban
2689,21,wanita,D3,karyawan,Urban
2690,24,wanita,D3,karyawan,Urban
2691,23,pria,SMA,karyawan,Urban
2692,21,wanita,SMA,wirausaha,Urban
2693,24,pria,SMA,karyawan,Urban
2694,30,wanita,S1,karyawan,Urban
2695,21,pria,D3,karyawan,Rural
2696,27,pria,D3,karyawan,Urban
2697,35,pria,S1,karyawan,Urban
2698,29,wanita,S1,karyawan,Urban
2699,36,pria,D3,wirausaha,Suburban
2700,25,pria,S2,karyawan,Suburban
2701,40,wanita,D3,karyawan,Urban
2702,21,wanita,SMA,wirausaha,Rural
2703,30,pria,S1,wirausaha,Urban
2704,37,pria,S1,karyawan,Urban
2705,43,wanita,S1,wirausaha,Suburban
2706,39,wanita,S1,karyawan,Suburban
2707,37,wanita,S1,karyawan,Urban
2708,41,wanita,S1,karyawan,Urban
2709,35,wanita,D3,karyawan,Urban
2710,23,wanita,S1,wirausaha,Urban
2711,30,pria,S1,wirausaha,Suburban
2712,34,wanita,D3,freelance,Urban
2713,37,wanita,S2,karyawan,Urban
2714,37,pria,S1,karyawan,Urban
2715,26,wanita,S2,freelance,Urban
2716,33,wanita,SMA,freelance,Urban
2717,27,pria,SMA,freelance,Urban
2718,29,wanita,SMA,karyawan,Rural
2719,36,wanita,S1,freelance,Suburban
2720,25,pria,S1,freelance,Urban
2721,37,wanita,D3,freelance,Suburban
2722,21,pria,S1,wirausaha,Suburban
2723,29,pria,S1,karyawan,Suburban
2724,38,wanita,S1,karyawan,Urban
2725,38,pria,S1,karyawan,Urban
2726,33,wanita,S1,freelance,Urban
2727,29,wanita,SMA,karyawan,Urban
2728,41,pria,S2,karyawan,Urban
2729,27,pria,S1,karyawan,Urban
2730,25,wanita,D3,wirausaha,Urban
2731,44,pria,D3,karyawan,Urban
2732,28,wanita,S1,wirausaha,Urban
2733,43,wanita,S2,wirausaha,Urban
2734,21,wanita,S1,wirausaha,Rural
2735,21,pria,SMA,wirausaha,Suburban
2736,44,pria,D3,karyawan,Suburban
2737,43,pria,S1,karyawan,Rural
2738,41,pria,S1,karyawan,Urban
2739,33,pria,S1,wirausaha,Rural
2740,38,pria,SMA,karyawan,Urban
2741,22,wanita,D3,wirausaha,Urban
2742,29,wanita,S1,wirausaha,Urban
2743,43,pria,SMA,karyawan,Urban
2744,26,pria,S2,karyawan,Urban
2745,41,wanita,D3,karyawan,Urban
2746,39,wanita,SMA,wirausaha,Suburban
2747,44,wanita,SMA,karyawan,Urban
2748,42,wanita,SMA,karyawan,Urban
2749,35,wanita,D3,karyawan,Suburban
2750,29,pria,S1,karyawan,Urban
2751,34,wanita,S1,karyawan,Urban
2752,29,pria,S2,karyawan,Urban
2753,41,wanita,S1,freelance,Urban
2754,43,wanita,S1,freelance,Urban
2755,42,pria,S1,freelance,Suburban
2756,22,pria,D3,freelance,Urban
2757,28,wanita,S1,karyawan,Urban
2758,35,wanita,SMA,karyawan,Suburban
2759,44,pria,D3,karyawan,Urban
2760,32,wanita,SMA,karyawan,Urban
2761,29,pria,S1,karyawan,Urban
2762,31,pria,SMA,karyawan,Urban
2763,37,pria,S1,freelance,Urban
2764,34,wanita,SMA,freelance,Urban
2765,26,wanita,S1,wirausaha,Urban
2766,40,wanita,S1,karyawan,Rural
2767,42,wanita,SMA,karyawan,Urban
2768,23,pria,S1,karyawan,Urban
2769,33,wanita,S1,freelance,Urban
2770,36,pria,S1,freelance,Urban
2771,32,pria,S1,karyawan,Urban
2772,42,pria,SMA,freelance,Urban
2773,33,pria,S1,wirausaha,Suburban
2774,42,pria,S1,karyawan,Urban
2775,39,pria,S1,karyawan,Urban
2776,41,pria,S1,karyawan,Urban
2777,29,wanita,S1,karyawan,Urban
2778,44,pria,S1,karyawan,Urban
2779,30,wanita,D3,karyawan,Urban
2780,39,wanita,S1,freelance,Urban
2781,37,wanita,D3,wirausaha,Urban
2782,42,wanita,D3,karyawan,Suburban
2783,27,pria,S1,karyawan,Rural
2784,44,pria,S1,karyawan,Suburban
2785,37,wanita,S1,karyawan,Suburban
2786,34,wanita,S1,karyawan,Urban
2787,24,wanita,S2,wirausaha,Rural
2788,36,wanita,D3,karyawan,Urban
2789,40,wanita,SMA,karyawan,Rural
2790,21,pria,S2,wirausaha,Rural
2791,26,wanita,S2,karyawan,Urban
2792,37,wanita,D3,karyawan,Rural
2793,38,wanita,S1,karyawan,Urban
2794,38,pria,SMA,wirausaha,Urban
2795,41,pria,SMA,karyawan,Urban
2796,32,wanita,SMA,karyawan,Urban
2797,25,wanita,S1,wirausaha,Urban
2798,37,pria,S1,wirausaha,Urban
2799,40,wanita,S1,karyawan,Rural
2800,25,pria,S1,karyawan,Urban
2801,30,pria,SMA,karyawan,Suburban
2802,24,wanita,S1,karyawan,Suburban
2803,31,pria,D3,karyawan,Suburban
2804,39,pria,SMA,karyawan,Rural
2805,29,pria,S1,freelance,Urban
2806,21,wanita,S1,karyawan,Rural
2807,42,pria,S1,karyawan,Suburban
2808,42,wanita,D3,freelance,Urban
2809,42,pria,S1,wirausaha,Urban
2810,33,pria,S1,karyawan,Urban
2811,35,wanita,D3,karyawan,Urban
2812,25,wanita,D3,karyawan,Urban
2813,36,wanita,S1,wirausaha,Urban
2814,39,pria,S1,wirausaha,Urban
2815,29,pria,D3,freelance,Urban
2816,42,wanita,S1,wirausaha,Suburban
2817,39,pria,SMA,karyawan,Urban
2818,25,wanita,S2,karyawan,Urban
2819,30,wanita,S1,karyawan,Urban
2820,21,wanita,S2,freelance,Urban
2821,28,pria,S2,karyawan,Suburban
2822,44,pria,S1,karyawan,Urban
2823,43,pria,D3,karyawan,Urban
2824,32,pria,S1,wirausaha,Urban
2825,26,wanita,SMA,wirausaha,Urban
2826,22,wanita,SMA,wirausaha,Suburban
2827,27,pria,SMA,karyawan,Urban
2828,23,wanita,S1,karyawan,Urban
2829,25,pria,S1,karyawan,Urban
2830,40,pria,S1,karyawan,Urban
2831,37,pria,D3,wirausaha,Urban
2832,43,wanita,SMA,wirausaha,Urban
2833,21,wanita,D3,karyawan,Urban
2834,40,wanita,S1,wirausaha,Urban
2835,28,pria,D3,karyawan,Urban
2836,34,wanita,S1,karyawan,Suburban
2837,33,wanita,S1,karyawan,Rural
2838,32,pria,SMA,karyawan,Urban
2839,44,pria,S2,karyawan,Suburban
2840,25,pria,S1,karyawan,Urban
2841,42,pria,S1,freelance,Urban
2842,22,wanita,S1,karyawan,Suburban
2843,29,wanita,S1,wirausaha,Suburban
2844,22,pria,S1,karyawan,Rural
2845,21,pria,S1,wirausaha,Urban
2846,25,pria,D3,freelance,Urban
2847,44,wanita,S1,karyawan,Suburban
2848,39,wanita,SMA,wirausaha,Urban
2849,26,wanita,S1,wirausaha,Urban
2850,29,wanita,SMA,wirausaha,Urban
2851,32,wanita,S1,karyawan,Urban
2852,28,wanita,S1,freelance,Urban
2853,26,pria,D3,wirausaha,Urban
2854,38,wanita,S1,karyawan,Suburban
2855,24,wanita,SMA,karyawan,Urban
2856,27,pria,SMA,wirausaha,Urban
2857,22,pria,D3,wirausaha,Urban
2858,27,pria,S2,karyawan,Urban
2859,34,pria,SMA,wirausaha,Urban
2860,28,pria,D3,karyawan,Urban
2861,35,wanita,S1,wirausaha,Suburban
2862,27,pria,D3,wirausaha,Urban
2863,41,pria,D3,karyawan,Rural
2864,41,wanita,SMA,karyawan,Urban
2865,34,wanita,SMA,wirausaha,Urban
2866,21,wanita,S1,wirausaha,Urban
2867,27,wanita,SMA,wirausaha,Urban
2868,34,pria,S1,karyawan,Suburban
2869,22,wanita,D3,freelance,Urban
2870,36,pria,SMA,karyawan,Urban
2871,25,wanita,D3,freelance,Suburban
2872,26,pria,D3,freelance,Suburban
2873,40,wanita,S1,karyawan,Suburban
2874,40,pria,D3,wirausaha,Urban
2875,25,wanita,S1,karyawan,Suburban
2876,40,pria,S1,karyawan,Urban
2877,39,pria,SMA,karyawan,Urban
2878,29,pria,S1,karyawan,Urban
2879,37,pria,S1,wirausaha,Urban
2880,26,pria,SMA,karyawan,Urban
2881,21,wanita,S1,karyawan,Urban
2882,33,pria,SMA,karyawan,Suburban
2883,41,wanita,D3,freelance,Urban
2884,34,wanita,S1,freelance,Urban
2885,39,pria,S1,karyawan,Urban
2886,41,pria,S1,karyawan,Suburban
2887,34,pria,S1,wirausaha,Urban
2888,34,wanita,S1,karyawan,Urban
2889,28,pria,S1,wirausaha,Suburban
2890,28,pria,D3,wirausaha,Suburban
2891,40,wanita,SMA,karyawan,Urban
2892,38,wanita,SMA,karyawan,Urban
2893,33,pria,SMA,karyawan,Suburban
2894,44,wanita,SMA,karyawan,Urban
2895,44,pria,D3,wirausaha,Urban
2896,29,pria,SMA,wirausaha,Suburban
2897,43,pria,D3,freelance,Urban
2898,22,pria,S1,freelance,Urban
2899,33,wanita,SMA,karyawan,Urban
2900,28,pria,S1,karyawan,Urban
2901,27,pria,SMA,wirausaha,Urban
2902,34,pria,D3,freelance,Suburban
2903,26,pria,D3,karyawan,Urban
2904,42,pria,D3,freelance,Urban
2905,29,pria,S1,karyawan,Urban
2906,41,wanita,S1,karyawan,Urban
2907,44,pria,S1,karyawan,Rural
2908,31,wanita,SMA,karyawan,Urban
2909,42,pria,SMA,wirausaha,Urban
2910,33,pria,S1,karyawan,Urban
2911,33,pria,S1,freelance,Urban
2912,42,wanita,S2,karyawan,Urban
2913,34,wanita,D3,freelance,Urban
2914,37,wanita,D3,freelance,Rural
2915,35,wanita,S1,karyawan,Urban
2916,29,wanita,SMA,karyawan,Urban
2917,29,pria,S1,freelance,Urban
2918,40,pria,S1,freelance,Suburban
2919,23,pria,S1,wirausaha,Urban
2920,39,wanita,SMA,karyawan,Urban
2921,38,pria,S1,karyawan,Urban
2922,28,wanita,D3,freelance,Urban
2923,38,pria,S1,karyawan,Suburban
2924,35,wanita,S1,karyawan,Urban
2925,31,pria,S1,freelance,Urban
2926,27,pria,S1,wirausaha,Suburban
2927,41,pria,D3,karyawan,Suburban
2928,42,pria,D3,freelance,Rural
2929,44,wanita,SMA,karyawan,Suburban
2930,41,wanita,D3,freelance,Urban
2931,32,pria,D3,wirausaha,Urban
2932,24,wanita,D3,karyawan,Urban
2933,24,pria,S2,freelance,Urban
2934,32,pria,S2,freelance,Urban
2935,31,wanita,SMA,karyawan,Urban
2936,28,wanita,D3,karyawan,Urban
2937,24,pria,D3,freelance,Suburban
2938,30,pria,D3,karyawan,Urban
2939,32,pria,S1,freelance,Rural
2940,21,pria,SMA,karyawan,Urban
2941,25,wanita,S1,karyawan,Urban
2942,21,pria,S2,karyawan,Urban
2943,37,pria,S1,karyawan,Urban
2944,34,pria,D3,wirausaha,Urban
2945,22,pria,SMA,karyawan,Suburban
2946,28,wanita,SMA,wirausaha,Urban
2947,44,wanita,S1,karyawan,Urban
2948,44,wanita,SMA,freelance,Urban
2949,38,pria,D3,karyawan,Urban
2950,36,pria,S1,freelance,Suburban
2951,39,pria,S1,karyawan,Suburban
2952,36,pria,D3,karyawan,Urban
2953,23,wanita,D3,karyawan,Urban
2954,24,pria,S1,karyawan,Urban
2955,22,pria,D3,karyawan,Suburban
2956,21,pria,S2,karyawan,Urban
2957,43,wanita,SMA,karyawan,Urban
2958,44,pria,S2,karyawan,Suburban
2959,30,pria,D3,wirausaha,Urban
2960,31,wanita,S1,karyawan,Suburban
2961,24,wanita,D3,freelance,Urban
2962,32,wanita,S1,karyawan,Urban
2963,37,wanita,S1,karyawan,Urban
2964,41,wanita,D3,freelance,Rural
2965,25,wanita,S1,karyawan,Suburban
2966,22,wanita,S2,freelance,Urban
2967,33,pria,D3,freelance,Urban
2968,41,pria,S1,freelance,Urban
2969,33,pria,S1,karyawan,Suburban
2970,25,wanita,D3,wirausaha,Urban
2971,29,pria,SMA,karyawan,Urban
2972,40,pria,SMA,freelance,Urban
2973,21,pria,S1,wirausaha,Suburban
2974,35,pria,S1,wirausaha,Urban
2975,35,wanita,SMA,karyawan,Urban
2976,43,pria,D3,karyawan,Urban
2977,33,wanita,D3,wirausaha,Suburban
2978,25,wanita,S1,karyawan,Urban
2979,29,pria,S1,karyawan,Urban
2980,23,wanita,S1,karyawan,Rural
2981,24,pria,D3,wirausaha,Urban
2982,22,wanita,S1,wirausaha,Urban
2983,36,wanita,S2,karyawan,Urban
2984,42,pria,SMA,karyawan,Suburban
2985,23,wanita,D3,wirausaha,Urban
2986,42,pria,S1,wirausaha,Rural
2987,34,pria,D3,freelance,Urban
2988,33,wanita,S1,karyawan,Urban
2989,22,wanita,D3,karyawan,Urban
2990,43,pria,S1,karyawan,Suburban
2991,29,wanita,S1,wirausaha,Urban
2992,36,wanita,SMA,karyawan,Suburban
2993,32,wanita,SMA,wirausaha,Urban
2994,44,pria,S1,karyawan,Urban
2995,38,wanita,D3,karyawan,Urban
2996,33,wanita,D3,karyawan,Suburban
2997,22,wanita,S2,karyawan,Urban
2998,21,pria,SMA,wirausaha,Urban
2999,26,pria,S1,karyawan,Urban
3000,41,wanita,S1,wirausaha,Suburban
