responden_id,curhat_ke_orang_lain,merasa_lebih_dimengerti_orang_lain,menyembunyikan_interaksi,berbagi_masalah_pribadi_ke_luar
1,tidak,iya,tidak,tidak
2,iya,tidak,tidak,iya
3,iya,tidak,tidak,iya
4,iya,iya,tidak,tidak
5,tidak,iya,tidak,tidak
6,iya,tidak,iya,iya
7,tidak,tidak,tidak,tidak
8,iya,iya,tidak,tidak
9,tidak,iya,iya,tidak
10,iya,tidak,tidak,tidak
11,iya,iya,iya,iya
12,iya,iya,iya,iya
13,iya,tidak,tidak,iya
14,tidak,tidak,iya,tidak
15,tidak,iya,iya,tidak
16,tidak,tidak,iya,iya
17,tidak,tidak,tidak,iya
18,tidak,tidak,iya,tidak
19,tidak,tidak,tidak,iya
20,iya,tidak,tidak,iya
21,iya,iya,tidak,tidak
22,tidak,iya,tidak,iya
23,tidak,tidak,iya,iya
24,tidak,tidak,iya,tidak
25,tidak,iya,iya,tidak
26,iya,tidak,tidak,tidak
27,tidak,iya,iya,iya
28,iya,iya,tidak,iya
29,tidak,iya,tidak,tidak
30,iya,tidak,tidak,tidak
31,iya,tidak,tidak,tidak
32,iya,tidak,tidak,tidak
33,tidak,tidak,iya,iya
34,tidak,iya,tidak,tidak
35,tidak,iya,iya,tidak
36,iya,iya,tidak,tidak
37,tidak,tidak,tidak,iya
38,iya,iya,tidak,iya
39,iya,tidak,iya,tidak
40,iya,iya,tidak,iya
41,iya,tidak,tidak,iya
42,tidak,tidak,tidak,tidak
43,tidak,iya,iya,iya
44,iya,iya,tidak,tidak
45,iya,iya,tidak,iya
46,iya,tidak,iya,tidak
47,iya,iya,tidak,tidak
48,iya,iya,tidak,tidak
49,tidak,iya,iya,tidak
50,iya,tidak,iya,iya
51,tidak,iya,tidak,tidak
52,tidak,tidak,iya,iya
53,tidak,tidak,iya,iya
54,tidak,tidak,tidak,tidak
55,tidak,iya,iya,iya
56,tidak,tidak,iya,tidak
57,tidak,tidak,iya,iya
58,tidak,iya,tidak,iya
59,tidak,tidak,iya,iya
60,iya,tidak,tidak,tidak
61,tidak,iya,iya,iya
62,tidak,tidak,tidak,tidak
63,tidak,tidak,tidak,iya
64,tidak,tidak,iya,tidak
65,iya,tidak,tidak,tidak
66,iya,tidak,tidak,tidak
67,iya,iya,tidak,iya
68,tidak,iya,iya,iya
69,tidak,tidak,tidak,iya
70,tidak,tidak,tidak,iya
71,iya,tidak,tidak,iya
72,iya,tidak,tidak,tidak
73,iya,iya,tidak,iya
74,tidak,tidak,tidak,iya
75,tidak,iya,tidak,tidak
76,tidak,iya,iya,iya
77,iya,iya,iya,iya
78,tidak,tidak,tidak,tidak
79,tidak,tidak,tidak,iya
80,iya,tidak,iya,tidak
81,iya,iya,iya,tidak
82,tidak,tidak,tidak,iya
83,tidak,tidak,tidak,iya
84,iya,iya,iya,tidak
85,iya,tidak,tidak,tidak
86,iya,tidak,iya,iya
87,tidak,tidak,tidak,tidak
88,iya,tidak,tidak,tidak
89,iya,iya,tidak,tidak
90,iya,tidak,iya,iya
91,tidak,tidak,tidak,iya
92,tidak,iya,tidak,iya
93,tidak,tidak,tidak,iya
94,iya,tidak,iya,iya
95,tidak,tidak,iya,iya
96,tidak,iya,tidak,iya
97,tidak,iya,iya,iya
98,iya,tidak,tidak,tidak
99,iya,tidak,tidak,tidak
100,iya,iya,tidak,iya
101,iya,tidak,iya,iya
102,iya,tidak,tidak,iya
103,tidak,iya,tidak,tidak
104,iya,iya,tidak,iya
105,tidak,iya,tidak,iya
106,tidak,iya,iya,iya
107,tidak,iya,tidak,tidak
108,tidak,iya,tidak,iya
109,tidak,tidak,tidak,tidak
110,tidak,tidak,tidak,iya
111,tidak,iya,tidak,iya
112,tidak,tidak,tidak,tidak
113,tidak,iya,tidak,iya
114,iya,iya,tidak,iya
115,iya,tidak,tidak,tidak
116,iya,tidak,tidak,iya
117,iya,tidak,iya,tidak
118,iya,tidak,tidak,iya
119,iya,iya,iya,tidak
120,iya,tidak,iya,tidak
121,tidak,iya,tidak,iya
122,tidak,tidak,iya,tidak
123,tidak,iya,iya,tidak
124,iya,tidak,iya,iya
125,iya,tidak,iya,iya
126,tidak,tidak,tidak,iya
127,tidak,tidak,tidak,iya
128,tidak,iya,tidak,iya
129,iya,iya,tidak,tidak
130,tidak,tidak,tidak,tidak
131,tidak,tidak,iya,tidak
132,tidak,iya,tidak,iya
133,iya,iya,tidak,tidak
134,iya,tidak,tidak,iya
135,iya,tidak,tidak,tidak
136,tidak,tidak,tidak,iya
137,tidak,tidak,iya,iya
138,tidak,tidak,iya,tidak
139,tidak,tidak,tidak,tidak
140,iya,tidak,tidak,iya
141,tidak,tidak,iya,iya
142,iya,tidak,iya,iya
143,tidak,tidak,iya,tidak
144,iya,tidak,tidak,iya
145,tidak,tidak,tidak,iya
146,tidak,tidak,tidak,tidak
147,iya,tidak,tidak,tidak
148,iya,iya,iya,iya
149,iya,tidak,iya,tidak
150,iya,iya,iya,iya
151,tidak,tidak,tidak,iya
152,tidak,tidak,iya,tidak
153,iya,iya,tidak,iya
154,tidak,tidak,tidak,tidak
155,tidak,tidak,iya,tidak
156,iya,tidak,tidak,iya
157,iya,tidak,iya,iya
158,tidak,tidak,tidak,tidak
159,tidak,iya,iya,tidak
160,tidak,tidak,tidak,tidak
161,tidak,iya,iya,iya
162,iya,tidak,iya,iya
163,tidak,tidak,iya,iya
164,tidak,iya,tidak,iya
165,iya,tidak,tidak,tidak
166,iya,iya,iya,iya
167,iya,tidak,iya,tidak
168,tidak,tidak,tidak,tidak
169,iya,tidak,tidak,iya
170,tidak,tidak,tidak,tidak
171,tidak,tidak,tidak,tidak
172,iya,tidak,tidak,tidak
173,tidak,tidak,tidak,tidak
174,iya,tidak,iya,tidak
175,tidak,tidak,tidak,tidak
176,iya,iya,iya,tidak
177,tidak,tidak,iya,tidak
178,iya,iya,iya,tidak
179,iya,tidak,tidak,tidak
180,iya,tidak,tidak,iya
181,tidak,tidak,tidak,tidak
182,iya,iya,iya,iya
183,tidak,iya,tidak,tidak
184,tidak,tidak,tidak,tidak
185,iya,tidak,tidak,tidak
186,tidak,tidak,tidak,tidak
187,tidak,iya,iya,tidak
188,iya,tidak,tidak,tidak
189,tidak,iya,iya,tidak
190,iya,iya,tidak,iya
191,iya,iya,iya,tidak
192,tidak,tidak,tidak,tidak
193,tidak,iya,iya,iya
194,iya,tidak,tidak,tidak
195,iya,tidak,iya,tidak
196,tidak,tidak,tidak,tidak
197,tidak,iya,tidak,tidak
198,tidak,tidak,tidak,tidak
199,iya,iya,tidak,iya
200,iya,iya,tidak,iya
201,tidak,iya,tidak,tidak
202,iya,tidak,tidak,tidak
203,iya,iya,tidak,tidak
204,tidak,tidak,tidak,tidak
205,iya,iya,tidak,iya
206,iya,tidak,tidak,tidak
207,iya,iya,tidak,tidak
208,tidak,tidak,tidak,tidak
209,tidak,iya,tidak,iya
210,iya,tidak,tidak,tidak
211,tidak,iya,tidak,iya
212,tidak,tidak,iya,iya
213,tidak,iya,iya,tidak
214,iya,tidak,iya,tidak
215,tidak,iya,tidak,tidak
216,iya,tidak,tidak,tidak
217,tidak,tidak,tidak,iya
218,iya,iya,tidak,iya
219,tidak,iya,tidak,tidak
220,tidak,iya,tidak,tidak
221,tidak,iya,tidak,iya
222,iya,tidak,iya,iya
223,iya,tidak,iya,iya
224,iya,tidak,tidak,iya
225,iya,tidak,tidak,tidak
226,tidak,tidak,tidak,tidak
227,iya,iya,tidak,tidak
228,tidak,tidak,tidak,iya
229,iya,tidak,tidak,tidak
230,tidak,tidak,tidak,iya
231,iya,tidak,iya,iya
232,iya,tidak,tidak,tidak
233,tidak,tidak,iya,iya
234,tidak,iya,iya,tidak
235,tidak,tidak,tidak,tidak
236,iya,iya,iya,iya
237,tidak,tidak,tidak,iya
238,tidak,tidak,tidak,iya
239,tidak,tidak,tidak,iya
240,iya,iya,tidak,iya
241,iya,iya,tidak,tidak
242,tidak,tidak,tidak,iya
243,iya,tidak,tidak,tidak
244,iya,tidak,tidak,tidak
245,iya,tidak,iya,iya
246,tidak,iya,tidak,iya
247,tidak,tidak,tidak,tidak
248,tidak,tidak,iya,tidak
249,tidak,iya,tidak,iya
250,iya,tidak,iya,tidak
251,iya,iya,iya,iya
252,iya,iya,iya,iya
253,iya,tidak,tidak,iya
254,tidak,tidak,tidak,tidak
255,iya,tidak,iya,tidak
256,iya,iya,tidak,tidak
257,tidak,iya,tidak,iya
258,iya,tidak,tidak,tidak
259,tidak,iya,iya,iya
260,tidak,iya,tidak,iya
261,tidak,tidak,tidak,tidak
262,tidak,tidak,tidak,iya
263,tidak,iya,iya,tidak
264,tidak,tidak,tidak,tidak
265,iya,iya,tidak,tidak
266,iya,iya,tidak,tidak
267,iya,tidak,tidak,iya
268,iya,iya,tidak,iya
269,iya,tidak,tidak,iya
270,iya,iya,iya,iya
271,iya,tidak,iya,iya
272,iya,iya,iya,iya
273,iya,iya,iya,iya
274,tidak,tidak,tidak,tidak
275,iya,tidak,tidak,iya
276,iya,tidak,iya,iya
277,tidak,tidak,iya,tidak
278,tidak,tidak,iya,tidak
279,tidak,iya,iya,iya
280,iya,iya,iya,iya
281,iya,tidak,iya,tidak
282,tidak,iya,iya,tidak
283,tidak,tidak,tidak,tidak
284,iya,iya,tidak,tidak
285,iya,tidak,iya,tidak
286,tidak,tidak,iya,tidak
287,iya,tidak,tidak,tidak
288,tidak,iya,tidak,tidak
289,tidak,tidak,tidak,iya
290,iya,tidak,tidak,tidak
291,iya,tidak,tidak,iya
292,tidak,tidak,tidak,iya
293,tidak,tidak,iya,iya
294,tidak,iya,tidak,tidak
295,iya,tidak,tidak,tidak
296,iya,tidak,iya,iya
297,tidak,tidak,tidak,iya
298,tidak,tidak,tidak,iya
299,tidak,tidak,iya,tidak
300,iya,tidak,iya,tidak
301,tidak,tidak,tidak,tidak
302,tidak,tidak,iya,tidak
303,iya,tidak,iya,tidak
304,tidak,tidak,iya,tidak
305,tidak,tidak,tidak,tidak
306,tidak,iya,tidak,iya
307,iya,iya,iya,iya
308,iya,tidak,tidak,tidak
309,tidak,tidak,tidak,iya
310,tidak,tidak,tidak,iya
311,tidak,iya,tidak,tidak
312,tidak,tidak,tidak,tidak
313,tidak,tidak,tidak,tidak
314,iya,tidak,iya,iya
315,iya,tidak,tidak,tidak
316,iya,tidak,tidak,tidak
317,iya,iya,iya,tidak
318,iya,tidak,tidak,iya
319,iya,tidak,iya,tidak
320,iya,iya,tidak,tidak
321,iya,tidak,tidak,tidak
322,tidak,tidak,tidak,tidak
323,tidak,tidak,iya,tidak
324,tidak,tidak,tidak,tidak
325,iya,iya,iya,tidak
326,iya,tidak,tidak,tidak
327,tidak,iya,tidak,tidak
328,iya,iya,tidak,tidak
329,tidak,tidak,iya,tidak
330,iya,tidak,tidak,tidak
331,tidak,tidak,tidak,tidak
332,iya,iya,iya,tidak
333,iya,tidak,tidak,tidak
334,iya,tidak,tidak,iya
335,iya,iya,tidak,iya
336,iya,tidak,iya,tidak
337,tidak,tidak,tidak,tidak
338,tidak,tidak,iya,iya
339,tidak,tidak,tidak,tidak
340,iya,tidak,tidak,iya
341,tidak,iya,iya,iya
342,tidak,tidak,tidak,iya
343,iya,tidak,tidak,tidak
344,iya,tidak,tidak,tidak
345,tidak,iya,tidak,tidak
346,tidak,iya,tidak,iya
347,iya,tidak,tidak,tidak
348,iya,tidak,tidak,tidak
349,tidak,iya,iya,tidak
350,iya,tidak,tidak,iya
351,tidak,tidak,tidak,tidak
352,tidak,tidak,tidak,iya
353,tidak,tidak,iya,iya
354,iya,tidak,tidak,tidak
355,iya,iya,tidak,tidak
356,tidak,tidak,iya,iya
357,tidak,tidak,iya,tidak
358,tidak,tidak,iya,iya
359,iya,tidak,tidak,iya
360,tidak,tidak,iya,iya
361,iya,tidak,tidak,iya
362,tidak,tidak,iya,tidak
363,iya,tidak,tidak,iya
364,tidak,tidak,tidak,tidak
365,iya,iya,tidak,iya
366,tidak,tidak,tidak,tidak
367,iya,iya,tidak,iya
368,iya,tidak,iya,iya
369,iya,tidak,iya,iya
370,tidak,tidak,iya,tidak
371,tidak,tidak,tidak,tidak
372,iya,tidak,tidak,tidak
373,iya,tidak,iya,iya
374,tidak,tidak,tidak,iya
375,tidak,tidak,tidak,tidak
376,tidak,iya,tidak,iya
377,iya,tidak,iya,tidak
378,iya,tidak,tidak,iya
379,iya,iya,tidak,tidak
380,tidak,tidak,iya,tidak
381,tidak,iya,tidak,iya
382,iya,iya,iya,iya
383,tidak,tidak,tidak,tidak
384,tidak,tidak,tidak,tidak
385,iya,iya,tidak,iya
386,tidak,tidak,tidak,iya
387,iya,tidak,iya,iya
388,tidak,tidak,iya,tidak
389,tidak,tidak,iya,iya
390,tidak,iya,iya,iya
391,iya,tidak,tidak,tidak
392,tidak,tidak,tidak,tidak
393,iya,tidak,iya,iya
394,tidak,tidak,tidak,tidak
395,tidak,tidak,tidak,tidak
396,tidak,iya,iya,tidak
397,iya,iya,iya,iya
398,tidak,tidak,tidak,tidak
399,iya,tidak,iya,iya
400,iya,tidak,iya,tidak
401,tidak,tidak,tidak,tidak
402,iya,tidak,iya,iya
403,tidak,iya,tidak,iya
404,tidak,tidak,iya,tidak
405,tidak,iya,tidak,iya
406,iya,tidak,iya,iya
407,tidak,iya,iya,iya
408,tidak,tidak,iya,iya
409,tidak,iya,iya,tidak
410,tidak,iya,tidak,tidak
411,iya,iya,iya,iya
412,tidak,iya,iya,tidak
413,iya,iya,tidak,iya
414,iya,tidak,tidak,tidak
415,iya,tidak,tidak,tidak
416,tidak,tidak,iya,tidak
417,tidak,tidak,iya,iya
418,iya,iya,iya,tidak
419,tidak,tidak,tidak,tidak
420,tidak,tidak,tidak,iya
421,tidak,tidak,tidak,iya
422,iya,tidak,iya,tidak
423,tidak,tidak,tidak,tidak
424,tidak,tidak,iya,tidak
425,iya,tidak,tidak,iya
426,tidak,tidak,tidak,iya
427,tidak,tidak,iya,iya
428,tidak,iya,tidak,iya
429,tidak,iya,tidak,iya
430,tidak,tidak,iya,tidak
431,tidak,tidak,tidak,tidak
432,tidak,tidak,iya,iya
433,tidak,iya,tidak,iya
434,tidak,tidak,iya,iya
435,iya,iya,iya,iya
436,tidak,iya,tidak,tidak
437,tidak,iya,iya,tidak
438,iya,iya,tidak,iya
439,iya,iya,tidak,tidak
440,tidak,iya,iya,tidak
441,iya,iya,iya,tidak
442,iya,tidak,tidak,iya
443,tidak,iya,iya,iya
444,iya,iya,iya,tidak
445,tidak,tidak,tidak,iya
446,iya,tidak,iya,iya
447,tidak,iya,tidak,iya
448,tidak,tidak,tidak,iya
449,iya,iya,iya,tidak
450,tidak,tidak,iya,tidak
451,tidak,iya,tidak,tidak
452,iya,tidak,iya,iya
453,tidak,tidak,iya,tidak
454,iya,iya,tidak,iya
455,tidak,tidak,iya,tidak
456,iya,iya,tidak,iya
457,tidak,tidak,tidak,iya
458,tidak,iya,iya,iya
459,tidak,tidak,iya,tidak
460,iya,tidak,tidak,tidak
461,tidak,iya,tidak,tidak
462,tidak,tidak,tidak,iya
463,tidak,iya,tidak,iya
464,tidak,iya,iya,tidak
465,tidak,tidak,iya,tidak
466,iya,tidak,iya,tidak
467,tidak,tidak,tidak,tidak
468,tidak,tidak,tidak,tidak
469,iya,tidak,iya,iya
470,iya,tidak,tidak,iya
471,iya,iya,tidak,tidak
472,iya,tidak,iya,tidak
473,tidak,tidak,iya,tidak
474,iya,tidak,tidak,tidak
475,tidak,tidak,tidak,iya
476,iya,iya,tidak,tidak
477,tidak,tidak,tidak,tidak
478,tidak,iya,tidak,tidak
479,iya,iya,iya,tidak
480,iya,tidak,iya,tidak
481,iya,iya,tidak,iya
482,tidak,iya,iya,iya
483,tidak,iya,iya,tidak
484,iya,tidak,iya,iya
485,tidak,tidak,iya,iya
486,iya,tidak,iya,iya
487,tidak,tidak,tidak,iya
488,tidak,tidak,iya,iya
489,iya,iya,tidak,tidak
490,iya,tidak,iya,tidak
491,iya,tidak,iya,iya
492,tidak,tidak,tidak,iya
493,iya,tidak,tidak,tidak
494,iya,tidak,tidak,iya
495,iya,iya,tidak,tidak
496,iya,iya,iya,iya
497,iya,tidak,tidak,iya
498,tidak,tidak,tidak,tidak
499,iya,iya,iya,iya
500,iya,tidak,tidak,tidak
501,iya,tidak,iya,tidak
502,iya,tidak,tidak,iya
503,iya,tidak,tidak,tidak
504,iya,iya,iya,tidak
505,tidak,iya,iya,iya
506,tidak,tidak,tidak,iya
507,iya,tidak,tidak,tidak
508,tidak,tidak,iya,iya
509,tidak,tidak,tidak,tidak
510,iya,iya,tidak,iya
511,iya,tidak,iya,tidak
512,iya,tidak,iya,iya
513,iya,tidak,iya,iya
514,tidak,tidak,tidak,tidak
515,tidak,tidak,tidak,tidak
516,iya,tidak,iya,tidak
517,iya,iya,tidak,iya
518,tidak,tidak,tidak,tidak
519,tidak,iya,iya,iya
520,iya,iya,iya,tidak
521,iya,iya,tidak,tidak
522,tidak,tidak,tidak,iya
523,tidak,iya,tidak,iya
524,tidak,iya,iya,iya
525,tidak,tidak,iya,iya
526,tidak,iya,tidak,iya
527,tidak,tidak,tidak,tidak
528,tidak,iya,iya,tidak
529,tidak,tidak,iya,tidak
530,tidak,iya,iya,iya
531,tidak,tidak,tidak,tidak
532,iya,tidak,iya,iya
533,tidak,tidak,tidak,iya
534,iya,tidak,tidak,iya
535,iya,iya,tidak,tidak
536,tidak,tidak,iya,tidak
537,tidak,tidak,tidak,tidak
538,iya,iya,tidak,tidak
539,tidak,tidak,tidak,tidak
540,tidak,tidak,tidak,tidak
541,iya,tidak,tidak,iya
542,tidak,iya,tidak,iya
543,iya,iya,iya,iya
544,iya,iya,tidak,tidak
545,tidak,iya,tidak,iya
546,tidak,tidak,tidak,iya
547,iya,iya,iya,iya
548,iya,tidak,tidak,iya
549,tidak,tidak,tidak,iya
550,tidak,tidak,iya,tidak
551,tidak,tidak,iya,iya
552,tidak,iya,iya,iya
553,tidak,tidak,tidak,tidak
554,tidak,iya,tidak,tidak
555,iya,tidak,iya,tidak
556,iya,tidak,iya,iya
557,iya,tidak,iya,iya
558,iya,tidak,tidak,iya
559,tidak,iya,iya,tidak
560,tidak,iya,iya,tidak
561,iya,tidak,tidak,iya
562,tidak,tidak,iya,tidak
563,tidak,tidak,iya,tidak
564,tidak,tidak,tidak,iya
565,tidak,iya,tidak,iya
566,tidak,tidak,tidak,iya
567,tidak,tidak,iya,tidak
568,tidak,iya,iya,tidak
569,iya,tidak,iya,iya
570,tidak,iya,iya,tidak
571,iya,iya,tidak,tidak
572,iya,tidak,iya,tidak
573,iya,iya,tidak,tidak
574,iya,iya,iya,tidak
575,tidak,tidak,tidak,tidak
576,iya,tidak,tidak,tidak
577,iya,tidak,tidak,tidak
578,tidak,iya,tidak,tidak
579,iya,tidak,iya,iya
580,tidak,tidak,tidak,tidak
581,tidak,tidak,tidak,tidak
582,iya,tidak,iya,tidak
583,tidak,tidak,tidak,tidak
584,tidak,tidak,iya,tidak
585,iya,tidak,iya,tidak
586,tidak,iya,tidak,tidak
587,iya,iya,tidak,tidak
588,iya,tidak,iya,tidak
589,iya,iya,iya,tidak
590,iya,tidak,tidak,tidak
591,iya,iya,tidak,tidak
592,iya,tidak,iya,iya
593,tidak,tidak,tidak,tidak
594,tidak,tidak,tidak,iya
595,tidak,tidak,iya,iya
596,iya,iya,iya,tidak
597,iya,tidak,tidak,iya
598,iya,tidak,tidak,iya
599,iya,iya,tidak,tidak
600,iya,iya,tidak,tidak
601,iya,tidak,tidak,tidak
602,tidak,tidak,iya,iya
603,tidak,iya,iya,tidak
604,tidak,tidak,tidak,iya
605,tidak,iya,iya,tidak
606,tidak,iya,tidak,iya
607,iya,tidak,tidak,tidak
608,tidak,iya,tidak,iya
609,tidak,tidak,tidak,iya
610,iya,iya,tidak,tidak
611,tidak,tidak,iya,iya
612,iya,iya,tidak,tidak
613,iya,iya,tidak,tidak
614,iya,tidak,tidak,iya
615,iya,iya,iya,tidak
616,iya,tidak,tidak,tidak
617,tidak,iya,tidak,tidak
618,iya,iya,tidak,iya
619,tidak,iya,tidak,tidak
620,tidak,iya,tidak,iya
621,tidak,tidak,tidak,iya
622,iya,tidak,iya,tidak
623,iya,iya,iya,tidak
624,iya,iya,tidak,iya
625,tidak,tidak,tidak,iya
626,tidak,tidak,tidak,tidak
627,iya,tidak,iya,tidak
628,iya,iya,tidak,iya
629,tidak,iya,iya,iya
630,tidak,tidak,tidak,iya
631,tidak,tidak,tidak,tidak
632,tidak,iya,tidak,iya
633,iya,iya,tidak,tidak
634,tidak,tidak,tidak,iya
635,tidak,iya,tidak,iya
636,tidak,tidak,tidak,tidak
637,iya,iya,iya,tidak
638,tidak,iya,iya,iya
639,tidak,iya,tidak,iya
640,iya,iya,tidak,iya
641,iya,tidak,tidak,iya
642,iya,iya,iya,tidak
643,tidak,iya,tidak,iya
644,iya,tidak,iya,iya
645,tidak,tidak,iya,tidak
646,tidak,tidak,tidak,iya
647,iya,iya,iya,iya
648,tidak,iya,tidak,iya
649,tidak,tidak,tidak,tidak
650,iya,tidak,iya,tidak
651,tidak,tidak,tidak,iya
652,iya,tidak,iya,tidak
653,iya,tidak,iya,tidak
654,iya,iya,iya,iya
655,iya,iya,iya,tidak
656,iya,tidak,tidak,tidak
657,iya,tidak,tidak,tidak
658,iya,tidak,iya,iya
659,iya,tidak,tidak,tidak
660,iya,iya,tidak,iya
661,tidak,tidak,tidak,iya
662,iya,tidak,tidak,tidak
663,tidak,iya,tidak,tidak
664,tidak,tidak,tidak,tidak
665,tidak,tidak,tidak,iya
666,iya,tidak,iya,iya
667,iya,tidak,tidak,iya
668,iya,tidak,iya,tidak
669,iya,iya,tidak,tidak
670,iya,iya,iya,tidak
671,tidak,iya,iya,iya
672,tidak,iya,tidak,iya
673,tidak,iya,tidak,iya
674,tidak,tidak,iya,iya
675,iya,iya,iya,tidak
676,tidak,tidak,iya,iya
677,iya,tidak,tidak,iya
678,iya,iya,iya,tidak
679,tidak,iya,tidak,iya
680,tidak,tidak,tidak,iya
681,tidak,tidak,tidak,tidak
682,tidak,tidak,tidak,tidak
683,iya,iya,iya,tidak
684,tidak,iya,iya,iya
685,iya,iya,iya,iya
686,iya,iya,tidak,tidak
687,tidak,tidak,tidak,iya
688,tidak,tidak,iya,tidak
689,iya,iya,tidak,tidak
690,tidak,tidak,iya,tidak
691,tidak,tidak,iya,tidak
692,iya,iya,tidak,tidak
693,tidak,iya,tidak,iya
694,iya,tidak,tidak,iya
695,tidak,iya,iya,tidak
696,tidak,tidak,iya,tidak
697,iya,tidak,tidak,tidak
698,tidak,tidak,tidak,tidak
699,tidak,iya,tidak,tidak
700,iya,tidak,iya,iya
701,tidak,iya,tidak,tidak
702,tidak,tidak,tidak,tidak
703,tidak,tidak,iya,tidak
704,tidak,tidak,iya,iya
705,iya,tidak,tidak,tidak
706,tidak,tidak,tidak,tidak
707,iya,tidak,iya,tidak
708,tidak,iya,tidak,tidak
709,iya,iya,tidak,iya
710,tidak,tidak,tidak,tidak
711,iya,tidak,iya,iya
712,iya,tidak,iya,tidak
713,tidak,tidak,iya,tidak
714,tidak,iya,tidak,iya
715,tidak,tidak,tidak,iya
716,iya,iya,tidak,tidak
717,iya,iya,tidak,iya
718,iya,tidak,tidak,tidak
719,iya,iya,iya,iya
720,tidak,tidak,tidak,iya
721,tidak,tidak,tidak,tidak
722,iya,iya,tidak,tidak
723,tidak,iya,tidak,tidak
724,tidak,tidak,tidak,iya
725,iya,iya,tidak,tidak
726,tidak,iya,tidak,tidak
727,tidak,iya,tidak,iya
728,iya,tidak,tidak,tidak
729,tidak,iya,tidak,tidak
730,tidak,iya,tidak,tidak
731,tidak,tidak,tidak,tidak
732,iya,tidak,tidak,iya
733,tidak,tidak,iya,iya
734,tidak,tidak,tidak,tidak
735,iya,tidak,tidak,tidak
736,tidak,iya,tidak,tidak
737,tidak,iya,tidak,tidak
738,tidak,tidak,tidak,tidak
739,tidak,iya,tidak,tidak
740,iya,iya,tidak,tidak
741,iya,tidak,iya,iya
742,tidak,tidak,iya,tidak
743,iya,tidak,iya,iya
744,iya,tidak,tidak,tidak
745,tidak,tidak,tidak,iya
746,tidak,tidak,iya,iya
747,iya,iya,tidak,iya
748,tidak,tidak,tidak,tidak
749,iya,tidak,iya,tidak
750,iya,iya,tidak,iya
751,tidak,iya,tidak,tidak
752,tidak,iya,tidak,tidak
753,tidak,tidak,iya,iya
754,tidak,iya,iya,iya
755,tidak,tidak,iya,iya
756,iya,iya,tidak,tidak
757,tidak,tidak,iya,tidak
758,iya,tidak,iya,tidak
759,tidak,iya,iya,iya
760,iya,tidak,tidak,tidak
761,iya,tidak,iya,tidak
762,iya,tidak,tidak,iya
763,tidak,tidak,iya,tidak
764,tidak,tidak,iya,iya
765,tidak,iya,iya,tidak
766,tidak,tidak,iya,tidak
767,iya,tidak,tidak,tidak
768,iya,iya,tidak,iya
769,iya,iya,tidak,tidak
770,iya,iya,tidak,iya
771,iya,tidak,iya,iya
772,iya,tidak,tidak,iya
773,tidak,tidak,tidak,iya
774,tidak,iya,tidak,tidak
775,iya,tidak,tidak,tidak
776,iya,iya,iya,tidak
777,tidak,iya,iya,iya
778,tidak,tidak,iya,iya
779,tidak,tidak,tidak,iya
780,tidak,tidak,tidak,tidak
781,tidak,tidak,iya,tidak
782,iya,iya,tidak,tidak
783,tidak,tidak,iya,iya
784,tidak,tidak,iya,tidak
785,tidak,tidak,tidak,tidak
786,iya,tidak,tidak,iya
787,tidak,tidak,tidak,iya
788,tidak,tidak,iya,tidak
789,tidak,tidak,tidak,iya
790,tidak,iya,tidak,tidak
791,tidak,iya,tidak,tidak
792,iya,iya,tidak,iya
793,tidak,iya,iya,tidak
794,iya,tidak,tidak,iya
795,iya,iya,tidak,tidak
796,iya,tidak,tidak,iya
797,iya,tidak,tidak,tidak
798,iya,tidak,tidak,iya
799,iya,tidak,tidak,iya
800,tidak,iya,iya,tidak
801,iya,tidak,tidak,tidak
802,tidak,tidak,tidak,tidak
803,tidak,tidak,tidak,iya
804,tidak,iya,tidak,tidak
805,iya,tidak,iya,tidak
806,iya,tidak,iya,iya
807,iya,iya,tidak,iya
808,tidak,tidak,tidak,tidak
809,tidak,iya,tidak,iya
810,tidak,iya,tidak,tidak
811,iya,tidak,iya,iya
812,tidak,iya,iya,tidak
813,tidak,iya,tidak,tidak
814,iya,tidak,iya,iya
815,iya,tidak,iya,tidak
816,iya,iya,iya,tidak
817,tidak,tidak,tidak,iya
818,iya,tidak,tidak,iya
819,iya,iya,tidak,tidak
820,iya,tidak,tidak,iya
821,iya,iya,tidak,iya
822,iya,tidak,iya,iya
823,tidak,iya,tidak,tidak
824,tidak,tidak,tidak,tidak
825,iya,tidak,iya,tidak
826,iya,tidak,tidak,tidak
827,tidak,tidak,tidak,tidak
828,iya,tidak,iya,tidak
829,tidak,tidak,iya,iya
830,tidak,iya,iya,iya
831,tidak,tidak,iya,tidak
832,tidak,tidak,iya,tidak
833,iya,tidak,iya,tidak
834,iya,iya,tidak,tidak
835,iya,iya,iya,iya
836,iya,iya,iya,tidak
837,tidak,tidak,tidak,iya
838,tidak,tidak,tidak,tidak
839,iya,tidak,tidak,iya
840,iya,iya,iya,iya
841,tidak,tidak,tidak,tidak
842,iya,iya,iya,tidak
843,iya,tidak,iya,iya
844,tidak,tidak,iya,tidak
845,tidak,tidak,tidak,tidak
846,tidak,tidak,iya,tidak
847,tidak,tidak,tidak,tidak
848,iya,tidak,tidak,tidak
849,iya,tidak,tidak,tidak
850,iya,iya,tidak,iya
851,iya,tidak,tidak,tidak
852,iya,tidak,tidak,tidak
853,tidak,tidak,iya,tidak
854,iya,tidak,tidak,tidak
855,iya,tidak,iya,iya
856,iya,tidak,tidak,iya
857,tidak,tidak,tidak,iya
858,tidak,tidak,tidak,tidak
859,tidak,iya,tidak,tidak
860,iya,tidak,tidak,tidak
861,tidak,tidak,tidak,tidak
862,tidak,tidak,tidak,tidak
863,iya,tidak,tidak,iya
864,tidak,tidak,tidak,tidak
865,tidak,tidak,tidak,tidak
866,iya,tidak,iya,iya
867,tidak,iya,tidak,iya
868,tidak,tidak,tidak,tidak
869,tidak,iya,tidak,tidak
870,tidak,iya,iya,iya
871,tidak,iya,tidak,tidak
872,iya,iya,tidak,iya
873,tidak,tidak,iya,tidak
874,tidak,tidak,tidak,tidak
875,tidak,iya,tidak,tidak
876,tidak,tidak,tidak,iya
877,iya,iya,iya,iya
878,tidak,tidak,tidak,iya
879,tidak,tidak,tidak,iya
880,tidak,tidak,tidak,tidak
881,tidak,tidak,iya,iya
882,tidak,tidak,tidak,iya
883,iya,iya,tidak,iya
884,tidak,tidak,tidak,tidak
885,tidak,tidak,tidak,iya
886,tidak,tidak,iya,iya
887,tidak,tidak,tidak,iya
888,tidak,tidak,tidak,tidak
889,tidak,tidak,tidak,iya
890,iya,tidak,iya,iya
891,iya,iya,tidak,tidak
892,tidak,iya,tidak,tidak
893,tidak,iya,tidak,tidak
894,tidak,tidak,tidak,iya
895,iya,tidak,tidak,iya
896,iya,iya,tidak,tidak
897,tidak,iya,tidak,iya
898,tidak,tidak,tidak,tidak
899,iya,tidak,iya,tidak
900,tidak,tidak,tidak,tidak
901,tidak,tidak,iya,tidak
902,iya,iya,tidak,iya
903,tidak,tidak,tidak,iya
904,tidak,tidak,tidak,tidak
905,iya,iya,tidak,iya
906,iya,tidak,tidak,iya
907,iya,iya,tidak,tidak
908,tidak,iya,iya,tidak
909,iya,tidak,tidak,iya
910,iya,tidak,tidak,iya
911,tidak,tidak,iya,tidak
912,tidak,tidak,tidak,tidak
913,iya,iya,iya,iya
914,tidak,iya,tidak,tidak
915,tidak,iya,tidak,iya
916,tidak,iya,iya,tidak
917,tidak,tidak,tidak,tidak
918,iya,iya,tidak,tidak
919,tidak,iya,iya,tidak
920,tidak,tidak,iya,tidak
921,iya,iya,iya,tidak
922,iya,tidak,tidak,iya
923,iya,iya,iya,tidak
924,tidak,iya,tidak,iya
925,tidak,tidak,iya,iya
926,iya,tidak,tidak,iya
927,tidak,tidak,tidak,tidak
928,tidak,tidak,iya,iya
929,iya,tidak,iya,iya
930,tidak,tidak,iya,tidak
931,tidak,tidak,tidak,tidak
932,iya,tidak,tidak,tidak
933,tidak,tidak,iya,tidak
934,tidak,tidak,tidak,iya
935,tidak,iya,iya,iya
936,tidak,iya,iya,iya
937,iya,tidak,iya,tidak
938,iya,tidak,iya,iya
939,tidak,iya,iya,iya
940,tidak,tidak,tidak,tidak
941,tidak,iya,iya,iya
942,iya,tidak,tidak,tidak
943,iya,tidak,tidak,tidak
944,tidak,iya,tidak,iya
945,iya,iya,iya,iya
946,tidak,iya,iya,tidak
947,tidak,iya,tidak,iya
948,tidak,tidak,iya,tidak
949,iya,tidak,iya,iya
950,tidak,tidak,tidak,tidak
951,iya,tidak,tidak,iya
952,tidak,iya,tidak,iya
953,iya,tidak,iya,tidak
954,tidak,tidak,iya,iya
955,tidak,tidak,tidak,iya
956,tidak,tidak,tidak,tidak
957,iya,tidak,tidak,iya
958,iya,tidak,tidak,iya
959,tidak,tidak,tidak,tidak
960,tidak,iya,tidak,tidak
961,iya,tidak,iya,tidak
962,tidak,tidak,tidak,tidak
963,iya,iya,tidak,tidak
964,iya,iya,tidak,tidak
965,iya,tidak,tidak,iya
966,iya,tidak,iya,iya
967,iya,iya,tidak,iya
968,tidak,tidak,tidak,iya
969,tidak,tidak,tidak,tidak
970,tidak,tidak,tidak,iya
971,iya,iya,tidak,tidak
972,iya,iya,tidak,iya
973,tidak,iya,tidak,tidak
974,tidak,tidak,tidak,tidak
975,tidak,tidak,tidak,tidak
976,iya,iya,iya,iya
977,tidak,tidak,tidak,iya
978,iya,tidak,iya,tidak
979,tidak,tidak,tidak,tidak
980,iya,tidak,tidak,iya
981,tidak,iya,tidak,tidak
982,tidak,tidak,tidak,iya
983,iya,tidak,tidak,tidak
984,iya,tidak,tidak,tidak
985,iya,iya,iya,tidak
986,iya,iya,iya,iya
987,tidak,iya,iya,tidak
988,iya,tidak,tidak,tidak
989,iya,iya,tidak,iya
990,tidak,tidak,tidak,tidak
991,tidak,tidak,tidak,tidak
992,iya,tidak,tidak,iya
993,iya,tidak,iya,iya
994,iya,iya,tidak,tidak
995,tidak,iya,tidak,tidak
996,iya,iya,iya,tidak
997,tidak,iya,tidak,iya
998,tidak,tidak,iya,iya
999,iya,tidak,iya,iya
1000,iya,iya,tidak,iya
1001,tidak,iya,tidak,tidak
1002,tidak,iya,iya,tidak
1003,tidak,tidak,iya,iya
1004,tidak,iya,tidak,tidak
1005,tidak,iya,tidak,iya
1006,tidak,tidak,tidak,tidak
1007,tidak,iya,tidak,tidak
1008,iya,tidak,tidak,iya
1009,tidak,tidak,tidak,iya
1010,tidak,iya,tidak,iya
1011,iya,iya,tidak,iya
1012,iya,tidak,tidak,tidak
1013,tidak,iya,tidak,iya
1014,tidak,tidak,tidak,iya
1015,iya,tidak,iya,tidak
1016,tidak,tidak,tidak,iya
1017,iya,iya,tidak,iya
1018,tidak,iya,tidak,iya
1019,iya,tidak,tidak,iya
1020,iya,iya,iya,iya
1021,tidak,iya,tidak,tidak
1022,tidak,tidak,tidak,tidak
1023,iya,iya,iya,iya
1024,tidak,iya,iya,iya
1025,tidak,tidak,tidak,tidak
1026,tidak,tidak,iya,tidak
1027,tidak,tidak,iya,tidak
1028,iya,iya,iya,iya
1029,tidak,iya,tidak,tidak
1030,iya,tidak,iya,iya
1031,iya,iya,tidak,tidak
1032,iya,tidak,iya,iya
1033,iya,tidak,tidak,iya
1034,iya,iya,tidak,iya
1035,iya,tidak,tidak,tidak
1036,tidak,tidak,tidak,iya
1037,tidak,tidak,tidak,tidak
1038,tidak,tidak,tidak,tidak
1039,tidak,iya,iya,tidak
1040,tidak,tidak,iya,tidak
1041,iya,iya,tidak,tidak
1042,tidak,iya,iya,iya
1043,tidak,tidak,tidak,tidak
1044,tidak,iya,tidak,iya
1045,iya,iya,tidak,tidak
1046,tidak,tidak,iya,iya
1047,iya,tidak,tidak,tidak
1048,tidak,iya,tidak,tidak
1049,iya,tidak,tidak,tidak
1050,tidak,tidak,tidak,iya
1051,tidak,tidak,tidak,iya
1052,iya,tidak,iya,iya
1053,tidak,tidak,tidak,tidak
1054,tidak,tidak,iya,tidak
1055,iya,tidak,iya,tidak
1056,iya,tidak,iya,tidak
1057,iya,iya,iya,iya
1058,iya,iya,tidak,tidak
1059,iya,tidak,iya,tidak
1060,tidak,tidak,tidak,tidak
1061,iya,iya,iya,tidak
1062,iya,tidak,iya,iya
1063,tidak,iya,tidak,tidak
1064,iya,tidak,tidak,tidak
1065,tidak,tidak,tidak,iya
1066,tidak,tidak,tidak,tidak
1067,tidak,iya,tidak,tidak
1068,tidak,tidak,tidak,iya
1069,iya,iya,tidak,iya
1070,tidak,tidak,iya,iya
1071,tidak,tidak,tidak,iya
1072,tidak,tidak,iya,iya
1073,tidak,tidak,iya,tidak
1074,tidak,tidak,iya,tidak
1075,iya,tidak,iya,iya
1076,tidak,tidak,tidak,tidak
1077,tidak,tidak,tidak,tidak
1078,iya,iya,iya,iya
1079,iya,iya,iya,tidak
1080,tidak,tidak,iya,tidak
1081,iya,tidak,iya,iya
1082,iya,tidak,iya,iya
1083,tidak,tidak,tidak,tidak
1084,iya,tidak,tidak,tidak
1085,tidak,tidak,tidak,tidak
1086,tidak,iya,tidak,tidak
1087,tidak,iya,iya,iya
1088,iya,tidak,iya,iya
1089,iya,iya,tidak,tidak
1090,tidak,tidak,tidak,iya
1091,tidak,tidak,iya,iya
1092,tidak,iya,tidak,iya
1093,tidak,tidak,tidak,tidak
1094,iya,iya,tidak,tidak
1095,iya,tidak,iya,iya
1096,tidak,iya,iya,iya
1097,tidak,tidak,tidak,tidak
1098,iya,iya,iya,iya
1099,iya,tidak,iya,iya
1100,tidak,tidak,tidak,iya
1101,tidak,iya,tidak,tidak
1102,tidak,iya,iya,iya
1103,iya,iya,tidak,iya
1104,tidak,tidak,tidak,iya
1105,tidak,tidak,tidak,iya
1106,tidak,tidak,tidak,tidak
1107,tidak,tidak,tidak,tidak
1108,iya,iya,iya,tidak
1109,tidak,iya,tidak,tidak
1110,tidak,iya,tidak,tidak
1111,tidak,tidak,iya,tidak
1112,tidak,tidak,tidak,iya
1113,tidak,iya,iya,iya
1114,iya,iya,tidak,tidak
1115,tidak,iya,iya,iya
1116,tidak,iya,tidak,tidak
1117,iya,iya,tidak,tidak
1118,iya,tidak,tidak,iya
1119,tidak,iya,tidak,tidak
1120,tidak,tidak,tidak,iya
1121,iya,iya,iya,tidak
1122,tidak,iya,tidak,iya
1123,iya,tidak,iya,tidak
1124,iya,tidak,iya,tidak
1125,tidak,tidak,iya,tidak
1126,tidak,tidak,tidak,iya
1127,tidak,tidak,tidak,tidak
1128,iya,tidak,iya,tidak
1129,iya,tidak,tidak,tidak
1130,tidak,tidak,tidak,tidak
1131,tidak,tidak,iya,tidak
1132,iya,tidak,tidak,tidak
1133,iya,tidak,tidak,iya
1134,iya,iya,tidak,tidak
1135,tidak,iya,iya,tidak
1136,tidak,iya,iya,iya
1137,tidak,tidak,iya,tidak
1138,iya,iya,iya,iya
1139,tidak,tidak,tidak,tidak
1140,iya,tidak,tidak,iya
1141,tidak,tidak,tidak,iya
1142,tidak,tidak,tidak,tidak
1143,iya,tidak,tidak,tidak
1144,iya,iya,tidak,tidak
1145,tidak,iya,tidak,iya
1146,tidak,iya,tidak,tidak
1147,iya,iya,tidak,iya
1148,iya,iya,iya,iya
1149,iya,tidak,tidak,tidak
1150,tidak,iya,tidak,iya
1151,tidak,iya,tidak,tidak
1152,iya,tidak,iya,tidak
1153,iya,iya,tidak,tidak
1154,iya,tidak,tidak,tidak
1155,iya,tidak,tidak,tidak
1156,tidak,iya,tidak,tidak
1157,tidak,iya,tidak,iya
1158,iya,iya,tidak,iya
1159,tidak,iya,tidak,iya
1160,iya,tidak,iya,iya
1161,tidak,tidak,tidak,iya
1162,tidak,tidak,iya,tidak
1163,tidak,iya,tidak,tidak
1164,tidak,tidak,tidak,tidak
1165,iya,iya,tidak,tidak
1166,tidak,tidak,iya,iya
1167,tidak,iya,tidak,iya
1168,iya,tidak,tidak,iya
1169,tidak,tidak,tidak,tidak
1170,iya,tidak,tidak,iya
1171,tidak,tidak,tidak,iya
1172,tidak,tidak,tidak,tidak
1173,tidak,iya,iya,tidak
1174,iya,tidak,iya,iya
1175,iya,iya,tidak,iya
1176,iya,iya,tidak,iya
1177,tidak,iya,tidak,iya
1178,iya,tidak,iya,iya
1179,tidak,iya,iya,tidak
1180,iya,tidak,tidak,iya
1181,iya,tidak,iya,iya
1182,tidak,tidak,tidak,tidak
1183,tidak,tidak,tidak,tidak
1184,tidak,iya,iya,tidak
1185,iya,tidak,tidak,iya
1186,iya,tidak,tidak,tidak
1187,iya,tidak,tidak,tidak
1188,iya,tidak,iya,iya
1189,iya,tidak,tidak,tidak
1190,tidak,tidak,tidak,iya
1191,iya,tidak,tidak,iya
1192,tidak,iya,tidak,tidak
1193,iya,iya,iya,tidak
1194,tidak,tidak,tidak,tidak
1195,tidak,iya,iya,tidak
1196,iya,tidak,tidak,iya
1197,iya,iya,tidak,tidak
1198,iya,tidak,tidak,tidak
1199,iya,iya,iya,tidak
1200,iya,tidak,tidak,tidak
1201,tidak,tidak,iya,tidak
1202,tidak,tidak,iya,iya
1203,iya,tidak,iya,tidak
1204,iya,iya,iya,tidak
1205,tidak,iya,tidak,iya
1206,tidak,tidak,tidak,iya
1207,iya,tidak,tidak,tidak
1208,iya,tidak,tidak,tidak
1209,tidak,tidak,tidak,tidak
1210,tidak,tidak,tidak,tidak
1211,iya,tidak,tidak,iya
1212,tidak,iya,tidak,tidak
1213,tidak,tidak,tidak,iya
1214,tidak,iya,tidak,iya
1215,tidak,iya,tidak,iya
1216,tidak,tidak,iya,tidak
1217,tidak,tidak,tidak,tidak
1218,tidak,iya,iya,tidak
1219,iya,tidak,iya,iya
1220,tidak,tidak,iya,tidak
1221,tidak,iya,tidak,tidak
1222,tidak,tidak,iya,tidak
1223,tidak,iya,tidak,tidak
1224,tidak,tidak,iya,iya
1225,iya,iya,tidak,iya
1226,tidak,iya,iya,iya
1227,tidak,tidak,iya,iya
1228,iya,iya,tidak,tidak
1229,tidak,iya,tidak,tidak
1230,tidak,tidak,tidak,tidak
1231,iya,iya,tidak,tidak
1232,iya,tidak,tidak,iya
1233,iya,iya,tidak,iya
1234,iya,tidak,tidak,iya
1235,iya,tidak,tidak,iya
1236,iya,tidak,tidak,tidak
1237,tidak,tidak,iya,tidak
1238,iya,iya,tidak,iya
1239,tidak,tidak,tidak,iya
1240,iya,tidak,tidak,tidak
1241,tidak,tidak,tidak,tidak
1242,tidak,tidak,iya,tidak
1243,tidak,tidak,tidak,iya
1244,tidak,tidak,tidak,tidak
1245,tidak,iya,iya,tidak
1246,iya,tidak,tidak,iya
1247,tidak,iya,tidak,iya
1248,iya,iya,iya,tidak
1249,tidak,tidak,tidak,tidak
1250,iya,iya,tidak,iya
1251,tidak,tidak,tidak,tidak
1252,iya,tidak,tidak,tidak
1253,iya,tidak,tidak,iya
1254,iya,tidak,tidak,iya
1255,tidak,tidak,iya,iya
1256,tidak,iya,tidak,iya
1257,tidak,iya,iya,tidak
1258,tidak,iya,tidak,iya
1259,tidak,tidak,tidak,iya
1260,iya,iya,iya,iya
1261,iya,iya,tidak,iya
1262,tidak,tidak,tidak,iya
1263,iya,tidak,tidak,iya
1264,tidak,tidak,tidak,tidak
1265,tidak,tidak,tidak,tidak
1266,iya,iya,iya,tidak
1267,iya,iya,iya,tidak
1268,iya,tidak,tidak,tidak
1269,tidak,iya,iya,tidak
1270,tidak,iya,iya,iya
1271,iya,iya,tidak,tidak
1272,iya,tidak,tidak,iya
1273,tidak,tidak,iya,tidak
1274,iya,tidak,tidak,tidak
1275,tidak,iya,tidak,iya
1276,tidak,iya,tidak,tidak
1277,iya,tidak,iya,iya
1278,tidak,tidak,iya,iya
1279,iya,iya,iya,tidak
1280,iya,tidak,tidak,tidak
1281,iya,tidak,tidak,tidak
1282,tidak,tidak,tidak,iya
1283,iya,tidak,iya,iya
1284,iya,tidak,iya,iya
1285,tidak,tidak,iya,tidak
1286,tidak,iya,tidak,tidak
1287,iya,iya,tidak,tidak
1288,tidak,tidak,tidak,tidak
1289,tidak,tidak,tidak,tidak
1290,tidak,tidak,tidak,tidak
1291,tidak,tidak,tidak,iya
1292,tidak,iya,iya,iya
1293,tidak,tidak,iya,tidak
1294,iya,tidak,tidak,iya
1295,iya,iya,tidak,iya
1296,iya,iya,tidak,iya
1297,tidak,tidak,tidak,tidak
1298,iya,tidak,tidak,iya
1299,iya,tidak,iya,iya
1300,tidak,tidak,tidak,iya
1301,tidak,tidak,tidak,iya
1302,tidak,iya,tidak,tidak
1303,tidak,tidak,iya,tidak
1304,iya,iya,iya,iya
1305,tidak,iya,iya,tidak
1306,tidak,tidak,tidak,tidak
1307,tidak,tidak,tidak,tidak
1308,iya,iya,iya,iya
1309,tidak,tidak,tidak,iya
1310,iya,tidak,tidak,iya
1311,iya,tidak,tidak,iya
1312,tidak,iya,tidak,tidak
1313,tidak,tidak,tidak,iya
1314,tidak,tidak,iya,tidak
1315,iya,iya,tidak,tidak
1316,tidak,iya,iya,iya
1317,iya,iya,iya,tidak
1318,tidak,iya,tidak,tidak
1319,tidak,tidak,tidak,tidak
1320,tidak,iya,tidak,iya
1321,tidak,tidak,iya,tidak
1322,iya,iya,tidak,tidak
1323,tidak,tidak,iya,iya
1324,iya,iya,iya,tidak
1325,tidak,iya,iya,tidak
1326,iya,tidak,iya,iya
1327,tidak,iya,tidak,iya
1328,tidak,iya,tidak,iya
1329,iya,tidak,tidak,iya
1330,tidak,tidak,tidak,tidak
1331,tidak,iya,iya,iya
1332,tidak,iya,iya,tidak
1333,tidak,tidak,iya,tidak
1334,iya,tidak,tidak,tidak
1335,iya,iya,tidak,iya
1336,tidak,tidak,tidak,tidak
1337,iya,tidak,tidak,tidak
1338,iya,tidak,tidak,tidak
1339,tidak,tidak,iya,tidak
1340,tidak,iya,iya,iya
1341,tidak,tidak,iya,tidak
1342,tidak,tidak,tidak,iya
1343,tidak,tidak,tidak,iya
1344,tidak,tidak,iya,iya
1345,tidak,iya,tidak,iya
1346,iya,tidak,iya,tidak
1347,tidak,iya,tidak,tidak
1348,iya,iya,iya,iya
1349,iya,tidak,iya,iya
1350,iya,iya,tidak,tidak
1351,tidak,tidak,iya,iya
1352,tidak,iya,tidak,tidak
1353,tidak,tidak,tidak,tidak
1354,iya,tidak,iya,tidak
1355,iya,iya,iya,tidak
1356,iya,tidak,iya,tidak
1357,tidak,tidak,tidak,tidak
1358,iya,tidak,tidak,tidak
1359,iya,tidak,iya,iya
1360,iya,tidak,tidak,tidak
1361,iya,tidak,iya,tidak
1362,tidak,iya,tidak,iya
1363,iya,tidak,iya,iya
1364,iya,tidak,iya,iya
1365,iya,iya,iya,iya
1366,tidak,iya,iya,tidak
1367,iya,tidak,tidak,tidak
1368,iya,iya,tidak,tidak
1369,iya,tidak,tidak,iya
1370,tidak,iya,tidak,iya
1371,iya,tidak,tidak,tidak
1372,iya,tidak,iya,tidak
1373,tidak,tidak,tidak,tidak
1374,iya,iya,iya,iya
1375,tidak,tidak,iya,tidak
1376,iya,iya,tidak,iya
1377,iya,iya,tidak,iya
1378,tidak,iya,tidak,iya
1379,iya,tidak,tidak,iya
1380,tidak,iya,tidak,tidak
1381,iya,tidak,iya,iya
1382,tidak,tidak,tidak,iya
1383,tidak,tidak,tidak,tidak
1384,iya,tidak,tidak,tidak
1385,iya,iya,tidak,tidak
1386,tidak,iya,iya,iya
1387,tidak,tidak,iya,iya
1388,tidak,tidak,iya,iya
1389,iya,iya,tidak,iya
1390,tidak,tidak,tidak,tidak
1391,tidak,iya,tidak,iya
1392,iya,iya,tidak,iya
1393,iya,tidak,tidak,tidak
1394,tidak,iya,tidak,iya
1395,iya,iya,tidak,tidak
1396,iya,iya,tidak,iya
1397,tidak,tidak,iya,tidak
1398,iya,iya,iya,iya
1399,iya,tidak,tidak,tidak
1400,tidak,iya,iya,tidak
1401,tidak,tidak,iya,tidak
1402,iya,tidak,iya,tidak
1403,tidak,iya,iya,tidak
1404,tidak,tidak,tidak,tidak
1405,tidak,tidak,tidak,iya
1406,tidak,tidak,tidak,tidak
1407,tidak,tidak,iya,iya
1408,tidak,tidak,iya,iya
1409,tidak,tidak,tidak,iya
1410,tidak,tidak,tidak,tidak
1411,tidak,tidak,tidak,tidak
1412,iya,tidak,iya,tidak
1413,iya,tidak,tidak,tidak
1414,tidak,tidak,iya,tidak
1415,iya,tidak,tidak,iya
1416,iya,iya,tidak,tidak
1417,iya,tidak,iya,tidak
1418,tidak,iya,tidak,tidak
1419,tidak,iya,iya,iya
1420,iya,tidak,tidak,iya
1421,tidak,tidak,iya,iya
1422,iya,tidak,iya,iya
1423,tidak,tidak,tidak,tidak
1424,iya,tidak,iya,iya
1425,tidak,iya,tidak,iya
1426,tidak,tidak,iya,tidak
1427,iya,tidak,tidak,iya
1428,tidak,iya,tidak,tidak
1429,tidak,iya,iya,iya
1430,tidak,tidak,tidak,tidak
1431,tidak,tidak,tidak,tidak
1432,tidak,iya,tidak,tidak
1433,iya,tidak,iya,iya
1434,iya,iya,tidak,tidak
1435,iya,tidak,tidak,tidak
1436,tidak,tidak,tidak,iya
1437,tidak,tidak,tidak,iya
1438,iya,iya,iya,tidak
1439,iya,iya,iya,tidak
1440,iya,tidak,iya,iya
1441,tidak,tidak,tidak,iya
1442,iya,tidak,tidak,iya
1443,tidak,iya,tidak,iya
1444,tidak,tidak,iya,tidak
1445,iya,iya,tidak,iya
1446,iya,iya,tidak,tidak
1447,tidak,tidak,iya,tidak
1448,iya,iya,tidak,tidak
1449,iya,tidak,iya,iya
1450,iya,tidak,iya,tidak
1451,tidak,iya,iya,iya
1452,tidak,tidak,tidak,tidak
1453,tidak,iya,tidak,iya
1454,iya,tidak,tidak,tidak
1455,tidak,tidak,tidak,iya
1456,tidak,iya,tidak,iya
1457,tidak,iya,tidak,tidak
1458,tidak,iya,tidak,iya
1459,iya,tidak,tidak,iya
1460,tidak,tidak,tidak,tidak
1461,iya,iya,iya,tidak
1462,tidak,tidak,iya,iya
1463,tidak,iya,iya,tidak
1464,iya,tidak,tidak,tidak
1465,iya,tidak,tidak,iya
1466,iya,tidak,tidak,tidak
1467,iya,tidak,iya,iya
1468,tidak,iya,tidak,tidak
1469,iya,iya,iya,tidak
1470,tidak,tidak,tidak,iya
1471,iya,tidak,tidak,iya
1472,iya,iya,iya,tidak
1473,tidak,iya,iya,tidak
1474,iya,tidak,tidak,tidak
1475,iya,tidak,tidak,iya
1476,tidak,tidak,tidak,tidak
1477,tidak,iya,tidak,tidak
1478,iya,tidak,iya,iya
1479,iya,iya,iya,iya
1480,iya,tidak,tidak,iya
1481,tidak,iya,iya,tidak
1482,tidak,tidak,tidak,tidak
1483,tidak,tidak,tidak,tidak
1484,iya,tidak,tidak,iya
1485,tidak,iya,tidak,tidak
1486,iya,tidak,iya,tidak
1487,tidak,iya,tidak,tidak
1488,iya,iya,tidak,iya
1489,tidak,tidak,tidak,iya
1490,tidak,iya,iya,iya
1491,iya,iya,iya,tidak
1492,iya,iya,iya,iya
1493,iya,iya,tidak,tidak
1494,tidak,iya,tidak,tidak
1495,tidak,tidak,tidak,iya
1496,iya,iya,tidak,tidak
1497,iya,iya,tidak,iya
1498,iya,tidak,tidak,iya
1499,tidak,tidak,tidak,tidak
1500,iya,iya,iya,tidak
1501,tidak,tidak,tidak,iya
1502,tidak,iya,iya,tidak
1503,tidak,tidak,tidak,tidak
1504,tidak,iya,tidak,iya
1505,tidak,tidak,tidak,tidak
1506,tidak,iya,iya,tidak
1507,tidak,tidak,tidak,tidak
1508,iya,iya,tidak,tidak
1509,iya,tidak,tidak,iya
1510,tidak,iya,tidak,iya
1511,tidak,tidak,tidak,tidak
1512,tidak,tidak,tidak,tidak
1513,tidak,tidak,tidak,tidak
1514,tidak,iya,tidak,tidak
1515,tidak,iya,tidak,iya
1516,iya,tidak,tidak,tidak
1517,iya,iya,tidak,iya
1518,iya,iya,tidak,tidak
1519,iya,tidak,iya,iya
1520,tidak,iya,tidak,tidak
1521,iya,tidak,tidak,iya
1522,tidak,tidak,tidak,iya
1523,tidak,iya,tidak,tidak
1524,iya,tidak,iya,iya
1525,iya,tidak,iya,iya
1526,iya,iya,iya,tidak
1527,tidak,iya,tidak,tidak
1528,iya,tidak,iya,tidak
1529,iya,tidak,tidak,tidak
1530,tidak,iya,tidak,tidak
1531,tidak,iya,iya,tidak
1532,tidak,iya,tidak,iya
1533,tidak,tidak,tidak,iya
1534,iya,iya,iya,tidak
1535,tidak,tidak,tidak,tidak
1536,iya,iya,tidak,iya
1537,iya,tidak,tidak,tidak
1538,tidak,iya,tidak,iya
1539,tidak,tidak,iya,tidak
1540,tidak,iya,iya,iya
1541,tidak,tidak,tidak,tidak
1542,tidak,tidak,tidak,iya
1543,tidak,iya,iya,tidak
1544,iya,tidak,tidak,tidak
1545,iya,tidak,tidak,tidak
1546,iya,tidak,iya,tidak
1547,iya,tidak,tidak,tidak
1548,iya,tidak,iya,tidak
1549,tidak,tidak,iya,tidak
1550,tidak,iya,tidak,iya
1551,iya,iya,tidak,iya
1552,iya,tidak,tidak,iya
1553,tidak,tidak,iya,tidak
1554,tidak,iya,tidak,tidak
1555,tidak,tidak,tidak,iya
1556,tidak,tidak,iya,tidak
1557,tidak,tidak,tidak,iya
1558,tidak,tidak,iya,iya
1559,iya,tidak,tidak,tidak
1560,iya,iya,tidak,tidak
1561,iya,tidak,tidak,iya
1562,tidak,iya,tidak,iya
1563,tidak,iya,iya,tidak
1564,tidak,iya,iya,tidak
1565,iya,tidak,tidak,iya
1566,tidak,tidak,tidak,tidak
1567,iya,tidak,tidak,tidak
1568,tidak,tidak,tidak,iya
1569,tidak,iya,iya,iya
1570,tidak,tidak,tidak,tidak
1571,iya,iya,tidak,tidak
1572,tidak,iya,tidak,iya
1573,tidak,iya,iya,tidak
1574,tidak,tidak,tidak,tidak
1575,iya,iya,tidak,iya
1576,tidak,iya,tidak,iya
1577,iya,tidak,tidak,iya
1578,tidak,tidak,iya,iya
1579,tidak,tidak,tidak,iya
1580,tidak,tidak,tidak,iya
1581,tidak,tidak,tidak,tidak
1582,iya,tidak,tidak,iya
1583,iya,tidak,tidak,iya
1584,iya,iya,tidak,iya
1585,tidak,tidak,iya,iya
1586,tidak,iya,tidak,iya
1587,iya,tidak,iya,tidak
1588,tidak,iya,iya,tidak
1589,iya,tidak,iya,tidak
1590,iya,iya,tidak,tidak
1591,iya,tidak,iya,tidak
1592,tidak,tidak,iya,tidak
1593,iya,iya,tidak,iya
1594,tidak,iya,iya,tidak
1595,tidak,tidak,tidak,tidak
1596,tidak,iya,tidak,iya
1597,tidak,tidak,iya,tidak
1598,iya,tidak,tidak,tidak
1599,iya,iya,iya,tidak
1600,iya,tidak,iya,tidak
1601,iya,tidak,tidak,iya
1602,tidak,tidak,tidak,iya
1603,iya,tidak,iya,iya
1604,tidak,tidak,tidak,iya
1605,iya,tidak,tidak,tidak
1606,iya,iya,tidak,iya
1607,tidak,tidak,tidak,iya
1608,iya,tidak,tidak,iya
1609,tidak,iya,tidak,tidak
1610,iya,tidak,tidak,tidak
1611,iya,tidak,tidak,tidak
1612,iya,iya,tidak,tidak
1613,tidak,iya,tidak,iya
1614,iya,tidak,iya,tidak
1615,iya,iya,iya,tidak
1616,tidak,iya,tidak,iya
1617,tidak,iya,iya,tidak
1618,tidak,tidak,tidak,tidak
1619,tidak,tidak,tidak,iya
1620,tidak,tidak,tidak,iya
1621,tidak,iya,iya,iya
1622,iya,iya,tidak,iya
1623,iya,iya,tidak,tidak
1624,iya,tidak,tidak,tidak
1625,iya,tidak,iya,tidak
1626,tidak,tidak,tidak,tidak
1627,tidak,iya,iya,iya
1628,iya,tidak,tidak,tidak
1629,iya,iya,iya,tidak
1630,tidak,iya,tidak,iya
1631,tidak,tidak,tidak,tidak
1632,tidak,tidak,iya,iya
1633,tidak,tidak,iya,tidak
1634,tidak,iya,iya,iya
1635,iya,tidak,tidak,iya
1636,iya,tidak,iya,iya
1637,tidak,iya,iya,tidak
1638,tidak,tidak,tidak,tidak
1639,iya,tidak,iya,tidak
1640,tidak,iya,tidak,iya
1641,iya,iya,tidak,tidak
1642,tidak,tidak,tidak,iya
1643,tidak,tidak,tidak,tidak
1644,tidak,iya,tidak,tidak
1645,iya,iya,tidak,tidak
1646,tidak,tidak,tidak,iya
1647,tidak,iya,tidak,iya
1648,tidak,iya,iya,tidak
1649,iya,tidak,tidak,iya
1650,iya,tidak,tidak,tidak
1651,tidak,iya,tidak,iya
1652,tidak,tidak,tidak,tidak
1653,iya,iya,tidak,iya
1654,iya,iya,tidak,iya
1655,iya,iya,tidak,tidak
1656,iya,tidak,iya,tidak
1657,iya,iya,tidak,tidak
1658,tidak,tidak,tidak,tidak
1659,iya,tidak,tidak,iya
1660,iya,tidak,tidak,tidak
1661,tidak,iya,tidak,tidak
1662,tidak,tidak,tidak,iya
1663,iya,iya,tidak,tidak
1664,tidak,tidak,iya,tidak
1665,iya,iya,iya,tidak
1666,tidak,tidak,tidak,iya
1667,tidak,tidak,tidak,iya
1668,tidak,iya,iya,iya
1669,iya,tidak,iya,tidak
1670,iya,tidak,iya,tidak
1671,tidak,iya,tidak,iya
1672,tidak,iya,iya,iya
1673,tidak,tidak,iya,iya
1674,tidak,iya,tidak,tidak
1675,tidak,iya,iya,tidak
1676,tidak,tidak,iya,tidak
1677,iya,tidak,tidak,tidak
1678,iya,tidak,iya,tidak
1679,tidak,tidak,iya,tidak
1680,iya,tidak,iya,tidak
1681,tidak,tidak,iya,iya
1682,tidak,tidak,tidak,tidak
1683,iya,tidak,tidak,tidak
1684,tidak,tidak,tidak,iya
1685,tidak,tidak,iya,tidak
1686,tidak,iya,tidak,tidak
1687,iya,iya,tidak,iya
1688,iya,tidak,tidak,tidak
1689,tidak,tidak,tidak,iya
1690,iya,iya,tidak,iya
1691,tidak,iya,iya,tidak
1692,iya,tidak,tidak,iya
1693,iya,tidak,iya,iya
1694,iya,tidak,iya,iya
1695,iya,iya,tidak,tidak
1696,iya,iya,tidak,tidak
1697,iya,iya,iya,tidak
1698,iya,tidak,tidak,tidak
1699,tidak,iya,tidak,tidak
1700,tidak,tidak,tidak,tidak
1701,tidak,iya,iya,tidak
1702,tidak,tidak,tidak,tidak
1703,tidak,tidak,iya,tidak
1704,tidak,tidak,tidak,iya
1705,tidak,iya,tidak,tidak
1706,iya,iya,tidak,tidak
1707,iya,tidak,tidak,tidak
1708,tidak,tidak,tidak,iya
1709,tidak,tidak,tidak,iya
1710,tidak,tidak,tidak,iya
1711,iya,tidak,iya,iya
1712,tidak,tidak,iya,tidak
1713,iya,tidak,tidak,tidak
1714,iya,iya,tidak,iya
1715,iya,iya,tidak,tidak
1716,tidak,tidak,tidak,tidak
1717,tidak,tidak,tidak,iya
1718,iya,tidak,tidak,tidak
1719,tidak,tidak,tidak,iya
1720,iya,iya,tidak,tidak
1721,tidak,iya,tidak,iya
1722,tidak,tidak,iya,iya
1723,iya,iya,iya,iya
1724,iya,iya,iya,tidak
1725,iya,tidak,tidak,iya
1726,iya,iya,iya,iya
1727,tidak,tidak,tidak,tidak
1728,iya,tidak,iya,iya
1729,iya,iya,iya,tidak
1730,iya,iya,tidak,tidak
1731,iya,tidak,tidak,tidak
1732,tidak,tidak,tidak,iya
1733,tidak,iya,tidak,tidak
1734,tidak,tidak,iya,iya
1735,tidak,iya,iya,tidak
1736,tidak,tidak,tidak,tidak
1737,tidak,tidak,tidak,iya
1738,tidak,tidak,tidak,tidak
1739,tidak,iya,tidak,tidak
1740,tidak,tidak,iya,tidak
1741,tidak,tidak,tidak,iya
1742,iya,tidak,tidak,iya
1743,tidak,tidak,iya,iya
1744,iya,tidak,iya,tidak
1745,iya,tidak,tidak,tidak
1746,tidak,tidak,iya,iya
1747,iya,tidak,tidak,iya
1748,iya,iya,iya,iya
1749,tidak,tidak,tidak,iya
1750,tidak,tidak,tidak,tidak
1751,iya,tidak,iya,tidak
1752,iya,tidak,tidak,iya
1753,tidak,iya,tidak,tidak
1754,iya,iya,tidak,tidak
1755,iya,tidak,tidak,tidak
1756,iya,iya,tidak,tidak
1757,iya,iya,tidak,iya
1758,iya,iya,tidak,tidak
1759,tidak,iya,tidak,iya
1760,iya,tidak,iya,tidak
1761,iya,iya,tidak,iya
1762,tidak,iya,iya,iya
1763,tidak,tidak,tidak,iya
1764,tidak,tidak,iya,tidak
1765,tidak,iya,tidak,tidak
1766,tidak,tidak,tidak,tidak
1767,iya,iya,iya,tidak
1768,iya,tidak,tidak,tidak
1769,tidak,tidak,tidak,iya
1770,iya,iya,tidak,iya
1771,iya,iya,tidak,tidak
1772,tidak,tidak,iya,tidak
1773,tidak,iya,iya,iya
1774,tidak,tidak,tidak,iya
1775,iya,tidak,tidak,tidak
1776,tidak,tidak,tidak,iya
1777,tidak,tidak,tidak,iya
1778,tidak,tidak,tidak,iya
1779,iya,iya,iya,iya
1780,iya,iya,tidak,tidak
1781,tidak,tidak,iya,tidak
1782,iya,iya,tidak,tidak
1783,tidak,iya,iya,tidak
1784,iya,tidak,tidak,tidak
1785,tidak,tidak,tidak,tidak
1786,tidak,iya,iya,tidak
1787,iya,iya,tidak,tidak
1788,iya,iya,tidak,tidak
1789,tidak,tidak,tidak,iya
1790,tidak,iya,tidak,tidak
1791,tidak,iya,tidak,iya
1792,iya,iya,tidak,iya
1793,tidak,tidak,tidak,tidak
1794,iya,tidak,tidak,tidak
1795,iya,tidak,iya,iya
1796,tidak,tidak,iya,tidak
1797,iya,tidak,tidak,iya
1798,tidak,iya,iya,iya
1799,iya,tidak,iya,iya
1800,iya,tidak,tidak,iya
1801,tidak,tidak,tidak,tidak
1802,tidak,tidak,iya,iya
1803,iya,tidak,iya,tidak
1804,tidak,tidak,iya,tidak
1805,iya,iya,tidak,tidak
1806,tidak,iya,iya,iya
1807,tidak,tidak,tidak,iya
1808,tidak,iya,iya,tidak
1809,tidak,tidak,iya,iya
1810,tidak,iya,tidak,tidak
1811,iya,iya,tidak,tidak
1812,tidak,tidak,tidak,iya
1813,tidak,tidak,tidak,tidak
1814,tidak,tidak,tidak,tidak
1815,tidak,tidak,iya,tidak
1816,tidak,iya,iya,tidak
1817,iya,tidak,iya,tidak
1818,tidak,tidak,tidak,tidak
1819,tidak,tidak,tidak,tidak
1820,iya,tidak,tidak,tidak
1821,iya,tidak,iya,iya
1822,tidak,tidak,iya,iya
1823,iya,iya,iya,tidak
1824,tidak,tidak,iya,tidak
1825,iya,iya,tidak,tidak
1826,iya,iya,tidak,tidak
1827,iya,tidak,iya,iya
1828,iya,tidak,iya,iya
1829,tidak,tidak,tidak,tidak
1830,tidak,iya,tidak,tidak
1831,tidak,tidak,tidak,tidak
1832,iya,tidak,tidak,iya
1833,iya,iya,tidak,iya
1834,tidak,iya,tidak,tidak
1835,tidak,iya,tidak,tidak
1836,iya,tidak,tidak,tidak
1837,tidak,tidak,iya,iya
1838,tidak,iya,tidak,tidak
1839,tidak,tidak,tidak,tidak
1840,tidak,tidak,tidak,tidak
1841,tidak,iya,tidak,tidak
1842,tidak,iya,tidak,tidak
1843,tidak,iya,tidak,iya
1844,iya,tidak,tidak,tidak
1845,tidak,iya,tidak,iya
1846,iya,tidak,tidak,iya
1847,iya,tidak,tidak,tidak
1848,iya,iya,iya,iya
1849,iya,iya,iya,tidak
1850,iya,tidak,tidak,tidak
1851,iya,tidak,iya,iya
1852,tidak,tidak,tidak,iya
1853,iya,tidak,tidak,tidak
1854,tidak,iya,tidak,tidak
1855,tidak,tidak,iya,tidak
1856,tidak,iya,tidak,tidak
1857,tidak,tidak,tidak,tidak
1858,tidak,tidak,tidak,tidak
1859,iya,tidak,tidak,iya
1860,iya,tidak,iya,iya
1861,tidak,tidak,iya,tidak
1862,tidak,tidak,tidak,tidak
1863,iya,tidak,iya,tidak
1864,iya,iya,iya,tidak
1865,iya,tidak,tidak,iya
1866,tidak,tidak,tidak,iya
1867,iya,tidak,tidak,tidak
1868,iya,tidak,tidak,tidak
1869,tidak,iya,iya,iya
1870,tidak,iya,tidak,iya
1871,tidak,tidak,tidak,tidak
1872,tidak,tidak,tidak,tidak
1873,iya,tidak,tidak,iya
1874,tidak,tidak,tidak,tidak
1875,iya,tidak,tidak,tidak
1876,iya,tidak,tidak,tidak
1877,tidak,iya,tidak,tidak
1878,iya,tidak,tidak,tidak
1879,tidak,iya,tidak,iya
1880,tidak,tidak,tidak,tidak
1881,iya,iya,tidak,iya
1882,tidak,tidak,tidak,tidak
1883,tidak,tidak,tidak,tidak
1884,iya,tidak,iya,iya
1885,iya,tidak,iya,iya
1886,iya,tidak,tidak,iya
1887,iya,tidak,tidak,tidak
1888,tidak,tidak,tidak,tidak
1889,iya,tidak,iya,iya
1890,iya,tidak,tidak,iya
1891,tidak,tidak,iya,iya
1892,iya,iya,tidak,iya
1893,tidak,tidak,iya,tidak
1894,tidak,iya,iya,iya
1895,tidak,tidak,iya,tidak
1896,iya,iya,tidak,iya
1897,iya,tidak,iya,iya
1898,iya,tidak,tidak,tidak
1899,iya,tidak,tidak,iya
1900,tidak,iya,tidak,iya
1901,tidak,iya,iya,iya
1902,iya,iya,iya,iya
1903,iya,iya,tidak,tidak
1904,tidak,iya,iya,iya
1905,iya,tidak,tidak,tidak
1906,tidak,iya,tidak,tidak
1907,tidak,tidak,tidak,tidak
1908,iya,iya,tidak,tidak
1909,iya,tidak,tidak,iya
1910,tidak,tidak,iya,tidak
1911,tidak,tidak,tidak,iya
1912,tidak,tidak,tidak,tidak
1913,iya,iya,tidak,tidak
1914,tidak,tidak,iya,iya
1915,iya,iya,iya,iya
1916,iya,tidak,iya,iya
1917,tidak,iya,tidak,tidak
1918,iya,iya,tidak,iya
1919,tidak,tidak,tidak,tidak
1920,tidak,iya,tidak,iya
1921,tidak,tidak,tidak,iya
1922,iya,tidak,tidak,iya
1923,tidak,tidak,iya,iya
1924,iya,iya,iya,iya
1925,tidak,tidak,tidak,iya
1926,tidak,tidak,tidak,iya
1927,iya,tidak,tidak,tidak
1928,iya,tidak,tidak,tidak
1929,tidak,iya,iya,tidak
1930,tidak,tidak,tidak,iya
1931,tidak,tidak,iya,iya
1932,tidak,tidak,tidak,iya
1933,iya,tidak,tidak,iya
1934,tidak,iya,tidak,tidak
1935,iya,tidak,tidak,tidak
1936,iya,iya,tidak,tidak
1937,tidak,tidak,tidak,tidak
1938,tidak,tidak,tidak,tidak
1939,tidak,iya,tidak,tidak
1940,tidak,iya,iya,iya
1941,iya,iya,tidak,tidak
1942,tidak,tidak,tidak,tidak
1943,iya,tidak,tidak,iya
1944,tidak,iya,tidak,iya
1945,tidak,tidak,tidak,iya
1946,tidak,tidak,tidak,tidak
1947,iya,tidak,iya,iya
1948,tidak,tidak,iya,tidak
1949,iya,tidak,tidak,tidak
1950,tidak,iya,tidak,iya
1951,tidak,tidak,tidak,tidak
1952,tidak,iya,tidak,iya
1953,tidak,tidak,iya,iya
1954,iya,tidak,tidak,tidak
1955,tidak,tidak,tidak,tidak
1956,tidak,tidak,tidak,tidak
1957,iya,tidak,iya,iya
1958,tidak,iya,tidak,tidak
1959,tidak,iya,iya,tidak
1960,iya,tidak,tidak,tidak
1961,tidak,tidak,iya,tidak
1962,iya,tidak,tidak,iya
1963,tidak,tidak,iya,iya
1964,tidak,iya,iya,tidak
1965,iya,tidak,tidak,tidak
1966,iya,tidak,tidak,tidak
1967,tidak,iya,tidak,iya
1968,iya,tidak,tidak,tidak
1969,tidak,tidak,tidak,tidak
1970,tidak,tidak,iya,tidak
1971,iya,tidak,iya,tidak
1972,tidak,iya,tidak,iya
1973,tidak,tidak,tidak,tidak
1974,tidak,tidak,tidak,tidak
1975,tidak,tidak,tidak,iya
1976,tidak,tidak,tidak,iya
1977,tidak,tidak,iya,tidak
1978,iya,iya,iya,tidak
1979,tidak,tidak,iya,iya
1980,tidak,iya,tidak,tidak
1981,iya,tidak,tidak,iya
1982,iya,tidak,tidak,tidak
1983,tidak,iya,tidak,tidak
1984,iya,iya,tidak,tidak
1985,iya,tidak,tidak,tidak
1986,tidak,tidak,tidak,tidak
1987,iya,tidak,tidak,iya
1988,iya,tidak,tidak,tidak
1989,tidak,tidak,tidak,iya
1990,tidak,iya,tidak,iya
1991,iya,tidak,iya,tidak
1992,tidak,tidak,tidak,iya
1993,iya,tidak,tidak,iya
1994,tidak,tidak,iya,tidak
1995,iya,tidak,tidak,tidak
1996,iya,iya,iya,iya
1997,iya,tidak,tidak,iya
1998,tidak,iya,tidak,iya
1999,iya,tidak,tidak,iya
2000,tidak,iya,tidak,iya
2001,iya,iya,iya,tidak
2002,tidak,tidak,tidak,iya
2003,iya,tidak,iya,iya
2004,tidak,iya,tidak,iya
2005,iya,tidak,iya,tidak
2006,iya,tidak,tidak,iya
2007,iya,tidak,tidak,iya
2008,tidak,iya,tidak,iya
2009,tidak,tidak,tidak,tidak
2010,tidak,tidak,tidak,iya
2011,tidak,iya,iya,tidak
2012,tidak,tidak,tidak,iya
2013,tidak,iya,tidak,iya
2014,iya,iya,tidak,tidak
2015,tidak,tidak,tidak,tidak
2016,iya,iya,tidak,tidak
2017,tidak,tidak,tidak,iya
2018,iya,iya,tidak,tidak
2019,tidak,iya,tidak,tidak
2020,iya,tidak,tidak,iya
2021,tidak,tidak,iya,iya
2022,tidak,iya,tidak,iya
2023,tidak,tidak,tidak,tidak
2024,tidak,iya,iya,iya
2025,tidak,tidak,tidak,tidak
2026,iya,iya,tidak,iya
2027,tidak,tidak,tidak,iya
2028,iya,iya,iya,iya
2029,iya,tidak,tidak,tidak
2030,iya,tidak,tidak,iya
2031,tidak,iya,tidak,iya
2032,tidak,tidak,tidak,tidak
2033,tidak,iya,iya,iya
2034,tidak,iya,tidak,iya
2035,tidak,iya,tidak,tidak
2036,tidak,tidak,tidak,iya
2037,tidak,tidak,iya,iya
2038,iya,tidak,iya,iya
2039,tidak,tidak,tidak,iya
2040,tidak,tidak,iya,tidak
2041,tidak,iya,tidak,tidak
2042,iya,iya,iya,iya
2043,iya,tidak,tidak,iya
2044,iya,iya,iya,iya
2045,iya,tidak,tidak,tidak
2046,iya,tidak,iya,iya
2047,tidak,tidak,iya,tidak
2048,tidak,tidak,iya,iya
2049,iya,iya,iya,iya
2050,iya,iya,tidak,tidak
2051,iya,tidak,tidak,tidak
2052,iya,iya,tidak,iya
2053,tidak,tidak,tidak,iya
2054,iya,iya,tidak,tidak
2055,tidak,iya,tidak,tidak
2056,tidak,iya,tidak,tidak
2057,tidak,tidak,tidak,tidak
2058,iya,tidak,iya,iya
2059,tidak,tidak,iya,tidak
2060,tidak,tidak,tidak,iya
2061,iya,tidak,iya,iya
2062,tidak,tidak,iya,tidak
2063,tidak,iya,tidak,iya
2064,iya,tidak,tidak,iya
2065,iya,iya,tidak,iya
2066,tidak,tidak,tidak,tidak
2067,iya,iya,tidak,tidak
2068,tidak,iya,tidak,iya
2069,tidak,tidak,tidak,tidak
2070,tidak,iya,tidak,iya
2071,tidak,iya,tidak,tidak
2072,iya,tidak,iya,tidak
2073,tidak,iya,tidak,iya
2074,tidak,tidak,iya,tidak
2075,tidak,tidak,tidak,tidak
2076,iya,tidak,tidak,tidak
2077,tidak,tidak,iya,tidak
2078,iya,tidak,tidak,tidak
2079,iya,iya,tidak,iya
2080,iya,iya,iya,iya
2081,iya,iya,tidak,tidak
2082,tidak,tidak,tidak,iya
2083,tidak,iya,tidak,iya
2084,iya,tidak,iya,iya
2085,tidak,iya,tidak,iya
2086,tidak,tidak,tidak,tidak
2087,tidak,iya,iya,tidak
2088,iya,iya,tidak,tidak
2089,tidak,iya,iya,iya
2090,tidak,iya,tidak,iya
2091,iya,iya,tidak,iya
2092,tidak,iya,tidak,iya
2093,iya,iya,tidak,tidak
2094,tidak,iya,tidak,iya
2095,tidak,tidak,tidak,tidak
2096,tidak,iya,tidak,iya
2097,tidak,tidak,tidak,tidak
2098,iya,iya,iya,tidak
2099,iya,tidak,tidak,tidak
2100,tidak,iya,tidak,iya
2101,iya,tidak,tidak,iya
2102,tidak,tidak,iya,tidak
2103,tidak,iya,iya,tidak
2104,iya,tidak,iya,tidak
2105,tidak,tidak,iya,tidak
2106,iya,iya,iya,tidak
2107,tidak,tidak,iya,iya
2108,tidak,tidak,tidak,iya
2109,iya,iya,iya,iya
2110,tidak,iya,tidak,tidak
2111,tidak,tidak,tidak,iya
2112,tidak,tidak,tidak,tidak
2113,tidak,tidak,tidak,tidak
2114,iya,tidak,tidak,tidak
2115,iya,tidak,tidak,iya
2116,iya,tidak,tidak,iya
2117,tidak,tidak,tidak,iya
2118,tidak,iya,iya,tidak
2119,iya,tidak,tidak,iya
2120,tidak,tidak,tidak,iya
2121,tidak,iya,tidak,tidak
2122,iya,tidak,iya,tidak
2123,tidak,iya,iya,iya
2124,iya,tidak,iya,iya
2125,tidak,tidak,tidak,iya
2126,iya,tidak,tidak,tidak
2127,tidak,tidak,iya,tidak
2128,iya,iya,tidak,iya
2129,tidak,iya,tidak,iya
2130,iya,tidak,tidak,tidak
2131,tidak,tidak,iya,iya
2132,iya,tidak,tidak,tidak
2133,iya,iya,iya,tidak
2134,tidak,tidak,tidak,tidak
2135,tidak,tidak,iya,iya
2136,iya,tidak,tidak,tidak
2137,tidak,tidak,tidak,iya
2138,iya,tidak,tidak,iya
2139,tidak,iya,tidak,iya
2140,iya,iya,iya,tidak
2141,tidak,iya,iya,iya
2142,iya,tidak,tidak,iya
2143,tidak,tidak,tidak,tidak
2144,tidak,tidak,tidak,tidak
2145,tidak,iya,iya,iya
2146,iya,tidak,iya,tidak
2147,tidak,tidak,tidak,tidak
2148,tidak,iya,iya,iya
2149,iya,tidak,tidak,iya
2150,tidak,tidak,tidak,tidak
2151,iya,tidak,tidak,tidak
2152,iya,tidak,iya,tidak
2153,iya,tidak,tidak,tidak
2154,tidak,tidak,tidak,tidak
2155,iya,tidak,tidak,tidak
2156,tidak,tidak,tidak,tidak
2157,iya,tidak,iya,iya
2158,tidak,iya,tidak,tidak
2159,tidak,tidak,tidak,tidak
2160,tidak,tidak,iya,iya
2161,iya,iya,tidak,tidak
2162,iya,tidak,iya,iya
2163,tidak,tidak,iya,iya
2164,iya,tidak,tidak,iya
2165,tidak,iya,tidak,tidak
2166,iya,iya,tidak,tidak
2167,iya,iya,tidak,tidak
2168,iya,iya,iya,tidak
2169,tidak,tidak,iya,iya
2170,tidak,iya,iya,iya
2171,iya,tidak,iya,iya
2172,tidak,tidak,tidak,tidak
2173,tidak,tidak,iya,iya
2174,iya,tidak,iya,tidak
2175,iya,tidak,iya,iya
2176,tidak,tidak,tidak,tidak
2177,tidak,iya,tidak,iya
2178,tidak,tidak,tidak,tidak
2179,iya,iya,iya,tidak
2180,iya,tidak,tidak,iya
2181,iya,iya,tidak,iya
2182,iya,tidak,tidak,iya
2183,iya,iya,tidak,tidak
2184,tidak,tidak,tidak,tidak
2185,tidak,tidak,iya,tidak
2186,iya,iya,iya,iya
2187,tidak,iya,tidak,tidak
2188,iya,tidak,tidak,iya
2189,iya,tidak,tidak,iya
2190,tidak,tidak,iya,iya
2191,tidak,tidak,iya,iya
2192,tidak,iya,iya,iya
2193,iya,tidak,tidak,tidak
2194,iya,iya,tidak,tidak
2195,tidak,iya,tidak,tidak
2196,iya,tidak,iya,tidak
2197,iya,tidak,tidak,tidak
2198,tidak,tidak,tidak,iya
2199,tidak,iya,iya,tidak
2200,tidak,tidak,iya,iya
2201,tidak,tidak,tidak,iya
2202,tidak,tidak,iya,iya
2203,tidak,tidak,tidak,tidak
2204,iya,tidak,tidak,iya
2205,tidak,tidak,tidak,iya
2206,tidak,tidak,iya,tidak
2207,tidak,iya,iya,iya
2208,iya,tidak,tidak,tidak
2209,iya,iya,tidak,tidak
2210,iya,tidak,iya,tidak
2211,iya,iya,tidak,tidak
2212,iya,tidak,iya,iya
2213,tidak,tidak,iya,tidak
2214,iya,iya,tidak,tidak
2215,tidak,iya,iya,iya
2216,iya,tidak,tidak,iya
2217,tidak,tidak,iya,tidak
2218,iya,iya,tidak,iya
2219,tidak,tidak,tidak,tidak
2220,tidak,iya,tidak,iya
2221,iya,iya,tidak,iya
2222,iya,tidak,tidak,tidak
2223,tidak,iya,tidak,tidak
2224,tidak,tidak,tidak,iya
2225,tidak,iya,tidak,tidak
2226,tidak,tidak,iya,tidak
2227,tidak,tidak,tidak,tidak
2228,tidak,iya,iya,tidak
2229,iya,tidak,tidak,tidak
2230,iya,iya,tidak,tidak
2231,tidak,tidak,iya,tidak
2232,tidak,tidak,tidak,iya
2233,tidak,tidak,tidak,iya
2234,tidak,iya,iya,tidak
2235,iya,tidak,tidak,tidak
2236,tidak,iya,tidak,tidak
2237,iya,tidak,iya,iya
2238,tidak,tidak,tidak,iya
2239,tidak,iya,tidak,iya
2240,iya,tidak,tidak,tidak
2241,tidak,tidak,tidak,iya
2242,tidak,iya,tidak,iya
2243,tidak,tidak,iya,tidak
2244,tidak,iya,tidak,iya
2245,tidak,iya,tidak,tidak
2246,iya,tidak,tidak,tidak
2247,iya,iya,tidak,tidak
2248,iya,iya,tidak,tidak
2249,tidak,iya,tidak,iya
2250,iya,tidak,iya,iya
2251,iya,iya,iya,tidak
2252,tidak,iya,tidak,tidak
2253,tidak,tidak,tidak,tidak
2254,iya,tidak,iya,iya
2255,iya,tidak,iya,tidak
2256,tidak,iya,tidak,iya
2257,tidak,iya,tidak,iya
2258,iya,tidak,tidak,iya
2259,tidak,iya,tidak,tidak
2260,tidak,tidak,tidak,tidak
2261,iya,tidak,iya,tidak
2262,tidak,tidak,tidak,tidak
2263,iya,tidak,tidak,iya
2264,iya,tidak,tidak,tidak
2265,tidak,iya,tidak,tidak
2266,tidak,tidak,tidak,tidak
2267,tidak,tidak,iya,iya
2268,tidak,iya,tidak,tidak
2269,iya,iya,iya,iya
2270,tidak,iya,tidak,iya
2271,iya,tidak,tidak,iya
2272,iya,iya,iya,iya
2273,iya,tidak,tidak,tidak
2274,iya,tidak,iya,tidak
2275,iya,iya,tidak,iya
2276,iya,tidak,tidak,iya
2277,tidak,iya,iya,tidak
2278,iya,iya,iya,tidak
2279,iya,tidak,iya,tidak
2280,iya,iya,tidak,iya
2281,tidak,tidak,iya,iya
2282,tidak,tidak,tidak,tidak
2283,tidak,iya,iya,tidak
2284,tidak,iya,tidak,tidak
2285,tidak,tidak,tidak,iya
2286,tidak,iya,tidak,iya
2287,iya,tidak,tidak,iya
2288,tidak,tidak,iya,iya
2289,tidak,iya,tidak,tidak
2290,iya,tidak,iya,iya
2291,tidak,iya,tidak,iya
2292,iya,iya,tidak,tidak
2293,tidak,iya,tidak,iya
2294,tidak,iya,iya,tidak
2295,tidak,iya,iya,iya
2296,iya,iya,tidak,iya
2297,iya,tidak,tidak,tidak
2298,iya,iya,tidak,iya
2299,tidak,tidak,iya,iya
2300,iya,tidak,iya,iya
2301,iya,tidak,tidak,tidak
2302,tidak,iya,tidak,iya
2303,iya,tidak,iya,tidak
2304,iya,tidak,tidak,tidak
2305,tidak,tidak,iya,tidak
2306,tidak,tidak,tidak,tidak
2307,iya,tidak,iya,iya
2308,tidak,iya,tidak,tidak
2309,iya,tidak,tidak,tidak
2310,iya,iya,tidak,tidak
2311,tidak,tidak,tidak,tidak
2312,tidak,tidak,tidak,tidak
2313,iya,iya,tidak,iya
2314,tidak,tidak,iya,iya
2315,tidak,tidak,iya,iya
2316,tidak,iya,tidak,iya
2317,iya,tidak,tidak,iya
2318,iya,tidak,tidak,iya
2319,iya,tidak,iya,iya
2320,iya,tidak,iya,tidak
2321,tidak,tidak,tidak,iya
2322,iya,iya,iya,tidak
2323,tidak,tidak,tidak,tidak
2324,iya,tidak,tidak,iya
2325,iya,iya,tidak,tidak
2326,iya,tidak,iya,tidak
2327,iya,tidak,tidak,iya
2328,iya,tidak,tidak,tidak
2329,tidak,tidak,tidak,tidak
2330,tidak,tidak,iya,iya
2331,iya,tidak,tidak,tidak
2332,iya,iya,tidak,tidak
2333,tidak,tidak,iya,iya
2334,iya,iya,iya,iya
2335,tidak,tidak,tidak,tidak
2336,tidak,tidak,tidak,tidak
2337,iya,tidak,tidak,iya
2338,iya,tidak,iya,tidak
2339,tidak,tidak,tidak,iya
2340,tidak,iya,iya,tidak
2341,iya,iya,tidak,iya
2342,tidak,tidak,tidak,tidak
2343,tidak,tidak,tidak,iya
2344,tidak,tidak,tidak,tidak
2345,tidak,iya,tidak,tidak
2346,iya,tidak,tidak,tidak
2347,tidak,tidak,iya,tidak
2348,tidak,tidak,iya,iya
2349,iya,tidak,tidak,iya
2350,iya,tidak,iya,iya
2351,tidak,iya,iya,iya
2352,tidak,tidak,tidak,tidak
2353,iya,tidak,tidak,tidak
2354,tidak,iya,tidak,tidak
2355,tidak,tidak,tidak,iya
2356,tidak,iya,tidak,tidak
2357,iya,tidak,tidak,iya
2358,iya,tidak,tidak,iya
2359,iya,tidak,tidak,iya
2360,iya,tidak,tidak,tidak
2361,iya,tidak,iya,iya
2362,tidak,tidak,tidak,tidak
2363,tidak,tidak,tidak,iya
2364,iya,iya,tidak,iya
2365,iya,tidak,iya,tidak
2366,tidak,iya,tidak,tidak
2367,tidak,tidak,tidak,tidak
2368,iya,iya,tidak,iya
2369,tidak,tidak,tidak,tidak
2370,tidak,tidak,tidak,iya
2371,tidak,tidak,iya,tidak
2372,tidak,iya,tidak,iya
2373,tidak,iya,tidak,tidak
2374,tidak,tidak,tidak,tidak
2375,iya,iya,tidak,iya
2376,tidak,tidak,tidak,iya
2377,iya,tidak,iya,tidak
2378,tidak,iya,tidak,iya
2379,tidak,tidak,tidak,tidak
2380,iya,tidak,tidak,iya
2381,iya,iya,tidak,tidak
2382,iya,iya,iya,tidak
2383,tidak,tidak,tidak,tidak
2384,tidak,tidak,iya,tidak
2385,iya,tidak,tidak,tidak
2386,tidak,tidak,tidak,tidak
2387,iya,tidak,iya,tidak
2388,iya,iya,tidak,tidak
2389,iya,tidak,tidak,tidak
2390,iya,tidak,iya,iya
2391,tidak,iya,tidak,iya
2392,tidak,iya,tidak,tidak
2393,iya,tidak,iya,tidak
2394,iya,tidak,tidak,tidak
2395,tidak,iya,tidak,iya
2396,tidak,tidak,tidak,iya
2397,tidak,tidak,iya,tidak
2398,iya,tidak,tidak,iya
2399,tidak,tidak,tidak,tidak
2400,iya,tidak,iya,tidak
2401,tidak,iya,iya,iya
2402,iya,iya,tidak,tidak
2403,iya,tidak,tidak,iya
2404,tidak,iya,iya,iya
2405,tidak,tidak,tidak,iya
2406,iya,iya,iya,tidak
2407,tidak,iya,tidak,tidak
2408,tidak,iya,iya,tidak
2409,iya,tidak,tidak,tidak
2410,tidak,iya,iya,iya
2411,tidak,tidak,tidak,iya
2412,tidak,tidak,tidak,tidak
2413,iya,tidak,iya,iya
2414,tidak,tidak,tidak,iya
2415,tidak,tidak,tidak,iya
2416,tidak,tidak,iya,iya
2417,iya,tidak,tidak,tidak
2418,iya,iya,iya,tidak
2419,tidak,tidak,tidak,iya
2420,iya,tidak,iya,iya
2421,tidak,tidak,tidak,tidak
2422,iya,tidak,tidak,tidak
2423,iya,tidak,iya,tidak
2424,tidak,iya,tidak,tidak
2425,iya,iya,iya,iya
2426,iya,tidak,iya,tidak
2427,tidak,tidak,iya,iya
2428,iya,tidak,tidak,iya
2429,tidak,tidak,tidak,iya
2430,tidak,iya,tidak,tidak
2431,iya,tidak,tidak,iya
2432,iya,iya,tidak,iya
2433,tidak,iya,iya,tidak
2434,iya,tidak,tidak,tidak
2435,iya,tidak,iya,iya
2436,tidak,tidak,tidak,iya
2437,iya,tidak,tidak,iya
2438,tidak,tidak,tidak,iya
2439,tidak,iya,tidak,iya
2440,iya,iya,iya,tidak
2441,tidak,iya,iya,tidak
2442,iya,iya,tidak,tidak
2443,iya,tidak,iya,tidak
2444,tidak,tidak,tidak,tidak
2445,iya,tidak,tidak,tidak
2446,tidak,tidak,tidak,iya
2447,tidak,tidak,iya,tidak
2448,iya,iya,tidak,iya
2449,iya,tidak,tidak,iya
2450,tidak,tidak,tidak,iya
2451,tidak,iya,iya,iya
2452,tidak,iya,iya,tidak
2453,iya,tidak,tidak,iya
2454,tidak,tidak,iya,tidak
2455,tidak,iya,tidak,iya
2456,iya,tidak,tidak,iya
2457,tidak,iya,tidak,tidak
2458,tidak,tidak,tidak,iya
2459,tidak,iya,tidak,iya
2460,iya,iya,tidak,iya
2461,tidak,iya,iya,tidak
2462,tidak,tidak,tidak,iya
2463,iya,tidak,tidak,tidak
2464,iya,iya,tidak,tidak
2465,tidak,tidak,iya,iya
2466,iya,iya,iya,iya
2467,tidak,iya,tidak,tidak
2468,tidak,tidak,iya,tidak
2469,tidak,iya,tidak,iya
2470,tidak,tidak,tidak,tidak
2471,iya,iya,tidak,tidak
2472,tidak,iya,tidak,tidak
2473,tidak,tidak,tidak,iya
2474,tidak,tidak,iya,iya
2475,iya,iya,tidak,iya
2476,tidak,tidak,iya,tidak
2477,iya,tidak,iya,iya
2478,tidak,iya,tidak,iya
2479,iya,tidak,tidak,tidak
2480,tidak,tidak,tidak,tidak
2481,tidak,tidak,tidak,iya
2482,iya,tidak,iya,tidak
2483,tidak,iya,tidak,iya
2484,tidak,iya,tidak,tidak
2485,tidak,iya,tidak,iya
2486,tidak,tidak,iya,tidak
2487,iya,iya,tidak,tidak
2488,tidak,tidak,iya,iya
2489,tidak,tidak,tidak,iya
2490,tidak,iya,iya,tidak
2491,tidak,tidak,iya,tidak
2492,tidak,tidak,iya,iya
2493,tidak,tidak,tidak,iya
2494,tidak,iya,tidak,tidak
2495,iya,iya,iya,iya
2496,tidak,tidak,iya,tidak
2497,iya,tidak,tidak,iya
2498,iya,tidak,tidak,iya
2499,tidak,tidak,tidak,tidak
2500,tidak,iya,iya,tidak
2501,tidak,iya,tidak,tidak
2502,iya,iya,iya,iya
2503,iya,iya,iya,iya
2504,iya,iya,tidak,tidak
2505,tidak,iya,iya,tidak
2506,tidak,iya,iya,iya
2507,iya,iya,tidak,tidak
2508,tidak,tidak,iya,iya
2509,iya,tidak,iya,iya
2510,tidak,tidak,iya,iya
2511,tidak,iya,tidak,iya
2512,iya,tidak,tidak,iya
2513,iya,iya,iya,iya
2514,iya,iya,tidak,tidak
2515,tidak,tidak,tidak,iya
2516,iya,tidak,iya,tidak
2517,iya,iya,tidak,tidak
2518,tidak,tidak,tidak,iya
2519,tidak,tidak,iya,tidak
2520,iya,iya,tidak,iya
2521,iya,tidak,tidak,tidak
2522,iya,tidak,iya,tidak
2523,iya,tidak,iya,tidak
2524,tidak,iya,tidak,iya
2525,iya,iya,iya,iya
2526,tidak,tidak,tidak,iya
2527,tidak,iya,tidak,iya
2528,tidak,iya,tidak,tidak
2529,iya,iya,tidak,tidak
2530,tidak,iya,iya,tidak
2531,iya,iya,tidak,tidak
2532,iya,iya,tidak,iya
2533,iya,tidak,tidak,tidak
2534,tidak,tidak,tidak,iya
2535,tidak,tidak,iya,tidak
2536,tidak,iya,tidak,iya
2537,iya,tidak,tidak,tidak
2538,tidak,tidak,tidak,tidak
2539,iya,tidak,tidak,iya
2540,tidak,tidak,tidak,tidak
2541,iya,tidak,tidak,iya
2542,tidak,iya,iya,tidak
2543,iya,iya,iya,iya
2544,tidak,iya,iya,iya
2545,tidak,iya,iya,iya
2546,iya,iya,tidak,tidak
2547,tidak,tidak,iya,iya
2548,iya,tidak,tidak,tidak
2549,tidak,tidak,tidak,tidak
2550,tidak,iya,tidak,tidak
2551,tidak,tidak,tidak,iya
2552,iya,iya,tidak,iya
2553,iya,iya,tidak,tidak
2554,tidak,tidak,iya,iya
2555,tidak,tidak,iya,tidak
2556,iya,iya,tidak,iya
2557,iya,iya,tidak,tidak
2558,iya,tidak,tidak,tidak
2559,iya,iya,tidak,tidak
2560,tidak,iya,tidak,iya
2561,iya,iya,iya,tidak
2562,iya,tidak,tidak,tidak
2563,tidak,tidak,tidak,iya
2564,iya,tidak,iya,tidak
2565,iya,iya,tidak,tidak
2566,iya,iya,tidak,iya
2567,tidak,iya,tidak,iya
2568,tidak,iya,tidak,iya
2569,tidak,iya,iya,tidak
2570,tidak,iya,iya,tidak
2571,iya,tidak,tidak,iya
2572,tidak,tidak,tidak,tidak
2573,iya,iya,iya,tidak
2574,tidak,iya,tidak,tidak
2575,iya,tidak,tidak,iya
2576,tidak,tidak,iya,tidak
2577,tidak,tidak,iya,iya
2578,tidak,tidak,iya,tidak
2579,iya,iya,tidak,iya
2580,iya,tidak,tidak,tidak
2581,tidak,tidak,iya,tidak
2582,tidak,iya,tidak,iya
2583,iya,tidak,tidak,iya
2584,iya,tidak,tidak,tidak
2585,tidak,tidak,tidak,tidak
2586,tidak,tidak,tidak,iya
2587,tidak,tidak,tidak,tidak
2588,tidak,iya,tidak,iya
2589,tidak,tidak,tidak,iya
2590,iya,iya,tidak,iya
2591,iya,tidak,tidak,tidak
2592,tidak,iya,tidak,tidak
2593,iya,iya,tidak,tidak
2594,iya,tidak,tidak,tidak
2595,iya,iya,tidak,tidak
2596,iya,tidak,tidak,tidak
2597,iya,tidak,tidak,tidak
2598,iya,iya,tidak,tidak
2599,iya,iya,iya,tidak
2600,tidak,iya,tidak,iya
2601,tidak,iya,iya,iya
2602,iya,iya,iya,iya
2603,iya,iya,tidak,tidak
2604,tidak,tidak,tidak,iya
2605,iya,tidak,tidak,iya
2606,tidak,tidak,tidak,iya
2607,tidak,tidak,iya,tidak
2608,iya,tidak,iya,iya
2609,iya,iya,tidak,tidak
2610,tidak,tidak,tidak,tidak
2611,tidak,iya,tidak,tidak
2612,iya,tidak,tidak,tidak
2613,iya,iya,tidak,iya
2614,tidak,iya,tidak,iya
2615,tidak,tidak,tidak,iya
2616,tidak,iya,iya,tidak
2617,iya,tidak,iya,iya
2618,iya,iya,tidak,tidak
2619,tidak,tidak,tidak,tidak
2620,iya,tidak,tidak,iya
2621,iya,iya,iya,iya
2622,tidak,iya,tidak,iya
2623,tidak,tidak,tidak,tidak
2624,tidak,iya,iya,iya
2625,tidak,tidak,tidak,iya
2626,iya,tidak,tidak,tidak
2627,tidak,tidak,iya,iya
2628,tidak,tidak,tidak,tidak
2629,tidak,iya,iya,tidak
2630,iya,iya,iya,iya
2631,iya,tidak,tidak,tidak
2632,iya,iya,iya,tidak
2633,iya,tidak,tidak,tidak
2634,iya,tidak,iya,tidak
2635,tidak,iya,tidak,tidak
2636,tidak,tidak,iya,iya
2637,tidak,tidak,tidak,tidak
2638,tidak,iya,tidak,tidak
2639,iya,iya,iya,tidak
2640,tidak,tidak,tidak,iya
2641,iya,tidak,tidak,iya
2642,tidak,tidak,tidak,iya
2643,tidak,iya,tidak,tidak
2644,iya,iya,tidak,tidak
2645,tidak,iya,iya,iya
2646,tidak,iya,tidak,tidak
2647,tidak,iya,tidak,iya
2648,tidak,iya,iya,tidak
2649,iya,tidak,tidak,tidak
2650,iya,iya,iya,tidak
2651,tidak,iya,tidak,tidak
2652,iya,tidak,tidak,tidak
2653,iya,tidak,tidak,tidak
2654,tidak,tidak,tidak,iya
2655,tidak,iya,tidak,iya
2656,iya,tidak,tidak,iya
2657,iya,iya,tidak,iya
2658,tidak,tidak,tidak,iya
2659,tidak,iya,iya,tidak
2660,tidak,tidak,tidak,iya
2661,tidak,iya,tidak,tidak
2662,tidak,tidak,tidak,iya
2663,iya,tidak,tidak,tidak
2664,iya,tidak,tidak,iya
2665,iya,tidak,tidak,iya
2666,tidak,iya,tidak,tidak
2667,tidak,iya,tidak,iya
2668,tidak,tidak,tidak,iya
2669,iya,tidak,iya,iya
2670,tidak,iya,tidak,iya
2671,tidak,iya,tidak,iya
2672,tidak,tidak,tidak,tidak
2673,iya,tidak,iya,tidak
2674,iya,tidak,tidak,tidak
2675,tidak,tidak,tidak,tidak
2676,iya,iya,tidak,tidak
2677,iya,iya,tidak,iya
2678,tidak,tidak,tidak,tidak
2679,tidak,tidak,tidak,tidak
2680,iya,iya,tidak,iya
2681,tidak,tidak,iya,tidak
2682,iya,tidak,iya,tidak
2683,tidak,iya,iya,tidak
2684,tidak,tidak,tidak,tidak
2685,tidak,iya,iya,iya
2686,iya,iya,tidak,iya
2687,iya,iya,tidak,tidak
2688,tidak,tidak,tidak,tidak
2689,tidak,iya,iya,tidak
2690,tidak,iya,tidak,iya
2691,iya,tidak,tidak,iya
2692,iya,tidak,iya,tidak
2693,tidak,tidak,tidak,iya
2694,iya,iya,tidak,tidak
2695,iya,tidak,tidak,iya
2696,tidak,tidak,tidak,tidak
2697,iya,iya,iya,tidak
2698,tidak,tidak,tidak,tidak
2699,iya,tidak,tidak,tidak
2700,tidak,tidak,tidak,iya
2701,iya,iya,tidak,iya
2702,iya,iya,tidak,tidak
2703,iya,iya,tidak,tidak
2704,tidak,tidak,iya,tidak
2705,iya,iya,tidak,tidak
2706,tidak,tidak,iya,iya
2707,iya,tidak,iya,tidak
2708,tidak,iya,tidak,iya
2709,iya,iya,tidak,iya
2710,iya,iya,tidak,tidak
2711,iya,tidak,tidak,iya
2712,tidak,tidak,iya,iya
2713,tidak,tidak,tidak,tidak
2714,tidak,tidak,iya,iya
2715,tidak,tidak,iya,iya
2716,tidak,iya,iya,iya
2717,iya,tidak,tidak,tidak
2718,iya,tidak,tidak,iya
2719,tidak,tidak,tidak,tidak
2720,iya,tidak,iya,tidak
2721,iya,iya,tidak,iya
2722,iya,iya,iya,iya
2723,iya,iya,tidak,iya
2724,iya,iya,tidak,iya
2725,tidak,tidak,tidak,tidak
2726,iya,iya,tidak,tidak
2727,tidak,tidak,tidak,tidak
2728,iya,tidak,tidak,tidak
2729,iya,tidak,tidak,iya
2730,tidak,tidak,iya,tidak
2731,iya,tidak,tidak,tidak
2732,tidak,iya,iya,iya
2733,tidak,tidak,iya,tidak
2734,tidak,iya,tidak,tidak
2735,iya,iya,tidak,iya
2736,tidak,iya,tidak,iya
2737,iya,iya,tidak,iya
2738,iya,iya,iya,iya
2739,iya,tidak,iya,tidak
2740,iya,tidak,tidak,tidak
2741,tidak,iya,iya,tidak
2742,tidak,iya,tidak,iya
2743,tidak,iya,tidak,tidak
2744,iya,iya,tidak,iya
2745,iya,tidak,tidak,tidak
2746,tidak,iya,tidak,iya
2747,iya,iya,tidak,tidak
2748,tidak,tidak,tidak,iya
2749,iya,iya,tidak,iya
2750,iya,iya,iya,iya
2751,iya,tidak,tidak,iya
2752,tidak,iya,tidak,tidak
2753,iya,tidak,tidak,iya
2754,tidak,tidak,tidak,tidak
2755,iya,tidak,iya,tidak
2756,tidak,iya,iya,iya
2757,tidak,tidak,tidak,iya
2758,iya,tidak,iya,tidak
2759,tidak,iya,tidak,iya
2760,tidak,tidak,tidak,iya
2761,iya,tidak,iya,iya
2762,iya,iya,tidak,iya
2763,tidak,tidak,iya,iya
2764,tidak,iya,iya,tidak
2765,tidak,tidak,tidak,tidak
2766,iya,iya,tidak,tidak
2767,iya,tidak,tidak,iya
2768,tidak,iya,iya,tidak
2769,iya,tidak,iya,tidak
2770,iya,tidak,iya,iya
2771,iya,iya,tidak,iya
2772,tidak,iya,iya,iya
2773,tidak,iya,iya,tidak
2774,iya,tidak,tidak,tidak
2775,iya,tidak,tidak,tidak
2776,iya,tidak,tidak,iya
2777,iya,tidak,iya,tidak
2778,iya,tidak,tidak,tidak
2779,tidak,iya,tidak,iya
2780,iya,tidak,tidak,tidak
2781,iya,tidak,iya,iya
2782,iya,tidak,iya,iya
2783,iya,iya,iya,iya
2784,tidak,tidak,tidak,iya
2785,tidak,tidak,iya,tidak
2786,tidak,iya,tidak,tidak
2787,iya,tidak,iya,tidak
2788,iya,tidak,tidak,tidak
2789,tidak,tidak,iya,iya
2790,tidak,tidak,tidak,iya
2791,tidak,tidak,iya,iya
2792,tidak,tidak,tidak,tidak
2793,tidak,tidak,tidak,iya
2794,iya,tidak,tidak,iya
2795,tidak,tidak,tidak,tidak
2796,iya,tidak,tidak,tidak
2797,tidak,tidak,tidak,tidak
2798,iya,tidak,tidak,tidak
2799,iya,tidak,iya,tidak
2800,tidak,iya,iya,iya
2801,iya,tidak,tidak,iya
2802,tidak,iya,tidak,iya
2803,iya,iya,tidak,tidak
2804,iya,iya,tidak,iya
2805,iya,iya,iya,iya
2806,tidak,iya,tidak,tidak
2807,tidak,iya,tidak,iya
2808,iya,iya,tidak,iya
2809,tidak,tidak,iya,iya
2810,iya,tidak,iya,tidak
2811,tidak,tidak,tidak,tidak
2812,tidak,iya,iya,tidak
2813,tidak,tidak,tidak,iya
2814,iya,iya,tidak,iya
2815,iya,tidak,iya,tidak
2816,tidak,tidak,iya,iya
2817,tidak,tidak,tidak,tidak
2818,tidak,iya,tidak,iya
2819,tidak,iya,tidak,iya
2820,iya,tidak,iya,iya
2821,iya,iya,iya,tidak
2822,iya,tidak,tidak,tidak
2823,iya,tidak,iya,tidak
2824,iya,tidak,tidak,iya
2825,iya,iya,tidak,iya
2826,iya,iya,tidak,iya
2827,iya,tidak,tidak,tidak
2828,tidak,tidak,tidak,iya
2829,iya,iya,tidak,tidak
2830,tidak,tidak,tidak,tidak
2831,iya,tidak,tidak,tidak
2832,tidak,tidak,tidak,tidak
2833,tidak,tidak,tidak,tidak
2834,tidak,iya,tidak,tidak
2835,iya,tidak,tidak,iya
2836,iya,iya,tidak,tidak
2837,iya,iya,iya,tidak
2838,tidak,iya,tidak,tidak
2839,tidak,tidak,tidak,tidak
2840,tidak,tidak,iya,iya
2841,iya,iya,tidak,iya
2842,iya,iya,tidak,tidak
2843,iya,tidak,tidak,iya
2844,iya,tidak,tidak,tidak
2845,iya,tidak,iya,tidak
2846,tidak,iya,tidak,iya
2847,tidak,iya,tidak,iya
2848,iya,iya,tidak,tidak
2849,tidak,iya,tidak,tidak
2850,iya,iya,tidak,iya
2851,iya,tidak,tidak,iya
2852,tidak,iya,tidak,iya
2853,tidak,iya,iya,iya
2854,tidak,tidak,tidak,iya
2855,iya,tidak,tidak,iya
2856,tidak,iya,iya,iya
2857,tidak,iya,iya,iya
2858,iya,iya,tidak,iya
2859,tidak,iya,iya,iya
2860,tidak,tidak,tidak,tidak
2861,tidak,iya,iya,iya
2862,tidak,tidak,tidak,iya
2863,iya,tidak,iya,tidak
2864,iya,tidak,tidak,tidak
2865,tidak,tidak,iya,tidak
2866,iya,tidak,tidak,iya
2867,tidak,iya,iya,iya
2868,iya,tidak,iya,tidak
2869,iya,tidak,tidak,tidak
2870,iya,tidak,tidak,iya
2871,tidak,iya,tidak,iya
2872,tidak,tidak,tidak,tidak
2873,iya,tidak,iya,iya
2874,tidak,tidak,tidak,iya
2875,iya,tidak,tidak,iya
2876,tidak,tidak,iya,iya
2877,tidak,iya,tidak,tidak
2878,iya,tidak,tidak,iya
2879,iya,tidak,tidak,iya
2880,iya,tidak,tidak,iya
2881,tidak,iya,tidak,tidak
2882,tidak,tidak,tidak,iya
2883,tidak,iya,tidak,iya
2884,iya,iya,iya,iya
2885,iya,tidak,tidak,iya
2886,iya,iya,iya,tidak
2887,tidak,tidak,tidak,tidak
2888,iya,tidak,tidak,tidak
2889,iya,tidak,tidak,tidak
2890,iya,iya,tidak,iya
2891,tidak,tidak,iya,tidak
2892,tidak,iya,iya,tidak
2893,iya,iya,tidak,iya
2894,iya,tidak,iya,iya
2895,tidak,iya,tidak,iya
2896,tidak,tidak,tidak,iya
2897,iya,iya,tidak,tidak
2898,iya,iya,iya,tidak
2899,tidak,iya,tidak,tidak
2900,tidak,iya,tidak,tidak
2901,iya,iya,iya,tidak
2902,iya,tidak,iya,tidak
2903,tidak,iya,iya,tidak
2904,tidak,tidak,tidak,tidak
2905,iya,tidak,tidak,tidak
2906,tidak,iya,iya,iya
2907,tidak,tidak,tidak,iya
2908,iya,tidak,iya,tidak
2909,tidak,tidak,tidak,tidak
2910,tidak,tidak,iya,iya
2911,tidak,tidak,iya,tidak
2912,iya,tidak,iya,iya
2913,tidak,iya,tidak,tidak
2914,tidak,tidak,iya,tidak
2915,tidak,tidak,tidak,iya
2916,tidak,iya,tidak,tidak
2917,iya,iya,tidak,tidak
2918,iya,iya,tidak,iya
2919,iya,tidak,tidak,iya
2920,tidak,tidak,iya,iya
2921,tidak,iya,tidak,iya
2922,tidak,tidak,tidak,iya
2923,tidak,iya,iya,tidak
2924,tidak,tidak,tidak,tidak
2925,tidak,iya,tidak,tidak
2926,iya,tidak,tidak,tidak
2927,iya,tidak,tidak,iya
2928,iya,iya,tidak,tidak
2929,tidak,iya,tidak,tidak
2930,iya,iya,tidak,tidak
2931,tidak,tidak,iya,tidak
2932,tidak,iya,iya,tidak
2933,tidak,tidak,tidak,tidak
2934,tidak,tidak,tidak,iya
2935,tidak,tidak,tidak,iya
2936,tidak,iya,tidak,iya
2937,tidak,tidak,iya,iya
2938,iya,iya,tidak,iya
2939,tidak,tidak,iya,tidak
2940,tidak,tidak,tidak,iya
2941,tidak,tidak,tidak,tidak
2942,tidak,tidak,tidak,tidak
2943,iya,tidak,tidak,iya
2944,tidak,tidak,iya,tidak
2945,iya,tidak,iya,tidak
2946,iya,tidak,tidak,tidak
2947,iya,tidak,tidak,tidak
2948,tidak,tidak,tidak,iya
2949,tidak,tidak,tidak,tidak
2950,iya,tidak,tidak,iya
2951,iya,iya,iya,tidak
2952,iya,tidak,iya,tidak
2953,iya,tidak,tidak,tidak
2954,iya,tidak,tidak,iya
2955,tidak,tidak,iya,iya
2956,iya,tidak,tidak,tidak
2957,iya,tidak,tidak,iya
2958,iya,tidak,tidak,iya
2959,iya,iya,tidak,tidak
2960,iya,iya,tidak,tidak
2961,tidak,iya,tidak,iya
2962,tidak,tidak,tidak,tidak
2963,tidak,iya,iya,tidak
2964,iya,tidak,tidak,tidak
2965,iya,iya,tidak,tidak
2966,iya,tidak,iya,tidak
2967,tidak,tidak,iya,iya
2968,tidak,tidak,tidak,iya
2969,tidak,iya,iya,iya
2970,tidak,iya,tidak,iya
2971,tidak,tidak,iya,tidak
2972,tidak,iya,iya,tidak
2973,tidak,iya,iya,iya
2974,iya,tidak,iya,tidak
2975,iya,tidak,iya,iya
2976,tidak,iya,tidak,tidak
2977,tidak,tidak,tidak,tidak
2978,iya,iya,tidak,tidak
2979,iya,tidak,iya,iya
2980,tidak,iya,tidak,iya
2981,tidak,iya,iya,iya
2982,tidak,tidak,tidak,iya
2983,tidak,tidak,iya,tidak
2984,tidak,tidak,iya,tidak
2985,tidak,tidak,tidak,tidak
2986,iya,tidak,iya,tidak
2987,tidak,iya,tidak,iya
2988,iya,iya,iya,iya
2989,tidak,iya,iya,iya
2990,iya,tidak,tidak,iya
2991,iya,iya,tidak,iya
2992,iya,tidak,tidak,iya
2993,tidak,tidak,tidak,tidak
2994,tidak,tidak,tidak,iya
2995,tidak,iya,tidak,iya
2996,iya,tidak,tidak,iya
2997,tidak,iya,tidak,tidak
2998,tidak,iya,iya,tidak
2999,tidak,tidak,tidak,tidak
3000,tidak,tidak,iya,tidak
