responden_id,stres_pekerjaan,masalah_ekonomi,konflik_besar_terakhir,konsumsi_alkohol
1,tinggi,tidak,tidak,iya
2,tinggi,tidak,tidak,iya
3,rendah,tidak,iya,tidak
4,tinggi,iya,iya,tidak
5,rendah,iya,tidak,tidak
6,rendah,tidak,iya,iya
7,tinggi,tidak,tidak,tidak
8,rendah,tidak,tidak,tidak
9,rendah,tidak,tidak,tidak
10,rendah,tidak,tidak,tidak
11,rendah,tidak,iya,tidak
12,tinggi,tidak,tidak,tidak
13,rendah,tidak,iya,iya
14,tinggi,iya,tidak,tidak
15,rendah,tidak,tidak,tidak
16,rendah,iya,iya,iya
17,rendah,iya,tidak,iya
18,tinggi,tidak,iya,iya
19,tinggi,tidak,tidak,tidak
20,rendah,iya,iya,tidak
21,rendah,tidak,iya,tidak
22,rendah,tidak,iya,tidak
23,rendah,iya,iya,tidak
24,rendah,tidak,iya,iya
25,tinggi,tidak,iya,iya
26,rendah,tidak,iya,tidak
27,tinggi,tidak,iya,tidak
28,rendah,iya,iya,tidak
29,tinggi,iya,iya,tidak
30,tinggi,iya,iya,iya
31,tinggi,tidak,iya,tidak
32,tinggi,tidak,tidak,tidak
33,tinggi,tidak,iya,tidak
34,tinggi,tidak,tidak,iya
35,tinggi,tidak,tidak,tidak
36,rendah,tidak,tidak,iya
37,tinggi,tidak,tidak,tidak
38,tinggi,tidak,iya,tidak
39,tinggi,iya,tidak,tidak
40,rendah,tidak,tidak,tidak
41,tinggi,tidak,iya,iya
42,tinggi,tidak,tidak,iya
43,rendah,tidak,tidak,tidak
44,tinggi,iya,tidak,tidak
45,rendah,tidak,tidak,tidak
46,tinggi,tidak,tidak,tidak
47,rendah,iya,iya,tidak
48,tinggi,tidak,tidak,tidak
49,tinggi,tidak,tidak,tidak
50,rendah,tidak,tidak,iya
51,rendah,iya,tidak,iya
52,rendah,tidak,tidak,tidak
53,tinggi,iya,tidak,iya
54,tinggi,tidak,iya,tidak
55,rendah,tidak,tidak,iya
56,tinggi,tidak,iya,tidak
57,rendah,tidak,tidak,tidak
58,rendah,tidak,iya,iya
59,rendah,iya,tidak,tidak
60,tinggi,tidak,tidak,iya
61,tinggi,tidak,tidak,iya
62,tinggi,iya,tidak,tidak
63,rendah,tidak,iya,tidak
64,rendah,iya,tidak,tidak
65,rendah,iya,tidak,tidak
66,tinggi,iya,iya,tidak
67,rendah,tidak,tidak,tidak
68,rendah,iya,tidak,tidak
69,rendah,iya,tidak,iya
70,tinggi,tidak,iya,iya
71,rendah,iya,tidak,tidak
72,rendah,tidak,iya,iya
73,tinggi,tidak,tidak,tidak
74,tinggi,iya,tidak,tidak
75,rendah,tidak,iya,iya
76,tinggi,tidak,tidak,tidak
77,rendah,tidak,tidak,iya
78,tinggi,tidak,iya,iya
79,tinggi,iya,iya,tidak
80,rendah,iya,tidak,iya
81,tinggi,iya,tidak,tidak
82,tinggi,tidak,tidak,iya
83,tinggi,iya,iya,tidak
84,tinggi,iya,tidak,iya
85,rendah,tidak,tidak,iya
86,rendah,tidak,iya,tidak
87,tinggi,iya,tidak,tidak
88,rendah,tidak,iya,tidak
89,rendah,iya,iya,tidak
90,tinggi,iya,tidak,iya
91,tinggi,iya,iya,tidak
92,rendah,tidak,tidak,iya
93,tinggi,tidak,tidak,iya
94,tinggi,tidak,tidak,tidak
95,tinggi,tidak,iya,tidak
96,rendah,iya,tidak,tidak
97,rendah,tidak,iya,tidak
98,tinggi,tidak,iya,tidak
99,rendah,tidak,iya,tidak
100,tinggi,iya,tidak,tidak
101,rendah,iya,tidak,iya
102,rendah,tidak,iya,tidak
103,tinggi,iya,tidak,tidak
104,rendah,iya,tidak,tidak
105,tinggi,tidak,iya,iya
106,rendah,iya,tidak,iya
107,rendah,iya,tidak,iya
108,rendah,iya,iya,tidak
109,tinggi,iya,iya,tidak
110,tinggi,tidak,iya,tidak
111,rendah,tidak,tidak,tidak
112,tinggi,tidak,tidak,iya
113,rendah,iya,iya,iya
114,tinggi,tidak,tidak,tidak
115,rendah,tidak,iya,tidak
116,tinggi,tidak,tidak,tidak
117,tinggi,iya,tidak,tidak
118,tinggi,tidak,tidak,tidak
119,tinggi,iya,iya,tidak
120,tinggi,tidak,iya,tidak
121,rendah,tidak,tidak,iya
122,tinggi,tidak,tidak,tidak
123,tinggi,iya,tidak,tidak
124,tinggi,tidak,tidak,tidak
125,rendah,tidak,tidak,tidak
126,rendah,iya,iya,tidak
127,tinggi,tidak,iya,tidak
128,rendah,tidak,tidak,tidak
129,rendah,tidak,tidak,tidak
130,rendah,iya,tidak,tidak
131,tinggi,iya,iya,iya
132,tinggi,iya,iya,tidak
133,rendah,iya,tidak,iya
134,tinggi,tidak,tidak,tidak
135,rendah,tidak,iya,tidak
136,rendah,iya,tidak,tidak
137,tinggi,iya,iya,tidak
138,rendah,iya,tidak,tidak
139,rendah,iya,iya,tidak
140,rendah,iya,iya,iya
141,rendah,iya,tidak,tidak
142,rendah,iya,tidak,tidak
143,tinggi,tidak,tidak,tidak
144,tinggi,tidak,tidak,tidak
145,rendah,tidak,iya,iya
146,rendah,iya,tidak,iya
147,tinggi,tidak,tidak,tidak
148,tinggi,tidak,tidak,tidak
149,tinggi,tidak,tidak,tidak
150,rendah,tidak,iya,tidak
151,tinggi,tidak,tidak,iya
152,rendah,iya,iya,iya
153,rendah,iya,tidak,iya
154,tinggi,tidak,tidak,tidak
155,tinggi,tidak,tidak,tidak
156,rendah,iya,tidak,iya
157,rendah,iya,tidak,tidak
158,rendah,tidak,iya,tidak
159,rendah,iya,tidak,tidak
160,tinggi,iya,tidak,tidak
161,tinggi,tidak,tidak,iya
162,tinggi,iya,iya,tidak
163,tinggi,tidak,tidak,iya
164,rendah,tidak,tidak,tidak
165,tinggi,iya,tidak,tidak
166,tinggi,tidak,tidak,tidak
167,rendah,tidak,tidak,iya
168,rendah,iya,iya,tidak
169,rendah,tidak,tidak,tidak
170,tinggi,tidak,tidak,tidak
171,rendah,tidak,iya,tidak
172,tinggi,iya,tidak,iya
173,tinggi,tidak,tidak,iya
174,tinggi,iya,tidak,iya
175,rendah,tidak,iya,tidak
176,tinggi,iya,iya,tidak
177,rendah,tidak,iya,tidak
178,tinggi,tidak,tidak,tidak
179,tinggi,iya,tidak,tidak
180,tinggi,tidak,iya,iya
181,tinggi,iya,iya,tidak
182,tinggi,iya,iya,iya
183,rendah,iya,tidak,tidak
184,rendah,tidak,tidak,tidak
185,rendah,iya,tidak,iya
186,tinggi,tidak,tidak,tidak
187,tinggi,tidak,tidak,tidak
188,tinggi,iya,tidak,iya
189,rendah,iya,iya,iya
190,tinggi,tidak,tidak,tidak
191,rendah,tidak,iya,iya
192,rendah,iya,tidak,tidak
193,rendah,tidak,iya,tidak
194,tinggi,iya,tidak,tidak
195,tinggi,tidak,tidak,tidak
196,tinggi,iya,iya,tidak
197,tinggi,tidak,tidak,tidak
198,tinggi,tidak,tidak,tidak
199,tinggi,iya,tidak,tidak
200,rendah,iya,tidak,tidak
201,tinggi,iya,iya,tidak
202,tinggi,iya,tidak,iya
203,tinggi,tidak,tidak,tidak
204,rendah,tidak,iya,tidak
205,rendah,iya,tidak,tidak
206,tinggi,tidak,iya,iya
207,tinggi,iya,tidak,tidak
208,rendah,iya,tidak,tidak
209,tinggi,iya,tidak,iya
210,rendah,tidak,tidak,iya
211,tinggi,tidak,tidak,tidak
212,tinggi,iya,iya,iya
213,rendah,iya,tidak,iya
214,rendah,iya,tidak,tidak
215,tinggi,iya,iya,iya
216,tinggi,tidak,iya,tidak
217,tinggi,tidak,tidak,iya
218,rendah,tidak,iya,tidak
219,rendah,tidak,iya,tidak
220,tinggi,tidak,tidak,iya
221,tinggi,tidak,tidak,tidak
222,tinggi,tidak,iya,iya
223,tinggi,tidak,tidak,iya
224,rendah,tidak,tidak,tidak
225,tinggi,tidak,iya,tidak
226,tinggi,tidak,tidak,iya
227,rendah,iya,tidak,iya
228,tinggi,tidak,tidak,tidak
229,tinggi,iya,iya,tidak
230,rendah,tidak,tidak,iya
231,tinggi,tidak,tidak,tidak
232,tinggi,tidak,iya,tidak
233,tinggi,tidak,iya,tidak
234,tinggi,tidak,tidak,iya
235,rendah,tidak,iya,tidak
236,tinggi,tidak,tidak,tidak
237,tinggi,tidak,tidak,iya
238,tinggi,tidak,iya,tidak
239,tinggi,iya,tidak,tidak
240,rendah,tidak,iya,tidak
241,tinggi,tidak,tidak,iya
242,tinggi,tidak,tidak,tidak
243,tinggi,iya,iya,tidak
244,tinggi,tidak,tidak,tidak
245,tinggi,tidak,tidak,iya
246,rendah,tidak,iya,tidak
247,tinggi,iya,tidak,tidak
248,rendah,iya,tidak,iya
249,tinggi,tidak,tidak,tidak
250,tinggi,tidak,tidak,iya
251,tinggi,tidak,iya,iya
252,rendah,tidak,tidak,iya
253,tinggi,iya,tidak,tidak
254,tinggi,iya,tidak,tidak
255,tinggi,iya,tidak,tidak
256,rendah,tidak,iya,iya
257,tinggi,tidak,tidak,tidak
258,tinggi,tidak,tidak,tidak
259,tinggi,tidak,iya,tidak
260,rendah,tidak,iya,iya
261,tinggi,iya,iya,tidak
262,rendah,iya,iya,tidak
263,tinggi,tidak,iya,iya
264,tinggi,iya,iya,tidak
265,rendah,tidak,tidak,tidak
266,tinggi,tidak,tidak,iya
267,tinggi,iya,tidak,tidak
268,rendah,tidak,tidak,tidak
269,tinggi,tidak,tidak,iya
270,tinggi,tidak,iya,iya
271,tinggi,iya,iya,tidak
272,tinggi,tidak,iya,iya
273,tinggi,tidak,tidak,tidak
274,rendah,tidak,tidak,tidak
275,rendah,tidak,tidak,iya
276,rendah,tidak,iya,tidak
277,rendah,iya,iya,tidak
278,tinggi,iya,iya,tidak
279,rendah,tidak,tidak,tidak
280,rendah,iya,iya,tidak
281,tinggi,iya,tidak,tidak
282,tinggi,tidak,tidak,iya
283,rendah,tidak,iya,iya
284,rendah,tidak,iya,tidak
285,rendah,iya,tidak,tidak
286,tinggi,tidak,tidak,iya
287,rendah,iya,tidak,iya
288,tinggi,tidak,iya,tidak
289,rendah,tidak,iya,iya
290,rendah,tidak,iya,tidak
291,tinggi,iya,tidak,tidak
292,rendah,iya,iya,tidak
293,tinggi,tidak,iya,tidak
294,rendah,tidak,iya,tidak
295,tinggi,tidak,iya,tidak
296,rendah,tidak,iya,tidak
297,tinggi,iya,tidak,tidak
298,tinggi,tidak,tidak,iya
299,tinggi,iya,tidak,tidak
300,tinggi,tidak,tidak,tidak
301,rendah,iya,tidak,tidak
302,tinggi,tidak,iya,tidak
303,rendah,tidak,iya,iya
304,rendah,tidak,tidak,tidak
305,rendah,tidak,tidak,tidak
306,tinggi,tidak,iya,iya
307,tinggi,iya,tidak,tidak
308,rendah,tidak,iya,tidak
309,tinggi,tidak,tidak,tidak
310,rendah,iya,tidak,tidak
311,tinggi,tidak,tidak,tidak
312,tinggi,iya,tidak,tidak
313,rendah,iya,iya,tidak
314,rendah,tidak,tidak,tidak
315,tinggi,iya,tidak,tidak
316,tinggi,tidak,iya,tidak
317,rendah,tidak,tidak,tidak
318,rendah,iya,iya,tidak
319,rendah,tidak,tidak,tidak
320,tinggi,tidak,tidak,tidak
321,tinggi,iya,tidak,tidak
322,rendah,tidak,iya,tidak
323,rendah,tidak,tidak,tidak
324,tinggi,iya,tidak,tidak
325,rendah,tidak,iya,tidak
326,tinggi,iya,iya,iya
327,tinggi,tidak,iya,tidak
328,rendah,tidak,iya,tidak
329,rendah,tidak,tidak,tidak
330,tinggi,tidak,iya,tidak
331,rendah,tidak,iya,tidak
332,rendah,tidak,tidak,tidak
333,rendah,iya,tidak,tidak
334,rendah,tidak,tidak,tidak
335,rendah,tidak,tidak,tidak
336,tinggi,tidak,tidak,tidak
337,tinggi,iya,tidak,tidak
338,tinggi,tidak,tidak,iya
339,rendah,iya,iya,iya
340,rendah,iya,iya,tidak
341,tinggi,iya,tidak,tidak
342,rendah,iya,iya,iya
343,tinggi,tidak,iya,iya
344,tinggi,tidak,tidak,tidak
345,tinggi,iya,iya,tidak
346,rendah,iya,tidak,tidak
347,tinggi,tidak,iya,tidak
348,tinggi,iya,iya,tidak
349,rendah,iya,tidak,tidak
350,rendah,tidak,tidak,tidak
351,tinggi,iya,tidak,iya
352,tinggi,tidak,tidak,iya
353,tinggi,tidak,iya,tidak
354,tinggi,iya,iya,tidak
355,tinggi,tidak,tidak,tidak
356,rendah,tidak,iya,tidak
357,rendah,tidak,tidak,tidak
358,tinggi,tidak,iya,iya
359,tinggi,iya,tidak,tidak
360,tinggi,tidak,tidak,tidak
361,tinggi,tidak,iya,iya
362,rendah,tidak,iya,tidak
363,tinggi,tidak,tidak,tidak
364,tinggi,iya,tidak,iya
365,tinggi,iya,tidak,tidak
366,rendah,tidak,iya,tidak
367,tinggi,iya,iya,tidak
368,tinggi,iya,tidak,iya
369,rendah,tidak,iya,tidak
370,tinggi,iya,tidak,tidak
371,tinggi,iya,tidak,tidak
372,rendah,tidak,tidak,tidak
373,tinggi,iya,tidak,tidak
374,tinggi,iya,iya,iya
375,rendah,tidak,iya,tidak
376,tinggi,iya,tidak,iya
377,rendah,tidak,iya,iya
378,rendah,iya,iya,tidak
379,tinggi,tidak,iya,iya
380,rendah,tidak,iya,tidak
381,rendah,iya,tidak,iya
382,tinggi,tidak,tidak,tidak
383,rendah,tidak,tidak,tidak
384,tinggi,tidak,tidak,iya
385,tinggi,tidak,tidak,tidak
386,rendah,tidak,tidak,tidak
387,rendah,iya,tidak,tidak
388,rendah,iya,iya,iya
389,tinggi,tidak,iya,tidak
390,tinggi,iya,iya,iya
391,tinggi,tidak,tidak,iya
392,rendah,tidak,tidak,tidak
393,tinggi,iya,iya,iya
394,tinggi,tidak,iya,tidak
395,tinggi,iya,tidak,iya
396,tinggi,iya,tidak,tidak
397,tinggi,iya,tidak,tidak
398,rendah,iya,iya,iya
399,tinggi,iya,tidak,tidak
400,rendah,iya,tidak,tidak
401,rendah,iya,tidak,tidak
402,rendah,tidak,iya,tidak
403,rendah,tidak,tidak,iya
404,rendah,iya,tidak,tidak
405,rendah,iya,tidak,tidak
406,rendah,iya,iya,tidak
407,tinggi,tidak,tidak,iya
408,tinggi,tidak,iya,tidak
409,rendah,iya,tidak,tidak
410,rendah,iya,iya,tidak
411,rendah,tidak,tidak,tidak
412,tinggi,iya,tidak,tidak
413,rendah,iya,tidak,tidak
414,tinggi,tidak,tidak,tidak
415,rendah,tidak,tidak,tidak
416,tinggi,tidak,tidak,tidak
417,tinggi,iya,iya,tidak
418,rendah,tidak,tidak,iya
419,rendah,iya,iya,tidak
420,tinggi,tidak,iya,tidak
421,rendah,iya,tidak,tidak
422,rendah,tidak,tidak,tidak
423,rendah,tidak,iya,tidak
424,tinggi,tidak,tidak,iya
425,tinggi,tidak,tidak,iya
426,rendah,tidak,iya,tidak
427,rendah,tidak,tidak,tidak
428,rendah,iya,iya,iya
429,tinggi,iya,tidak,tidak
430,tinggi,tidak,iya,iya
431,rendah,tidak,tidak,tidak
432,tinggi,tidak,tidak,tidak
433,rendah,iya,iya,iya
434,tinggi,tidak,iya,tidak
435,tinggi,tidak,tidak,tidak
436,tinggi,iya,iya,tidak
437,tinggi,tidak,iya,iya
438,rendah,tidak,tidak,tidak
439,rendah,iya,tidak,tidak
440,rendah,iya,tidak,iya
441,rendah,tidak,iya,tidak
442,tinggi,tidak,tidak,iya
443,rendah,tidak,iya,tidak
444,tinggi,iya,tidak,tidak
445,rendah,tidak,iya,tidak
446,rendah,tidak,iya,iya
447,tinggi,iya,iya,tidak
448,rendah,tidak,tidak,tidak
449,tinggi,tidak,iya,tidak
450,tinggi,tidak,iya,iya
451,tinggi,iya,iya,tidak
452,tinggi,iya,iya,tidak
453,tinggi,iya,iya,tidak
454,tinggi,tidak,tidak,iya
455,tinggi,tidak,tidak,iya
456,rendah,tidak,iya,tidak
457,tinggi,iya,tidak,tidak
458,rendah,tidak,tidak,iya
459,tinggi,tidak,tidak,tidak
460,tinggi,tidak,iya,tidak
461,tinggi,tidak,tidak,tidak
462,tinggi,tidak,iya,tidak
463,rendah,iya,iya,tidak
464,tinggi,tidak,tidak,iya
465,tinggi,tidak,tidak,tidak
466,tinggi,tidak,tidak,iya
467,rendah,tidak,tidak,tidak
468,tinggi,iya,iya,tidak
469,rendah,tidak,tidak,tidak
470,rendah,iya,iya,tidak
471,rendah,iya,iya,iya
472,tinggi,tidak,iya,iya
473,tinggi,tidak,iya,tidak
474,tinggi,tidak,iya,iya
475,tinggi,tidak,iya,iya
476,rendah,tidak,iya,tidak
477,tinggi,tidak,iya,tidak
478,tinggi,iya,iya,tidak
479,tinggi,tidak,iya,tidak
480,tinggi,tidak,tidak,tidak
481,tinggi,iya,tidak,tidak
482,rendah,tidak,tidak,tidak
483,tinggi,tidak,iya,iya
484,rendah,tidak,iya,tidak
485,rendah,iya,tidak,iya
486,rendah,tidak,iya,tidak
487,tinggi,tidak,iya,tidak
488,tinggi,tidak,iya,tidak
489,rendah,tidak,tidak,iya
490,rendah,iya,iya,tidak
491,rendah,iya,iya,iya
492,tinggi,iya,tidak,tidak
493,rendah,tidak,iya,tidak
494,rendah,iya,tidak,iya
495,rendah,tidak,iya,tidak
496,tinggi,tidak,iya,iya
497,rendah,iya,tidak,tidak
498,tinggi,iya,tidak,tidak
499,tinggi,iya,tidak,tidak
500,rendah,iya,tidak,iya
501,rendah,tidak,iya,tidak
502,rendah,tidak,tidak,tidak
503,rendah,tidak,tidak,tidak
504,tinggi,iya,iya,tidak
505,tinggi,tidak,iya,tidak
506,tinggi,tidak,iya,iya
507,tinggi,tidak,tidak,iya
508,tinggi,tidak,tidak,tidak
509,tinggi,tidak,iya,iya
510,rendah,tidak,tidak,iya
511,tinggi,tidak,tidak,iya
512,rendah,tidak,iya,tidak
513,rendah,iya,tidak,tidak
514,tinggi,tidak,tidak,tidak
515,tinggi,iya,tidak,tidak
516,tinggi,iya,iya,tidak
517,tinggi,iya,iya,tidak
518,rendah,tidak,tidak,tidak
519,rendah,tidak,tidak,iya
520,tinggi,iya,iya,iya
521,rendah,tidak,tidak,tidak
522,tinggi,tidak,iya,tidak
523,rendah,iya,iya,tidak
524,rendah,tidak,tidak,tidak
525,rendah,tidak,tidak,tidak
526,rendah,iya,tidak,iya
527,tinggi,iya,iya,tidak
528,tinggi,tidak,iya,tidak
529,rendah,tidak,tidak,tidak
530,tinggi,iya,iya,tidak
531,rendah,tidak,tidak,tidak
532,tinggi,iya,tidak,tidak
533,tinggi,tidak,tidak,iya
534,tinggi,iya,iya,tidak
535,rendah,tidak,iya,iya
536,rendah,tidak,tidak,tidak
537,rendah,iya,iya,tidak
538,tinggi,tidak,tidak,iya
539,rendah,iya,iya,iya
540,rendah,iya,iya,tidak
541,tinggi,iya,tidak,tidak
542,rendah,tidak,tidak,tidak
543,tinggi,tidak,iya,tidak
544,tinggi,iya,tidak,tidak
545,tinggi,iya,tidak,tidak
546,rendah,iya,iya,tidak
547,rendah,tidak,tidak,tidak
548,tinggi,tidak,iya,iya
549,tinggi,tidak,tidak,tidak
550,rendah,iya,iya,tidak
551,tinggi,iya,iya,iya
552,tinggi,iya,tidak,iya
553,rendah,tidak,tidak,tidak
554,rendah,tidak,iya,tidak
555,tinggi,tidak,tidak,tidak
556,rendah,tidak,tidak,tidak
557,rendah,tidak,iya,tidak
558,rendah,tidak,iya,iya
559,rendah,tidak,iya,iya
560,rendah,tidak,tidak,tidak
561,rendah,tidak,tidak,tidak
562,tinggi,iya,iya,tidak
563,rendah,iya,tidak,tidak
564,rendah,tidak,iya,tidak
565,tinggi,iya,tidak,tidak
566,tinggi,tidak,tidak,tidak
567,rendah,iya,tidak,iya
568,tinggi,tidak,tidak,iya
569,rendah,iya,tidak,tidak
570,tinggi,tidak,iya,iya
571,rendah,tidak,tidak,tidak
572,rendah,iya,iya,tidak
573,tinggi,tidak,iya,tidak
574,tinggi,tidak,tidak,iya
575,tinggi,tidak,tidak,iya
576,tinggi,iya,iya,tidak
577,rendah,tidak,iya,tidak
578,tinggi,iya,tidak,iya
579,rendah,iya,tidak,tidak
580,tinggi,tidak,iya,tidak
581,rendah,tidak,tidak,iya
582,rendah,tidak,tidak,iya
583,tinggi,tidak,tidak,tidak
584,tinggi,iya,tidak,iya
585,rendah,tidak,tidak,tidak
586,rendah,iya,tidak,tidak
587,rendah,tidak,iya,iya
588,tinggi,tidak,tidak,tidak
589,tinggi,tidak,iya,iya
590,tinggi,tidak,iya,tidak
591,rendah,tidak,iya,tidak
592,rendah,iya,tidak,tidak
593,tinggi,tidak,tidak,iya
594,tinggi,iya,tidak,iya
595,tinggi,tidak,tidak,tidak
596,tinggi,tidak,iya,iya
597,rendah,tidak,iya,tidak
598,rendah,iya,iya,tidak
599,tinggi,tidak,tidak,tidak
600,tinggi,iya,tidak,tidak
601,tinggi,iya,iya,tidak
602,rendah,tidak,iya,tidak
603,tinggi,tidak,tidak,tidak
604,tinggi,tidak,iya,tidak
605,tinggi,tidak,tidak,tidak
606,tinggi,iya,iya,tidak
607,tinggi,tidak,tidak,tidak
608,tinggi,iya,tidak,tidak
609,tinggi,tidak,tidak,tidak
610,rendah,tidak,iya,iya
611,rendah,tidak,iya,tidak
612,tinggi,iya,tidak,tidak
613,tinggi,iya,tidak,tidak
614,rendah,tidak,tidak,tidak
615,rendah,iya,tidak,tidak
616,rendah,tidak,tidak,tidak
617,rendah,iya,tidak,tidak
618,tinggi,tidak,iya,tidak
619,rendah,iya,iya,tidak
620,rendah,tidak,iya,tidak
621,tinggi,iya,tidak,iya
622,tinggi,tidak,tidak,tidak
623,tinggi,tidak,tidak,tidak
624,tinggi,iya,iya,tidak
625,rendah,tidak,iya,tidak
626,tinggi,tidak,tidak,iya
627,tinggi,iya,tidak,tidak
628,rendah,tidak,iya,tidak
629,rendah,tidak,iya,tidak
630,tinggi,iya,iya,tidak
631,rendah,tidak,tidak,tidak
632,rendah,iya,tidak,iya
633,rendah,iya,tidak,tidak
634,tinggi,tidak,tidak,tidak
635,rendah,tidak,tidak,tidak
636,rendah,iya,tidak,tidak
637,rendah,iya,tidak,tidak
638,rendah,tidak,tidak,tidak
639,tinggi,tidak,tidak,tidak
640,rendah,iya,tidak,iya
641,rendah,tidak,tidak,iya
642,rendah,iya,iya,tidak
643,tinggi,iya,tidak,tidak
644,tinggi,tidak,iya,tidak
645,tinggi,iya,iya,tidak
646,rendah,iya,tidak,tidak
647,tinggi,iya,tidak,tidak
648,rendah,iya,tidak,tidak
649,tinggi,tidak,tidak,tidak
650,tinggi,tidak,iya,tidak
651,tinggi,tidak,iya,iya
652,rendah,iya,iya,iya
653,rendah,tidak,iya,tidak
654,rendah,tidak,iya,tidak
655,tinggi,iya,tidak,tidak
656,tinggi,tidak,tidak,iya
657,tinggi,iya,tidak,tidak
658,rendah,tidak,tidak,tidak
659,tinggi,iya,iya,tidak
660,rendah,tidak,tidak,tidak
661,tinggi,tidak,tidak,tidak
662,tinggi,tidak,tidak,iya
663,tinggi,iya,iya,tidak
664,tinggi,tidak,iya,tidak
665,rendah,tidak,iya,tidak
666,rendah,tidak,iya,tidak
667,rendah,tidak,iya,tidak
668,tinggi,tidak,tidak,iya
669,rendah,iya,tidak,tidak
670,tinggi,iya,tidak,iya
671,rendah,iya,iya,tidak
672,tinggi,tidak,iya,iya
673,tinggi,tidak,tidak,tidak
674,tinggi,tidak,tidak,tidak
675,tinggi,tidak,tidak,iya
676,tinggi,tidak,tidak,tidak
677,tinggi,tidak,tidak,tidak
678,tinggi,tidak,tidak,iya
679,rendah,tidak,tidak,iya
680,rendah,iya,iya,iya
681,tinggi,iya,tidak,iya
682,rendah,iya,tidak,tidak
683,tinggi,tidak,iya,tidak
684,rendah,tidak,iya,iya
685,rendah,tidak,iya,iya
686,tinggi,tidak,tidak,iya
687,rendah,tidak,tidak,tidak
688,tinggi,tidak,tidak,tidak
689,rendah,tidak,tidak,tidak
690,rendah,tidak,tidak,iya
691,tinggi,iya,iya,tidak
692,rendah,tidak,tidak,tidak
693,rendah,tidak,iya,tidak
694,tinggi,iya,tidak,tidak
695,tinggi,tidak,iya,tidak
696,rendah,tidak,iya,tidak
697,tinggi,tidak,iya,tidak
698,tinggi,iya,iya,tidak
699,rendah,tidak,tidak,iya
700,tinggi,tidak,iya,tidak
701,tinggi,tidak,iya,tidak
702,rendah,iya,iya,tidak
703,tinggi,tidak,tidak,tidak
704,rendah,iya,iya,tidak
705,tinggi,tidak,iya,tidak
706,rendah,tidak,iya,tidak
707,rendah,tidak,iya,tidak
708,tinggi,tidak,tidak,tidak
709,tinggi,tidak,iya,iya
710,tinggi,tidak,tidak,iya
711,rendah,iya,iya,tidak
712,tinggi,iya,iya,iya
713,tinggi,tidak,iya,tidak
714,tinggi,tidak,tidak,iya
715,rendah,iya,tidak,iya
716,tinggi,tidak,iya,tidak
717,tinggi,tidak,iya,iya
718,tinggi,iya,tidak,tidak
719,tinggi,tidak,iya,tidak
720,rendah,iya,iya,tidak
721,tinggi,tidak,iya,tidak
722,rendah,iya,iya,iya
723,tinggi,iya,iya,tidak
724,tinggi,iya,iya,tidak
725,tinggi,tidak,iya,iya
726,tinggi,iya,iya,tidak
727,tinggi,iya,iya,iya
728,tinggi,iya,iya,tidak
729,tinggi,tidak,tidak,iya
730,rendah,tidak,tidak,tidak
731,rendah,tidak,iya,tidak
732,tinggi,iya,tidak,iya
733,rendah,iya,tidak,iya
734,rendah,tidak,iya,tidak
735,tinggi,tidak,tidak,iya
736,tinggi,tidak,tidak,tidak
737,rendah,tidak,iya,tidak
738,rendah,iya,tidak,tidak
739,tinggi,iya,iya,iya
740,rendah,iya,tidak,tidak
741,tinggi,iya,tidak,tidak
742,rendah,iya,iya,iya
743,rendah,tidak,iya,iya
744,tinggi,iya,iya,tidak
745,rendah,iya,tidak,iya
746,rendah,tidak,iya,iya
747,tinggi,tidak,iya,tidak
748,tinggi,tidak,iya,tidak
749,rendah,tidak,iya,iya
750,tinggi,iya,tidak,tidak
751,tinggi,tidak,iya,iya
752,tinggi,tidak,iya,iya
753,rendah,tidak,tidak,tidak
754,tinggi,iya,iya,iya
755,tinggi,tidak,tidak,iya
756,rendah,tidak,tidak,tidak
757,tinggi,iya,iya,iya
758,rendah,iya,iya,tidak
759,rendah,tidak,iya,tidak
760,rendah,tidak,iya,tidak
761,tinggi,iya,tidak,tidak
762,rendah,iya,tidak,tidak
763,tinggi,iya,tidak,tidak
764,rendah,tidak,iya,tidak
765,tinggi,iya,iya,tidak
766,rendah,tidak,tidak,tidak
767,rendah,tidak,tidak,iya
768,tinggi,iya,tidak,iya
769,rendah,iya,iya,tidak
770,tinggi,iya,tidak,tidak
771,tinggi,tidak,tidak,tidak
772,rendah,tidak,iya,tidak
773,rendah,iya,tidak,tidak
774,tinggi,tidak,iya,iya
775,tinggi,tidak,iya,iya
776,tinggi,iya,iya,tidak
777,tinggi,tidak,iya,iya
778,tinggi,tidak,tidak,iya
779,tinggi,iya,iya,tidak
780,rendah,tidak,iya,iya
781,tinggi,iya,iya,tidak
782,tinggi,iya,tidak,tidak
783,tinggi,iya,tidak,tidak
784,rendah,iya,tidak,tidak
785,tinggi,tidak,tidak,iya
786,rendah,tidak,iya,tidak
787,rendah,iya,iya,iya
788,rendah,iya,tidak,iya
789,tinggi,tidak,tidak,iya
790,rendah,iya,iya,tidak
791,tinggi,tidak,iya,iya
792,rendah,tidak,tidak,tidak
793,tinggi,iya,tidak,tidak
794,rendah,tidak,iya,tidak
795,tinggi,tidak,tidak,iya
796,rendah,tidak,iya,tidak
797,tinggi,tidak,iya,tidak
798,rendah,tidak,iya,iya
799,tinggi,tidak,iya,tidak
800,tinggi,tidak,tidak,tidak
801,rendah,tidak,tidak,tidak
802,tinggi,tidak,tidak,iya
803,rendah,tidak,tidak,iya
804,rendah,tidak,tidak,iya
805,tinggi,tidak,tidak,tidak
806,rendah,tidak,tidak,tidak
807,tinggi,tidak,iya,tidak
808,rendah,tidak,tidak,iya
809,rendah,tidak,iya,tidak
810,tinggi,tidak,tidak,tidak
811,tinggi,tidak,tidak,tidak
812,rendah,tidak,iya,tidak
813,tinggi,tidak,tidak,tidak
814,tinggi,tidak,iya,tidak
815,tinggi,tidak,iya,tidak
816,tinggi,iya,tidak,iya
817,tinggi,tidak,tidak,tidak
818,tinggi,tidak,tidak,iya
819,tinggi,tidak,iya,tidak
820,rendah,iya,iya,tidak
821,rendah,tidak,iya,iya
822,tinggi,iya,iya,tidak
823,tinggi,tidak,tidak,tidak
824,rendah,iya,iya,iya
825,rendah,tidak,iya,tidak
826,rendah,iya,iya,iya
827,rendah,tidak,tidak,tidak
828,tinggi,iya,iya,tidak
829,rendah,tidak,tidak,iya
830,tinggi,iya,iya,iya
831,tinggi,tidak,iya,tidak
832,rendah,tidak,iya,iya
833,rendah,iya,tidak,tidak
834,tinggi,tidak,iya,tidak
835,tinggi,tidak,iya,tidak
836,tinggi,iya,tidak,tidak
837,rendah,tidak,iya,tidak
838,rendah,iya,iya,tidak
839,tinggi,tidak,iya,tidak
840,tinggi,iya,tidak,tidak
841,rendah,iya,iya,tidak
842,tinggi,iya,iya,tidak
843,rendah,tidak,iya,tidak
844,rendah,tidak,tidak,iya
845,tinggi,iya,iya,tidak
846,tinggi,iya,iya,tidak
847,rendah,tidak,tidak,tidak
848,tinggi,tidak,tidak,tidak
849,tinggi,iya,iya,tidak
850,tinggi,iya,iya,iya
851,rendah,tidak,iya,iya
852,tinggi,tidak,iya,iya
853,rendah,tidak,tidak,tidak
854,tinggi,tidak,iya,tidak
855,tinggi,tidak,tidak,tidak
856,tinggi,tidak,iya,tidak
857,rendah,tidak,tidak,iya
858,rendah,tidak,tidak,tidak
859,rendah,tidak,iya,iya
860,rendah,tidak,iya,iya
861,rendah,tidak,tidak,iya
862,rendah,tidak,tidak,tidak
863,tinggi,tidak,iya,tidak
864,rendah,tidak,iya,tidak
865,rendah,tidak,tidak,iya
866,rendah,tidak,iya,tidak
867,tinggi,tidak,tidak,tidak
868,rendah,tidak,tidak,tidak
869,rendah,iya,tidak,tidak
870,tinggi,tidak,tidak,tidak
871,rendah,tidak,iya,tidak
872,rendah,tidak,tidak,tidak
873,rendah,iya,tidak,tidak
874,rendah,iya,tidak,tidak
875,tinggi,tidak,iya,tidak
876,rendah,iya,tidak,tidak
877,tinggi,tidak,iya,tidak
878,tinggi,tidak,tidak,tidak
879,tinggi,iya,tidak,tidak
880,tinggi,iya,iya,tidak
881,rendah,tidak,iya,tidak
882,tinggi,iya,iya,tidak
883,rendah,tidak,iya,iya
884,tinggi,iya,iya,tidak
885,rendah,iya,tidak,iya
886,rendah,iya,iya,tidak
887,rendah,tidak,tidak,tidak
888,rendah,iya,iya,iya
889,tinggi,iya,iya,iya
890,rendah,tidak,tidak,tidak
891,rendah,tidak,iya,iya
892,rendah,tidak,iya,tidak
893,rendah,tidak,tidak,tidak
894,rendah,tidak,iya,tidak
895,rendah,tidak,tidak,iya
896,tinggi,tidak,iya,tidak
897,rendah,tidak,tidak,iya
898,tinggi,iya,tidak,iya
899,tinggi,tidak,tidak,iya
900,rendah,tidak,tidak,tidak
901,tinggi,tidak,iya,tidak
902,tinggi,tidak,tidak,tidak
903,tinggi,tidak,iya,tidak
904,tinggi,tidak,iya,tidak
905,tinggi,iya,iya,tidak
906,tinggi,tidak,tidak,tidak
907,tinggi,tidak,tidak,iya
908,rendah,iya,iya,tidak
909,rendah,tidak,iya,tidak
910,rendah,tidak,iya,iya
911,tinggi,tidak,tidak,iya
912,tinggi,tidak,tidak,iya
913,rendah,tidak,iya,tidak
914,tinggi,tidak,iya,tidak
915,rendah,iya,tidak,tidak
916,rendah,tidak,tidak,tidak
917,rendah,iya,iya,tidak
918,tinggi,iya,iya,tidak
919,rendah,tidak,tidak,tidak
920,tinggi,iya,iya,iya
921,tinggi,iya,tidak,iya
922,rendah,tidak,iya,iya
923,rendah,iya,iya,iya
924,rendah,iya,tidak,tidak
925,tinggi,iya,tidak,iya
926,rendah,iya,iya,iya
927,rendah,tidak,iya,tidak
928,rendah,tidak,tidak,tidak
929,rendah,tidak,tidak,tidak
930,tinggi,iya,iya,tidak
931,tinggi,tidak,tidak,tidak
932,tinggi,tidak,iya,tidak
933,tinggi,tidak,iya,iya
934,tinggi,iya,iya,tidak
935,rendah,iya,tidak,tidak
936,tinggi,tidak,tidak,tidak
937,rendah,iya,tidak,tidak
938,tinggi,tidak,tidak,tidak
939,rendah,iya,tidak,tidak
940,tinggi,iya,tidak,tidak
941,tinggi,iya,iya,tidak
942,tinggi,iya,tidak,iya
943,tinggi,iya,tidak,iya
944,rendah,tidak,iya,iya
945,tinggi,tidak,iya,iya
946,tinggi,iya,tidak,tidak
947,rendah,iya,tidak,tidak
948,rendah,tidak,tidak,tidak
949,rendah,tidak,tidak,tidak
950,rendah,iya,tidak,tidak
951,tinggi,iya,iya,iya
952,tinggi,iya,tidak,iya
953,rendah,tidak,tidak,tidak
954,tinggi,tidak,tidak,tidak
955,tinggi,iya,iya,tidak
956,tinggi,tidak,iya,tidak
957,tinggi,tidak,tidak,tidak
958,tinggi,iya,iya,iya
959,rendah,tidak,tidak,iya
960,tinggi,tidak,tidak,tidak
961,rendah,tidak,iya,tidak
962,rendah,tidak,tidak,tidak
963,tinggi,iya,tidak,tidak
964,tinggi,tidak,iya,tidak
965,tinggi,iya,iya,tidak
966,tinggi,tidak,iya,iya
967,tinggi,tidak,tidak,tidak
968,tinggi,tidak,tidak,iya
969,rendah,tidak,tidak,iya
970,tinggi,iya,tidak,tidak
971,rendah,tidak,tidak,tidak
972,tinggi,tidak,iya,tidak
973,rendah,tidak,tidak,iya
974,tinggi,tidak,tidak,tidak
975,rendah,tidak,iya,tidak
976,tinggi,tidak,tidak,tidak
977,tinggi,iya,tidak,tidak
978,tinggi,tidak,tidak,tidak
979,rendah,tidak,iya,iya
980,tinggi,iya,iya,iya
981,tinggi,tidak,tidak,tidak
982,tinggi,tidak,tidak,tidak
983,rendah,tidak,tidak,tidak
984,rendah,tidak,tidak,tidak
985,tinggi,tidak,tidak,tidak
986,tinggi,tidak,tidak,tidak
987,tinggi,iya,tidak,tidak
988,tinggi,tidak,iya,tidak
989,rendah,iya,iya,tidak
990,rendah,tidak,tidak,tidak
991,rendah,tidak,iya,tidak
992,rendah,iya,iya,tidak
993,rendah,tidak,iya,tidak
994,tinggi,tidak,tidak,tidak
995,tinggi,tidak,tidak,iya
996,tinggi,iya,iya,tidak
997,tinggi,tidak,iya,tidak
998,rendah,iya,tidak,tidak
999,tinggi,tidak,tidak,tidak
1000,rendah,tidak,iya,iya
1001,tinggi,tidak,iya,tidak
1002,tinggi,tidak,tidak,tidak
1003,rendah,tidak,iya,tidak
1004,tinggi,tidak,tidak,tidak
1005,tinggi,tidak,tidak,tidak
1006,tinggi,tidak,tidak,tidak
1007,rendah,tidak,tidak,tidak
1008,rendah,tidak,tidak,tidak
1009,tinggi,tidak,iya,tidak
1010,tinggi,tidak,iya,tidak
1011,tinggi,iya,tidak,tidak
1012,tinggi,tidak,tidak,tidak
1013,tinggi,tidak,tidak,iya
1014,tinggi,tidak,iya,iya
1015,rendah,tidak,tidak,tidak
1016,tinggi,tidak,tidak,tidak
1017,rendah,tidak,tidak,iya
1018,tinggi,iya,iya,tidak
1019,tinggi,tidak,iya,tidak
1020,tinggi,iya,iya,tidak
1021,rendah,tidak,tidak,tidak
1022,tinggi,iya,tidak,tidak
1023,tinggi,iya,iya,tidak
1024,tinggi,iya,tidak,tidak
1025,tinggi,tidak,tidak,tidak
1026,tinggi,tidak,tidak,iya
1027,tinggi,iya,iya,tidak
1028,tinggi,tidak,tidak,tidak
1029,tinggi,tidak,iya,tidak
1030,tinggi,tidak,iya,tidak
1031,tinggi,tidak,tidak,tidak
1032,rendah,iya,iya,tidak
1033,rendah,tidak,iya,tidak
1034,tinggi,tidak,iya,tidak
1035,tinggi,iya,iya,iya
1036,tinggi,tidak,tidak,iya
1037,tinggi,tidak,iya,iya
1038,rendah,tidak,iya,iya
1039,tinggi,tidak,tidak,tidak
1040,rendah,tidak,iya,tidak
1041,rendah,tidak,iya,tidak
1042,rendah,iya,tidak,iya
1043,rendah,tidak,tidak,tidak
1044,tinggi,iya,tidak,tidak
1045,rendah,iya,tidak,tidak
1046,tinggi,iya,iya,tidak
1047,rendah,tidak,tidak,tidak
1048,tinggi,tidak,iya,iya
1049,tinggi,iya,tidak,iya
1050,rendah,iya,tidak,tidak
1051,rendah,tidak,iya,tidak
1052,rendah,iya,iya,iya
1053,tinggi,tidak,tidak,tidak
1054,rendah,tidak,iya,tidak
1055,rendah,tidak,iya,iya
1056,rendah,tidak,tidak,tidak
1057,rendah,tidak,tidak,tidak
1058,tinggi,iya,iya,tidak
1059,rendah,tidak,iya,tidak
1060,tinggi,tidak,iya,tidak
1061,rendah,tidak,iya,tidak
1062,rendah,iya,tidak,tidak
1063,rendah,tidak,tidak,iya
1064,rendah,tidak,tidak,iya
1065,tinggi,tidak,tidak,tidak
1066,rendah,tidak,iya,iya
1067,rendah,tidak,tidak,tidak
1068,tinggi,tidak,tidak,tidak
1069,rendah,tidak,tidak,tidak
1070,tinggi,tidak,iya,iya
1071,rendah,iya,tidak,tidak
1072,tinggi,tidak,tidak,tidak
1073,tinggi,tidak,iya,tidak
1074,tinggi,iya,tidak,tidak
1075,tinggi,tidak,iya,tidak
1076,rendah,iya,iya,tidak
1077,rendah,tidak,tidak,tidak
1078,tinggi,iya,tidak,tidak
1079,rendah,tidak,tidak,tidak
1080,tinggi,iya,tidak,iya
1081,tinggi,tidak,tidak,tidak
1082,tinggi,tidak,iya,tidak
1083,rendah,tidak,tidak,tidak
1084,tinggi,tidak,tidak,tidak
1085,rendah,iya,tidak,tidak
1086,rendah,tidak,tidak,tidak
1087,tinggi,tidak,tidak,iya
1088,rendah,tidak,iya,iya
1089,tinggi,tidak,tidak,iya
1090,rendah,tidak,tidak,tidak
1091,rendah,tidak,tidak,tidak
1092,tinggi,iya,iya,tidak
1093,tinggi,tidak,iya,iya
1094,tinggi,iya,tidak,tidak
1095,tinggi,tidak,iya,tidak
1096,rendah,tidak,iya,tidak
1097,tinggi,tidak,tidak,iya
1098,rendah,tidak,iya,tidak
1099,rendah,tidak,tidak,tidak
1100,tinggi,iya,tidak,iya
1101,rendah,iya,iya,tidak
1102,tinggi,iya,iya,tidak
1103,rendah,tidak,tidak,tidak
1104,rendah,tidak,iya,tidak
1105,tinggi,iya,tidak,tidak
1106,tinggi,tidak,tidak,iya
1107,rendah,iya,iya,tidak
1108,tinggi,tidak,tidak,iya
1109,tinggi,iya,iya,iya
1110,rendah,tidak,iya,tidak
1111,tinggi,tidak,tidak,tidak
1112,tinggi,tidak,iya,iya
1113,tinggi,iya,tidak,tidak
1114,tinggi,tidak,iya,iya
1115,rendah,iya,tidak,iya
1116,tinggi,iya,tidak,tidak
1117,rendah,iya,iya,tidak
1118,tinggi,iya,tidak,iya
1119,tinggi,tidak,tidak,tidak
1120,rendah,tidak,tidak,tidak
1121,rendah,tidak,iya,tidak
1122,tinggi,iya,tidak,tidak
1123,tinggi,tidak,tidak,tidak
1124,tinggi,tidak,iya,tidak
1125,tinggi,iya,tidak,tidak
1126,tinggi,tidak,iya,iya
1127,tinggi,tidak,iya,tidak
1128,tinggi,tidak,iya,tidak
1129,rendah,iya,tidak,tidak
1130,tinggi,iya,iya,tidak
1131,tinggi,tidak,tidak,tidak
1132,rendah,tidak,iya,tidak
1133,tinggi,iya,tidak,tidak
1134,tinggi,tidak,tidak,tidak
1135,tinggi,iya,iya,tidak
1136,tinggi,tidak,iya,iya
1137,tinggi,iya,tidak,tidak
1138,rendah,iya,tidak,tidak
1139,tinggi,tidak,tidak,tidak
1140,rendah,tidak,iya,iya
1141,tinggi,iya,tidak,tidak
1142,tinggi,tidak,tidak,iya
1143,tinggi,iya,tidak,iya
1144,rendah,iya,tidak,tidak
1145,tinggi,tidak,tidak,iya
1146,rendah,tidak,iya,tidak
1147,rendah,tidak,iya,iya
1148,tinggi,tidak,tidak,tidak
1149,tinggi,tidak,iya,tidak
1150,tinggi,tidak,iya,tidak
1151,tinggi,tidak,iya,tidak
1152,rendah,tidak,iya,tidak
1153,tinggi,iya,iya,tidak
1154,tinggi,tidak,iya,iya
1155,rendah,iya,tidak,tidak
1156,rendah,iya,tidak,tidak
1157,rendah,iya,tidak,tidak
1158,tinggi,tidak,tidak,tidak
1159,tinggi,tidak,tidak,tidak
1160,tinggi,tidak,tidak,tidak
1161,rendah,tidak,iya,tidak
1162,rendah,iya,tidak,tidak
1163,tinggi,tidak,tidak,tidak
1164,tinggi,tidak,tidak,iya
1165,rendah,tidak,tidak,tidak
1166,rendah,tidak,iya,tidak
1167,rendah,iya,tidak,iya
1168,rendah,tidak,iya,iya
1169,tinggi,iya,tidak,iya
1170,tinggi,tidak,iya,iya
1171,tinggi,iya,tidak,tidak
1172,tinggi,iya,iya,iya
1173,tinggi,tidak,tidak,tidak
1174,tinggi,iya,iya,tidak
1175,tinggi,tidak,iya,tidak
1176,tinggi,iya,tidak,tidak
1177,tinggi,tidak,iya,tidak
1178,tinggi,iya,tidak,tidak
1179,tinggi,tidak,iya,tidak
1180,tinggi,tidak,tidak,tidak
1181,rendah,tidak,tidak,tidak
1182,tinggi,tidak,iya,tidak
1183,tinggi,iya,tidak,tidak
1184,tinggi,tidak,iya,tidak
1185,tinggi,iya,iya,iya
1186,tinggi,iya,iya,iya
1187,tinggi,tidak,iya,tidak
1188,rendah,tidak,tidak,iya
1189,rendah,tidak,iya,tidak
1190,tinggi,iya,tidak,iya
1191,rendah,iya,tidak,tidak
1192,tinggi,tidak,iya,iya
1193,rendah,tidak,tidak,tidak
1194,tinggi,tidak,tidak,tidak
1195,tinggi,iya,tidak,tidak
1196,tinggi,iya,tidak,tidak
1197,tinggi,tidak,iya,tidak
1198,tinggi,iya,tidak,tidak
1199,rendah,iya,iya,iya
1200,tinggi,tidak,tidak,iya
1201,tinggi,tidak,tidak,tidak
1202,rendah,iya,tidak,tidak
1203,tinggi,iya,iya,tidak
1204,tinggi,tidak,iya,tidak
1205,rendah,tidak,tidak,iya
1206,tinggi,tidak,tidak,tidak
1207,rendah,tidak,iya,iya
1208,tinggi,iya,tidak,tidak
1209,rendah,tidak,tidak,iya
1210,tinggi,iya,iya,tidak
1211,tinggi,tidak,tidak,tidak
1212,tinggi,tidak,tidak,tidak
1213,rendah,tidak,iya,tidak
1214,tinggi,tidak,iya,tidak
1215,tinggi,iya,tidak,iya
1216,rendah,tidak,tidak,tidak
1217,rendah,iya,iya,tidak
1218,tinggi,tidak,iya,iya
1219,tinggi,iya,iya,tidak
1220,rendah,tidak,iya,tidak
1221,tinggi,tidak,iya,tidak
1222,tinggi,iya,iya,tidak
1223,rendah,iya,iya,tidak
1224,tinggi,tidak,iya,tidak
1225,rendah,iya,tidak,tidak
1226,rendah,tidak,tidak,tidak
1227,rendah,tidak,tidak,tidak
1228,tinggi,iya,iya,tidak
1229,tinggi,iya,tidak,tidak
1230,tinggi,tidak,iya,tidak
1231,rendah,tidak,tidak,tidak
1232,rendah,tidak,iya,tidak
1233,tinggi,tidak,tidak,tidak
1234,tinggi,tidak,iya,tidak
1235,rendah,tidak,tidak,iya
1236,tinggi,iya,iya,iya
1237,tinggi,iya,iya,iya
1238,rendah,tidak,iya,iya
1239,tinggi,iya,tidak,tidak
1240,rendah,tidak,iya,tidak
1241,tinggi,iya,tidak,tidak
1242,tinggi,iya,tidak,tidak
1243,rendah,iya,iya,tidak
1244,tinggi,tidak,tidak,tidak
1245,tinggi,iya,tidak,tidak
1246,tinggi,iya,tidak,iya
1247,rendah,tidak,iya,iya
1248,rendah,tidak,tidak,tidak
1249,rendah,tidak,iya,tidak
1250,tinggi,tidak,tidak,tidak
1251,tinggi,tidak,tidak,tidak
1252,rendah,iya,tidak,tidak
1253,rendah,iya,tidak,tidak
1254,rendah,tidak,tidak,tidak
1255,tinggi,tidak,tidak,iya
1256,tinggi,iya,tidak,tidak
1257,tinggi,tidak,tidak,tidak
1258,rendah,iya,tidak,tidak
1259,tinggi,tidak,iya,tidak
1260,rendah,tidak,iya,iya
1261,tinggi,iya,tidak,tidak
1262,tinggi,tidak,tidak,iya
1263,rendah,tidak,tidak,tidak
1264,rendah,tidak,tidak,tidak
1265,rendah,iya,iya,iya
1266,tinggi,tidak,tidak,iya
1267,rendah,tidak,tidak,tidak
1268,tinggi,iya,iya,tidak
1269,tinggi,tidak,iya,iya
1270,rendah,tidak,iya,tidak
1271,tinggi,tidak,tidak,iya
1272,tinggi,tidak,iya,tidak
1273,rendah,tidak,iya,tidak
1274,tinggi,tidak,tidak,iya
1275,tinggi,tidak,tidak,iya
1276,tinggi,iya,iya,iya
1277,rendah,tidak,tidak,iya
1278,rendah,iya,tidak,tidak
1279,tinggi,iya,tidak,tidak
1280,tinggi,tidak,iya,tidak
1281,tinggi,tidak,tidak,tidak
1282,tinggi,iya,tidak,tidak
1283,rendah,iya,iya,iya
1284,rendah,iya,iya,tidak
1285,tinggi,tidak,iya,iya
1286,rendah,tidak,tidak,tidak
1287,tinggi,iya,iya,tidak
1288,rendah,iya,tidak,tidak
1289,tinggi,iya,tidak,tidak
1290,rendah,iya,tidak,tidak
1291,tinggi,tidak,tidak,tidak
1292,tinggi,tidak,tidak,tidak
1293,rendah,tidak,tidak,tidak
1294,rendah,tidak,tidak,iya
1295,tinggi,tidak,tidak,tidak
1296,tinggi,tidak,tidak,iya
1297,tinggi,tidak,iya,tidak
1298,tinggi,tidak,tidak,iya
1299,rendah,iya,iya,iya
1300,tinggi,tidak,iya,tidak
1301,tinggi,tidak,tidak,tidak
1302,tinggi,tidak,iya,tidak
1303,rendah,tidak,iya,iya
1304,tinggi,iya,tidak,tidak
1305,rendah,tidak,tidak,tidak
1306,tinggi,tidak,tidak,tidak
1307,tinggi,iya,tidak,tidak
1308,tinggi,tidak,iya,tidak
1309,rendah,iya,tidak,iya
1310,tinggi,tidak,iya,tidak
1311,rendah,tidak,iya,tidak
1312,rendah,tidak,iya,tidak
1313,rendah,iya,iya,iya
1314,tinggi,tidak,tidak,tidak
1315,tinggi,iya,tidak,iya
1316,tinggi,iya,iya,iya
1317,tinggi,tidak,iya,iya
1318,tinggi,iya,tidak,tidak
1319,tinggi,tidak,iya,tidak
1320,tinggi,iya,tidak,tidak
1321,tinggi,iya,tidak,tidak
1322,rendah,tidak,iya,tidak
1323,rendah,iya,tidak,tidak
1324,rendah,tidak,iya,tidak
1325,rendah,iya,tidak,tidak
1326,tinggi,iya,iya,tidak
1327,tinggi,tidak,tidak,iya
1328,rendah,tidak,iya,iya
1329,rendah,iya,tidak,tidak
1330,tinggi,iya,iya,tidak
1331,tinggi,tidak,iya,iya
1332,rendah,tidak,tidak,iya
1333,rendah,tidak,iya,tidak
1334,rendah,tidak,tidak,tidak
1335,tinggi,tidak,iya,iya
1336,tinggi,tidak,iya,tidak
1337,rendah,tidak,tidak,tidak
1338,rendah,iya,iya,tidak
1339,rendah,tidak,tidak,tidak
1340,tinggi,tidak,tidak,iya
1341,tinggi,tidak,tidak,tidak
1342,tinggi,tidak,tidak,tidak
1343,tinggi,iya,iya,iya
1344,tinggi,tidak,tidak,tidak
1345,rendah,iya,tidak,tidak
1346,rendah,iya,iya,iya
1347,rendah,tidak,iya,tidak
1348,rendah,tidak,iya,iya
1349,tinggi,iya,tidak,iya
1350,tinggi,iya,tidak,tidak
1351,rendah,iya,iya,tidak
1352,tinggi,iya,iya,iya
1353,rendah,tidak,tidak,tidak
1354,tinggi,tidak,tidak,tidak
1355,rendah,iya,tidak,tidak
1356,rendah,tidak,tidak,tidak
1357,tinggi,iya,tidak,tidak
1358,tinggi,tidak,iya,tidak
1359,rendah,iya,iya,tidak
1360,rendah,iya,iya,iya
1361,rendah,tidak,iya,tidak
1362,tinggi,tidak,iya,tidak
1363,rendah,tidak,tidak,tidak
1364,tinggi,tidak,iya,tidak
1365,tinggi,tidak,tidak,tidak
1366,rendah,tidak,tidak,tidak
1367,rendah,tidak,iya,iya
1368,tinggi,tidak,tidak,tidak
1369,tinggi,tidak,tidak,tidak
1370,tinggi,iya,tidak,tidak
1371,rendah,iya,tidak,iya
1372,tinggi,iya,tidak,tidak
1373,rendah,tidak,iya,tidak
1374,rendah,tidak,iya,iya
1375,tinggi,tidak,iya,iya
1376,tinggi,tidak,iya,tidak
1377,tinggi,iya,iya,iya
1378,tinggi,tidak,tidak,iya
1379,tinggi,tidak,iya,tidak
1380,tinggi,iya,tidak,tidak
1381,rendah,iya,tidak,tidak
1382,rendah,tidak,iya,tidak
1383,rendah,tidak,iya,tidak
1384,tinggi,tidak,tidak,tidak
1385,rendah,tidak,tidak,tidak
1386,rendah,tidak,iya,tidak
1387,tinggi,iya,iya,tidak
1388,rendah,tidak,iya,tidak
1389,tinggi,tidak,tidak,tidak
1390,rendah,iya,iya,tidak
1391,tinggi,tidak,tidak,tidak
1392,tinggi,tidak,iya,tidak
1393,tinggi,iya,tidak,tidak
1394,rendah,tidak,tidak,tidak
1395,tinggi,tidak,iya,iya
1396,rendah,tidak,tidak,tidak
1397,rendah,tidak,tidak,iya
1398,tinggi,iya,tidak,iya
1399,tinggi,tidak,tidak,tidak
1400,rendah,tidak,tidak,tidak
1401,rendah,iya,iya,iya
1402,rendah,iya,tidak,tidak
1403,rendah,iya,tidak,tidak
1404,rendah,tidak,tidak,tidak
1405,tinggi,iya,iya,tidak
1406,rendah,iya,tidak,iya
1407,rendah,iya,iya,tidak
1408,rendah,iya,tidak,tidak
1409,tinggi,tidak,iya,iya
1410,tinggi,iya,iya,iya
1411,rendah,tidak,tidak,iya
1412,tinggi,tidak,tidak,iya
1413,tinggi,iya,tidak,tidak
1414,rendah,tidak,iya,iya
1415,tinggi,tidak,tidak,iya
1416,rendah,tidak,tidak,tidak
1417,tinggi,tidak,tidak,tidak
1418,rendah,tidak,iya,tidak
1419,rendah,tidak,iya,tidak
1420,tinggi,tidak,tidak,tidak
1421,tinggi,tidak,tidak,iya
1422,rendah,iya,iya,iya
1423,tinggi,iya,tidak,tidak
1424,rendah,iya,tidak,iya
1425,tinggi,iya,tidak,tidak
1426,tinggi,tidak,tidak,tidak
1427,tinggi,iya,tidak,iya
1428,rendah,tidak,tidak,iya
1429,rendah,tidak,tidak,iya
1430,rendah,tidak,tidak,tidak
1431,rendah,tidak,iya,tidak
1432,rendah,iya,tidak,tidak
1433,rendah,iya,tidak,iya
1434,rendah,tidak,tidak,tidak
1435,rendah,tidak,tidak,tidak
1436,tinggi,tidak,tidak,iya
1437,tinggi,iya,iya,iya
1438,rendah,tidak,tidak,tidak
1439,tinggi,iya,iya,tidak
1440,tinggi,tidak,tidak,tidak
1441,rendah,tidak,iya,tidak
1442,rendah,tidak,tidak,iya
1443,tinggi,tidak,tidak,tidak
1444,tinggi,tidak,iya,iya
1445,rendah,tidak,iya,tidak
1446,rendah,iya,tidak,tidak
1447,tinggi,tidak,tidak,tidak
1448,rendah,iya,tidak,tidak
1449,rendah,tidak,iya,iya
1450,rendah,tidak,iya,tidak
1451,rendah,tidak,iya,tidak
1452,tinggi,tidak,iya,tidak
1453,rendah,tidak,tidak,iya
1454,tinggi,tidak,iya,tidak
1455,tinggi,tidak,tidak,tidak
1456,tinggi,tidak,iya,tidak
1457,rendah,tidak,tidak,tidak
1458,rendah,tidak,tidak,tidak
1459,tinggi,iya,iya,tidak
1460,rendah,tidak,iya,tidak
1461,tinggi,tidak,iya,iya
1462,tinggi,tidak,tidak,iya
1463,tinggi,tidak,tidak,tidak
1464,tinggi,iya,iya,tidak
1465,tinggi,tidak,iya,tidak
1466,tinggi,tidak,tidak,tidak
1467,rendah,tidak,tidak,tidak
1468,tinggi,tidak,tidak,iya
1469,rendah,tidak,iya,tidak
1470,tinggi,iya,iya,iya
1471,tinggi,tidak,tidak,iya
1472,rendah,iya,tidak,tidak
1473,tinggi,tidak,tidak,tidak
1474,tinggi,tidak,tidak,tidak
1475,tinggi,iya,iya,iya
1476,tinggi,iya,tidak,tidak
1477,tinggi,tidak,iya,tidak
1478,tinggi,iya,iya,tidak
1479,tinggi,iya,iya,tidak
1480,rendah,tidak,tidak,tidak
1481,rendah,tidak,iya,tidak
1482,tinggi,iya,tidak,tidak
1483,rendah,tidak,tidak,iya
1484,tinggi,tidak,iya,tidak
1485,tinggi,iya,iya,tidak
1486,tinggi,iya,iya,iya
1487,rendah,tidak,tidak,tidak
1488,tinggi,tidak,iya,tidak
1489,tinggi,iya,tidak,tidak
1490,rendah,tidak,tidak,tidak
1491,tinggi,tidak,tidak,tidak
1492,tinggi,tidak,tidak,tidak
1493,rendah,tidak,iya,iya
1494,rendah,iya,iya,tidak
1495,tinggi,iya,tidak,tidak
1496,rendah,iya,tidak,iya
1497,rendah,iya,tidak,tidak
1498,tinggi,iya,tidak,tidak
1499,rendah,tidak,tidak,tidak
1500,tinggi,tidak,iya,tidak
1501,rendah,iya,tidak,tidak
1502,rendah,iya,tidak,tidak
1503,tinggi,tidak,tidak,tidak
1504,rendah,iya,iya,tidak
1505,rendah,tidak,tidak,tidak
1506,tinggi,tidak,iya,tidak
1507,tinggi,tidak,tidak,tidak
1508,rendah,tidak,tidak,iya
1509,rendah,iya,tidak,tidak
1510,tinggi,iya,iya,tidak
1511,tinggi,tidak,tidak,tidak
1512,rendah,tidak,iya,iya
1513,tinggi,iya,tidak,tidak
1514,rendah,iya,iya,iya
1515,rendah,tidak,iya,tidak
1516,rendah,tidak,iya,tidak
1517,rendah,iya,tidak,tidak
1518,rendah,iya,tidak,tidak
1519,tinggi,tidak,tidak,iya
1520,rendah,iya,tidak,tidak
1521,tinggi,tidak,tidak,tidak
1522,tinggi,iya,tidak,tidak
1523,tinggi,iya,tidak,iya
1524,rendah,tidak,tidak,tidak
1525,tinggi,tidak,iya,tidak
1526,rendah,iya,tidak,tidak
1527,tinggi,tidak,iya,tidak
1528,tinggi,tidak,iya,tidak
1529,tinggi,iya,tidak,iya
1530,tinggi,tidak,tidak,iya
1531,rendah,tidak,tidak,tidak
1532,tinggi,tidak,tidak,tidak
1533,tinggi,tidak,iya,tidak
1534,rendah,tidak,tidak,tidak
1535,rendah,iya,tidak,iya
1536,rendah,tidak,iya,iya
1537,tinggi,iya,iya,tidak
1538,rendah,iya,iya,iya
1539,tinggi,tidak,iya,iya
1540,rendah,iya,iya,tidak
1541,tinggi,iya,tidak,iya
1542,rendah,tidak,iya,tidak
1543,rendah,iya,tidak,tidak
1544,rendah,tidak,iya,iya
1545,tinggi,tidak,iya,tidak
1546,tinggi,tidak,iya,tidak
1547,rendah,iya,iya,iya
1548,tinggi,iya,iya,tidak
1549,rendah,tidak,iya,tidak
1550,rendah,tidak,tidak,iya
1551,tinggi,iya,iya,tidak
1552,rendah,tidak,tidak,tidak
1553,rendah,tidak,tidak,tidak
1554,tinggi,tidak,tidak,iya
1555,tinggi,tidak,tidak,tidak
1556,rendah,iya,iya,tidak
1557,rendah,tidak,tidak,iya
1558,tinggi,iya,tidak,tidak
1559,tinggi,tidak,iya,tidak
1560,rendah,iya,iya,tidak
1561,rendah,iya,tidak,tidak
1562,tinggi,iya,tidak,iya
1563,rendah,tidak,tidak,tidak
1564,tinggi,iya,iya,tidak
1565,tinggi,tidak,iya,tidak
1566,tinggi,tidak,iya,iya
1567,rendah,iya,tidak,tidak
1568,rendah,tidak,tidak,tidak
1569,tinggi,iya,iya,tidak
1570,rendah,tidak,iya,tidak
1571,rendah,tidak,tidak,tidak
1572,tinggi,iya,iya,tidak
1573,rendah,tidak,iya,iya
1574,tinggi,iya,tidak,iya
1575,tinggi,iya,iya,tidak
1576,tinggi,tidak,iya,tidak
1577,tinggi,iya,iya,iya
1578,rendah,iya,tidak,tidak
1579,tinggi,tidak,iya,tidak
1580,tinggi,tidak,tidak,iya
1581,rendah,iya,tidak,tidak
1582,tinggi,tidak,tidak,tidak
1583,tinggi,tidak,tidak,tidak
1584,tinggi,iya,iya,tidak
1585,tinggi,iya,tidak,tidak
1586,tinggi,iya,iya,tidak
1587,rendah,tidak,iya,iya
1588,rendah,iya,tidak,iya
1589,tinggi,iya,tidak,tidak
1590,rendah,tidak,iya,tidak
1591,tinggi,tidak,iya,iya
1592,tinggi,iya,tidak,tidak
1593,tinggi,tidak,tidak,iya
1594,rendah,tidak,iya,tidak
1595,tinggi,tidak,iya,tidak
1596,rendah,tidak,iya,iya
1597,rendah,iya,tidak,tidak
1598,tinggi,tidak,tidak,tidak
1599,tinggi,tidak,iya,tidak
1600,rendah,iya,iya,tidak
1601,tinggi,tidak,tidak,tidak
1602,rendah,tidak,iya,tidak
1603,tinggi,iya,tidak,tidak
1604,tinggi,tidak,tidak,tidak
1605,tinggi,tidak,tidak,tidak
1606,rendah,iya,tidak,tidak
1607,rendah,tidak,iya,tidak
1608,rendah,tidak,tidak,tidak
1609,rendah,tidak,iya,tidak
1610,rendah,tidak,tidak,tidak
1611,tinggi,tidak,tidak,tidak
1612,tinggi,iya,tidak,iya
1613,rendah,iya,tidak,iya
1614,tinggi,tidak,tidak,tidak
1615,tinggi,tidak,iya,iya
1616,tinggi,iya,iya,tidak
1617,rendah,tidak,tidak,tidak
1618,rendah,tidak,tidak,tidak
1619,tinggi,tidak,iya,iya
1620,rendah,iya,iya,tidak
1621,rendah,tidak,tidak,tidak
1622,tinggi,tidak,iya,tidak
1623,tinggi,iya,tidak,tidak
1624,rendah,iya,tidak,iya
1625,tinggi,iya,tidak,tidak
1626,tinggi,tidak,iya,tidak
1627,tinggi,iya,iya,iya
1628,rendah,iya,iya,tidak
1629,tinggi,tidak,iya,iya
1630,tinggi,iya,iya,iya
1631,rendah,iya,tidak,iya
1632,tinggi,iya,tidak,tidak
1633,rendah,tidak,tidak,tidak
1634,tinggi,iya,iya,tidak
1635,tinggi,tidak,tidak,tidak
1636,tinggi,tidak,iya,tidak
1637,tinggi,tidak,tidak,tidak
1638,tinggi,tidak,tidak,tidak
1639,tinggi,tidak,tidak,tidak
1640,rendah,tidak,iya,tidak
1641,tinggi,iya,tidak,tidak
1642,rendah,tidak,iya,tidak
1643,tinggi,iya,tidak,tidak
1644,tinggi,tidak,iya,iya
1645,rendah,tidak,tidak,iya
1646,tinggi,tidak,tidak,tidak
1647,rendah,tidak,tidak,tidak
1648,rendah,iya,iya,iya
1649,tinggi,tidak,tidak,iya
1650,rendah,tidak,iya,tidak
1651,tinggi,tidak,iya,tidak
1652,rendah,tidak,tidak,tidak
1653,rendah,tidak,iya,tidak
1654,tinggi,tidak,iya,iya
1655,rendah,iya,tidak,tidak
1656,tinggi,iya,iya,iya
1657,tinggi,tidak,tidak,tidak
1658,tinggi,iya,iya,iya
1659,tinggi,tidak,tidak,tidak
1660,rendah,tidak,iya,tidak
1661,tinggi,tidak,tidak,tidak
1662,tinggi,tidak,tidak,tidak
1663,tinggi,tidak,tidak,tidak
1664,rendah,tidak,iya,iya
1665,tinggi,tidak,tidak,iya
1666,rendah,tidak,iya,tidak
1667,rendah,iya,tidak,tidak
1668,tinggi,iya,iya,iya
1669,tinggi,iya,iya,iya
1670,rendah,tidak,tidak,iya
1671,rendah,iya,iya,tidak
1672,rendah,iya,iya,iya
1673,rendah,tidak,tidak,tidak
1674,rendah,iya,tidak,tidak
1675,tinggi,iya,tidak,iya
1676,tinggi,iya,tidak,tidak
1677,rendah,tidak,iya,iya
1678,rendah,iya,iya,iya
1679,tinggi,tidak,tidak,tidak
1680,tinggi,tidak,iya,tidak
1681,tinggi,iya,iya,tidak
1682,rendah,tidak,iya,tidak
1683,tinggi,tidak,iya,iya
1684,tinggi,tidak,iya,tidak
1685,tinggi,iya,tidak,iya
1686,tinggi,iya,iya,tidak
1687,rendah,tidak,iya,iya
1688,tinggi,tidak,tidak,tidak
1689,tinggi,iya,iya,tidak
1690,rendah,tidak,tidak,tidak
1691,tinggi,tidak,iya,iya
1692,tinggi,iya,iya,iya
1693,tinggi,tidak,iya,tidak
1694,tinggi,tidak,iya,tidak
1695,rendah,tidak,tidak,iya
1696,rendah,tidak,iya,tidak
1697,rendah,tidak,iya,iya
1698,rendah,tidak,tidak,tidak
1699,rendah,tidak,tidak,tidak
1700,rendah,tidak,tidak,tidak
1701,rendah,tidak,tidak,iya
1702,rendah,tidak,iya,iya
1703,rendah,iya,iya,tidak
1704,rendah,iya,iya,tidak
1705,rendah,iya,tidak,iya
1706,tinggi,iya,iya,iya
1707,tinggi,tidak,tidak,tidak
1708,rendah,tidak,iya,iya
1709,tinggi,tidak,iya,tidak
1710,tinggi,iya,iya,tidak
1711,tinggi,tidak,iya,tidak
1712,tinggi,iya,iya,iya
1713,tinggi,iya,tidak,tidak
1714,rendah,tidak,iya,tidak
1715,rendah,iya,tidak,tidak
1716,tinggi,tidak,tidak,tidak
1717,tinggi,tidak,iya,tidak
1718,rendah,iya,tidak,tidak
1719,tinggi,iya,tidak,iya
1720,tinggi,iya,tidak,iya
1721,rendah,iya,tidak,tidak
1722,tinggi,iya,iya,iya
1723,tinggi,tidak,iya,iya
1724,rendah,iya,iya,iya
1725,rendah,tidak,iya,tidak
1726,tinggi,tidak,iya,tidak
1727,rendah,iya,iya,tidak
1728,tinggi,tidak,iya,tidak
1729,rendah,iya,tidak,iya
1730,tinggi,tidak,iya,tidak
1731,rendah,tidak,iya,tidak
1732,rendah,tidak,iya,tidak
1733,tinggi,tidak,iya,tidak
1734,rendah,iya,iya,tidak
1735,rendah,tidak,tidak,tidak
1736,rendah,iya,tidak,iya
1737,tinggi,tidak,iya,tidak
1738,rendah,iya,tidak,tidak
1739,rendah,iya,tidak,tidak
1740,tinggi,tidak,tidak,iya
1741,rendah,tidak,iya,tidak
1742,tinggi,tidak,iya,tidak
1743,tinggi,iya,tidak,tidak
1744,tinggi,iya,tidak,tidak
1745,rendah,tidak,tidak,iya
1746,tinggi,iya,tidak,tidak
1747,tinggi,tidak,iya,tidak
1748,rendah,tidak,tidak,tidak
1749,tinggi,tidak,iya,iya
1750,rendah,tidak,iya,tidak
1751,rendah,iya,tidak,tidak
1752,tinggi,tidak,iya,tidak
1753,tinggi,tidak,iya,iya
1754,tinggi,iya,tidak,tidak
1755,rendah,tidak,tidak,tidak
1756,tinggi,tidak,tidak,tidak
1757,rendah,iya,tidak,iya
1758,tinggi,iya,tidak,tidak
1759,rendah,iya,tidak,tidak
1760,tinggi,tidak,iya,iya
1761,tinggi,iya,tidak,tidak
1762,rendah,iya,iya,tidak
1763,rendah,tidak,iya,iya
1764,tinggi,iya,iya,tidak
1765,tinggi,tidak,tidak,tidak
1766,rendah,tidak,tidak,tidak
1767,tinggi,tidak,tidak,iya
1768,tinggi,iya,iya,tidak
1769,tinggi,tidak,tidak,tidak
1770,tinggi,tidak,iya,iya
1771,tinggi,tidak,tidak,tidak
1772,rendah,iya,tidak,tidak
1773,rendah,tidak,tidak,tidak
1774,tinggi,tidak,iya,tidak
1775,rendah,tidak,iya,tidak
1776,rendah,iya,iya,tidak
1777,tinggi,tidak,iya,tidak
1778,rendah,tidak,iya,iya
1779,tinggi,tidak,tidak,tidak
1780,rendah,tidak,tidak,tidak
1781,rendah,iya,tidak,tidak
1782,tinggi,iya,tidak,iya
1783,tinggi,tidak,tidak,tidak
1784,tinggi,tidak,iya,tidak
1785,tinggi,tidak,tidak,tidak
1786,rendah,iya,iya,iya
1787,tinggi,iya,tidak,iya
1788,rendah,iya,iya,iya
1789,rendah,tidak,tidak,tidak
1790,tinggi,tidak,tidak,tidak
1791,tinggi,tidak,tidak,tidak
1792,rendah,iya,tidak,tidak
1793,rendah,tidak,iya,iya
1794,tinggi,tidak,tidak,tidak
1795,tinggi,iya,tidak,tidak
1796,tinggi,tidak,iya,iya
1797,tinggi,tidak,iya,tidak
1798,tinggi,iya,tidak,iya
1799,tinggi,tidak,iya,iya
1800,tinggi,tidak,iya,tidak
1801,tinggi,tidak,iya,tidak
1802,rendah,tidak,tidak,iya
1803,tinggi,tidak,iya,iya
1804,rendah,iya,iya,tidak
1805,rendah,tidak,iya,tidak
1806,tinggi,iya,iya,tidak
1807,tinggi,iya,iya,tidak
1808,rendah,tidak,tidak,tidak
1809,tinggi,tidak,iya,tidak
1810,tinggi,iya,tidak,tidak
1811,tinggi,iya,iya,tidak
1812,tinggi,iya,iya,tidak
1813,tinggi,tidak,iya,tidak
1814,tinggi,tidak,tidak,tidak
1815,tinggi,iya,tidak,iya
1816,tinggi,tidak,tidak,tidak
1817,rendah,iya,tidak,tidak
1818,tinggi,tidak,iya,tidak
1819,rendah,iya,tidak,tidak
1820,tinggi,iya,tidak,tidak
1821,rendah,tidak,tidak,tidak
1822,tinggi,tidak,tidak,tidak
1823,tinggi,iya,iya,iya
1824,tinggi,tidak,tidak,tidak
1825,tinggi,tidak,tidak,tidak
1826,tinggi,iya,tidak,tidak
1827,rendah,iya,tidak,tidak
1828,rendah,tidak,tidak,tidak
1829,tinggi,iya,iya,iya
1830,tinggi,iya,iya,tidak
1831,rendah,tidak,iya,tidak
1832,tinggi,tidak,tidak,iya
1833,rendah,iya,tidak,tidak
1834,tinggi,tidak,tidak,iya
1835,tinggi,tidak,tidak,tidak
1836,tinggi,tidak,iya,tidak
1837,rendah,iya,tidak,tidak
1838,tinggi,tidak,tidak,tidak
1839,tinggi,tidak,tidak,tidak
1840,tinggi,tidak,tidak,tidak
1841,tinggi,tidak,tidak,tidak
1842,rendah,tidak,iya,iya
1843,rendah,iya,iya,iya
1844,rendah,iya,iya,tidak
1845,rendah,tidak,tidak,iya
1846,rendah,tidak,iya,tidak
1847,tinggi,tidak,tidak,tidak
1848,rendah,tidak,tidak,iya
1849,tinggi,iya,iya,iya
1850,tinggi,iya,tidak,tidak
1851,rendah,iya,tidak,tidak
1852,tinggi,tidak,iya,iya
1853,rendah,tidak,tidak,iya
1854,rendah,iya,iya,tidak
1855,tinggi,iya,tidak,iya
1856,rendah,tidak,iya,tidak
1857,tinggi,iya,tidak,tidak
1858,rendah,iya,tidak,iya
1859,tinggi,iya,iya,tidak
1860,rendah,tidak,iya,tidak
1861,rendah,iya,iya,tidak
1862,tinggi,iya,iya,tidak
1863,rendah,iya,tidak,iya
1864,rendah,iya,iya,tidak
1865,rendah,iya,tidak,iya
1866,tinggi,tidak,tidak,tidak
1867,tinggi,iya,tidak,iya
1868,rendah,tidak,tidak,tidak
1869,tinggi,iya,tidak,tidak
1870,rendah,tidak,iya,tidak
1871,rendah,tidak,iya,tidak
1872,tinggi,tidak,tidak,tidak
1873,rendah,iya,iya,tidak
1874,tinggi,tidak,iya,tidak
1875,tinggi,tidak,iya,tidak
1876,rendah,tidak,tidak,tidak
1877,rendah,tidak,tidak,tidak
1878,rendah,iya,iya,iya
1879,tinggi,iya,iya,tidak
1880,tinggi,iya,tidak,tidak
1881,rendah,tidak,iya,tidak
1882,tinggi,tidak,iya,iya
1883,tinggi,iya,tidak,tidak
1884,tinggi,tidak,tidak,tidak
1885,tinggi,iya,iya,tidak
1886,tinggi,iya,iya,tidak
1887,tinggi,tidak,iya,tidak
1888,tinggi,iya,iya,iya
1889,rendah,tidak,tidak,tidak
1890,tinggi,iya,tidak,tidak
1891,rendah,iya,iya,tidak
1892,tinggi,tidak,iya,iya
1893,tinggi,tidak,iya,tidak
1894,tinggi,tidak,tidak,tidak
1895,rendah,tidak,tidak,iya
1896,rendah,tidak,iya,tidak
1897,rendah,tidak,iya,iya
1898,rendah,tidak,iya,tidak
1899,rendah,iya,tidak,iya
1900,tinggi,tidak,tidak,tidak
1901,tinggi,iya,tidak,iya
1902,tinggi,tidak,iya,tidak
1903,tinggi,tidak,tidak,tidak
1904,tinggi,iya,tidak,iya
1905,rendah,iya,iya,iya
1906,tinggi,tidak,iya,tidak
1907,rendah,tidak,iya,tidak
1908,tinggi,tidak,tidak,tidak
1909,tinggi,tidak,iya,iya
1910,tinggi,tidak,tidak,iya
1911,tinggi,tidak,iya,tidak
1912,rendah,iya,iya,tidak
1913,rendah,iya,tidak,iya
1914,tinggi,iya,tidak,tidak
1915,tinggi,tidak,iya,iya
1916,rendah,tidak,tidak,tidak
1917,rendah,tidak,tidak,tidak
1918,tinggi,iya,iya,tidak
1919,tinggi,tidak,tidak,iya
1920,tinggi,iya,iya,tidak
1921,rendah,tidak,tidak,tidak
1922,rendah,tidak,iya,iya
1923,tinggi,tidak,tidak,tidak
1924,tinggi,iya,tidak,iya
1925,rendah,tidak,tidak,tidak
1926,rendah,tidak,iya,tidak
1927,tinggi,iya,tidak,tidak
1928,rendah,iya,tidak,iya
1929,rendah,tidak,tidak,iya
1930,tinggi,tidak,tidak,iya
1931,tinggi,iya,tidak,tidak
1932,tinggi,iya,tidak,tidak
1933,rendah,iya,iya,tidak
1934,rendah,iya,tidak,iya
1935,rendah,tidak,tidak,tidak
1936,rendah,tidak,tidak,iya
1937,rendah,iya,tidak,tidak
1938,rendah,iya,tidak,tidak
1939,tinggi,tidak,iya,tidak
1940,tinggi,iya,tidak,tidak
1941,rendah,tidak,tidak,tidak
1942,rendah,tidak,iya,tidak
1943,tinggi,tidak,tidak,tidak
1944,rendah,tidak,iya,iya
1945,rendah,iya,iya,iya
1946,rendah,iya,tidak,tidak
1947,tinggi,iya,tidak,tidak
1948,tinggi,tidak,tidak,tidak
1949,tinggi,tidak,tidak,tidak
1950,rendah,iya,tidak,tidak
1951,tinggi,tidak,tidak,tidak
1952,rendah,tidak,iya,iya
1953,tinggi,iya,tidak,tidak
1954,tinggi,tidak,iya,tidak
1955,tinggi,tidak,iya,iya
1956,rendah,tidak,iya,tidak
1957,rendah,iya,iya,iya
1958,rendah,iya,iya,tidak
1959,tinggi,iya,tidak,tidak
1960,tinggi,tidak,iya,iya
1961,rendah,tidak,tidak,tidak
1962,tinggi,tidak,iya,tidak
1963,tinggi,tidak,iya,iya
1964,rendah,tidak,tidak,tidak
1965,rendah,tidak,tidak,tidak
1966,tinggi,tidak,iya,tidak
1967,tinggi,iya,iya,tidak
1968,rendah,iya,tidak,iya
1969,tinggi,tidak,tidak,iya
1970,tinggi,iya,tidak,tidak
1971,rendah,tidak,tidak,tidak
1972,tinggi,iya,iya,tidak
1973,rendah,tidak,tidak,tidak
1974,rendah,tidak,tidak,tidak
1975,tinggi,tidak,tidak,tidak
1976,tinggi,tidak,tidak,iya
1977,tinggi,tidak,tidak,tidak
1978,tinggi,iya,tidak,iya
1979,rendah,tidak,tidak,tidak
1980,tinggi,tidak,iya,tidak
1981,tinggi,tidak,iya,tidak
1982,rendah,tidak,tidak,tidak
1983,rendah,tidak,tidak,tidak
1984,rendah,tidak,iya,tidak
1985,rendah,iya,tidak,iya
1986,tinggi,iya,tidak,tidak
1987,tinggi,iya,iya,tidak
1988,rendah,tidak,tidak,tidak
1989,rendah,iya,iya,tidak
1990,rendah,iya,iya,tidak
1991,tinggi,tidak,tidak,tidak
1992,rendah,iya,tidak,tidak
1993,rendah,tidak,tidak,tidak
1994,rendah,tidak,iya,iya
1995,tinggi,tidak,iya,iya
1996,tinggi,tidak,tidak,tidak
1997,tinggi,iya,tidak,tidak
1998,tinggi,tidak,tidak,tidak
1999,tinggi,tidak,tidak,tidak
2000,tinggi,tidak,tidak,iya
2001,tinggi,tidak,tidak,tidak
2002,tinggi,tidak,tidak,iya
2003,rendah,iya,iya,tidak
2004,tinggi,iya,tidak,tidak
2005,rendah,tidak,iya,tidak
2006,tinggi,tidak,iya,tidak
2007,tinggi,tidak,tidak,tidak
2008,rendah,tidak,tidak,iya
2009,tinggi,tidak,iya,iya
2010,tinggi,tidak,tidak,iya
2011,tinggi,iya,tidak,tidak
2012,rendah,tidak,tidak,iya
2013,tinggi,iya,iya,tidak
2014,rendah,tidak,tidak,tidak
2015,tinggi,tidak,tidak,tidak
2016,rendah,iya,tidak,tidak
2017,tinggi,tidak,tidak,tidak
2018,tinggi,tidak,tidak,tidak
2019,rendah,tidak,tidak,iya
2020,tinggi,tidak,tidak,tidak
2021,rendah,iya,iya,tidak
2022,rendah,tidak,iya,iya
2023,tinggi,iya,iya,iya
2024,rendah,iya,iya,tidak
2025,rendah,tidak,tidak,tidak
2026,rendah,iya,tidak,iya
2027,rendah,iya,tidak,tidak
2028,tinggi,tidak,tidak,iya
2029,rendah,iya,iya,tidak
2030,rendah,tidak,iya,tidak
2031,tinggi,tidak,tidak,tidak
2032,tinggi,iya,tidak,iya
2033,rendah,tidak,tidak,tidak
2034,tinggi,tidak,iya,tidak
2035,tinggi,tidak,iya,iya
2036,rendah,iya,iya,tidak
2037,tinggi,tidak,tidak,tidak
2038,tinggi,iya,iya,tidak
2039,tinggi,iya,tidak,tidak
2040,tinggi,tidak,iya,tidak
2041,tinggi,iya,tidak,tidak
2042,rendah,iya,tidak,tidak
2043,tinggi,tidak,tidak,iya
2044,tinggi,tidak,iya,tidak
2045,rendah,tidak,iya,tidak
2046,tinggi,tidak,iya,tidak
2047,rendah,iya,tidak,tidak
2048,tinggi,tidak,iya,iya
2049,tinggi,tidak,tidak,iya
2050,rendah,tidak,tidak,tidak
2051,rendah,tidak,tidak,tidak
2052,rendah,tidak,iya,tidak
2053,tinggi,tidak,iya,iya
2054,tinggi,tidak,tidak,tidak
2055,tinggi,iya,iya,tidak
2056,tinggi,tidak,tidak,tidak
2057,rendah,tidak,iya,tidak
2058,tinggi,iya,iya,iya
2059,rendah,tidak,iya,tidak
2060,rendah,iya,tidak,iya
2061,rendah,tidak,iya,tidak
2062,rendah,iya,tidak,iya
2063,tinggi,tidak,iya,iya
2064,tinggi,iya,tidak,iya
2065,tinggi,iya,iya,tidak
2066,tinggi,iya,iya,tidak
2067,tinggi,tidak,tidak,tidak
2068,tinggi,iya,iya,tidak
2069,rendah,iya,iya,tidak
2070,rendah,iya,iya,iya
2071,tinggi,tidak,tidak,tidak
2072,tinggi,tidak,tidak,tidak
2073,tinggi,tidak,tidak,tidak
2074,rendah,tidak,iya,iya
2075,rendah,iya,iya,tidak
2076,tinggi,tidak,iya,tidak
2077,rendah,iya,iya,tidak
2078,rendah,tidak,tidak,tidak
2079,rendah,tidak,tidak,tidak
2080,rendah,iya,iya,tidak
2081,rendah,tidak,iya,tidak
2082,tinggi,tidak,tidak,tidak
2083,tinggi,tidak,iya,tidak
2084,tinggi,tidak,iya,iya
2085,rendah,iya,iya,iya
2086,rendah,iya,iya,tidak
2087,rendah,iya,tidak,tidak
2088,tinggi,iya,iya,iya
2089,rendah,iya,iya,tidak
2090,rendah,tidak,tidak,tidak
2091,tinggi,iya,iya,iya
2092,rendah,tidak,iya,iya
2093,tinggi,tidak,tidak,tidak
2094,tinggi,tidak,tidak,tidak
2095,tinggi,tidak,tidak,iya
2096,tinggi,tidak,tidak,tidak
2097,rendah,tidak,tidak,tidak
2098,rendah,iya,tidak,tidak
2099,rendah,tidak,tidak,iya
2100,tinggi,tidak,iya,tidak
2101,tinggi,iya,tidak,tidak
2102,tinggi,tidak,iya,iya
2103,tinggi,iya,iya,tidak
2104,rendah,tidak,iya,tidak
2105,rendah,tidak,tidak,tidak
2106,rendah,iya,iya,tidak
2107,rendah,tidak,iya,tidak
2108,tinggi,iya,iya,tidak
2109,rendah,tidak,iya,tidak
2110,tinggi,iya,tidak,iya
2111,tinggi,iya,tidak,tidak
2112,tinggi,iya,tidak,tidak
2113,tinggi,tidak,tidak,iya
2114,tinggi,iya,tidak,tidak
2115,tinggi,iya,iya,iya
2116,rendah,iya,iya,tidak
2117,tinggi,tidak,iya,iya
2118,rendah,tidak,iya,iya
2119,tinggi,iya,iya,tidak
2120,tinggi,tidak,iya,tidak
2121,rendah,tidak,tidak,tidak
2122,rendah,tidak,iya,iya
2123,rendah,tidak,iya,tidak
2124,rendah,iya,iya,iya
2125,tinggi,tidak,iya,iya
2126,rendah,tidak,iya,tidak
2127,rendah,tidak,tidak,iya
2128,tinggi,iya,tidak,iya
2129,rendah,tidak,iya,iya
2130,rendah,tidak,tidak,tidak
2131,rendah,iya,iya,tidak
2132,rendah,iya,iya,tidak
2133,rendah,tidak,iya,tidak
2134,tinggi,iya,iya,tidak
2135,rendah,iya,iya,iya
2136,rendah,tidak,iya,tidak
2137,tinggi,iya,iya,tidak
2138,rendah,tidak,tidak,iya
2139,rendah,iya,tidak,tidak
2140,rendah,tidak,tidak,tidak
2141,rendah,tidak,iya,tidak
2142,rendah,tidak,tidak,iya
2143,tinggi,iya,tidak,tidak
2144,tinggi,tidak,iya,tidak
2145,tinggi,iya,tidak,tidak
2146,tinggi,tidak,iya,tidak
2147,tinggi,iya,iya,tidak
2148,tinggi,tidak,iya,tidak
2149,rendah,tidak,iya,tidak
2150,tinggi,iya,tidak,iya
2151,rendah,tidak,iya,tidak
2152,rendah,iya,iya,tidak
2153,rendah,tidak,tidak,tidak
2154,tinggi,iya,iya,tidak
2155,tinggi,tidak,iya,tidak
2156,tinggi,iya,tidak,tidak
2157,rendah,tidak,tidak,tidak
2158,rendah,tidak,tidak,tidak
2159,rendah,tidak,iya,tidak
2160,rendah,iya,iya,iya
2161,rendah,tidak,iya,iya
2162,tinggi,tidak,iya,tidak
2163,rendah,iya,tidak,iya
2164,tinggi,iya,tidak,iya
2165,tinggi,tidak,iya,iya
2166,tinggi,iya,tidak,tidak
2167,tinggi,tidak,iya,iya
2168,rendah,iya,tidak,iya
2169,tinggi,tidak,tidak,tidak
2170,rendah,tidak,iya,iya
2171,rendah,iya,iya,tidak
2172,tinggi,iya,tidak,tidak
2173,tinggi,tidak,tidak,iya
2174,tinggi,tidak,iya,tidak
2175,tinggi,tidak,tidak,tidak
2176,tinggi,iya,iya,tidak
2177,tinggi,iya,tidak,tidak
2178,tinggi,iya,tidak,tidak
2179,rendah,tidak,tidak,tidak
2180,rendah,tidak,iya,iya
2181,rendah,tidak,iya,tidak
2182,rendah,iya,tidak,tidak
2183,tinggi,tidak,tidak,tidak
2184,rendah,tidak,iya,tidak
2185,rendah,tidak,iya,tidak
2186,tinggi,tidak,iya,tidak
2187,tinggi,tidak,tidak,tidak
2188,tinggi,tidak,tidak,tidak
2189,rendah,tidak,tidak,tidak
2190,tinggi,tidak,iya,tidak
2191,rendah,iya,tidak,iya
2192,tinggi,tidak,iya,iya
2193,rendah,tidak,iya,tidak
2194,tinggi,tidak,tidak,tidak
2195,rendah,tidak,tidak,tidak
2196,tinggi,tidak,iya,tidak
2197,tinggi,iya,tidak,tidak
2198,tinggi,tidak,tidak,iya
2199,rendah,tidak,tidak,tidak
2200,tinggi,tidak,tidak,tidak
2201,rendah,iya,iya,tidak
2202,rendah,tidak,iya,iya
2203,rendah,tidak,iya,iya
2204,rendah,iya,iya,tidak
2205,rendah,tidak,iya,iya
2206,rendah,tidak,tidak,tidak
2207,tinggi,tidak,iya,tidak
2208,rendah,iya,tidak,iya
2209,rendah,tidak,tidak,tidak
2210,tinggi,tidak,tidak,tidak
2211,tinggi,tidak,tidak,tidak
2212,tinggi,tidak,tidak,iya
2213,tinggi,tidak,iya,tidak
2214,tinggi,tidak,tidak,iya
2215,tinggi,tidak,tidak,tidak
2216,rendah,tidak,tidak,tidak
2217,rendah,tidak,iya,iya
2218,rendah,tidak,iya,tidak
2219,tinggi,tidak,tidak,tidak
2220,rendah,iya,iya,tidak
2221,rendah,tidak,tidak,tidak
2222,rendah,iya,iya,tidak
2223,tinggi,tidak,tidak,tidak
2224,rendah,iya,iya,tidak
2225,tinggi,tidak,iya,tidak
2226,tinggi,tidak,tidak,tidak
2227,rendah,tidak,iya,iya
2228,tinggi,iya,tidak,iya
2229,rendah,tidak,tidak,tidak
2230,tinggi,iya,tidak,tidak
2231,rendah,iya,iya,tidak
2232,tinggi,tidak,tidak,tidak
2233,tinggi,tidak,iya,tidak
2234,rendah,iya,iya,tidak
2235,rendah,tidak,tidak,iya
2236,tinggi,tidak,tidak,tidak
2237,tinggi,iya,tidak,tidak
2238,tinggi,iya,iya,tidak
2239,tinggi,tidak,iya,tidak
2240,tinggi,tidak,tidak,tidak
2241,tinggi,tidak,iya,tidak
2242,rendah,iya,tidak,tidak
2243,tinggi,iya,tidak,tidak
2244,tinggi,tidak,iya,tidak
2245,rendah,tidak,iya,tidak
2246,rendah,tidak,tidak,tidak
2247,rendah,tidak,tidak,tidak
2248,rendah,tidak,tidak,tidak
2249,tinggi,tidak,iya,iya
2250,tinggi,tidak,iya,iya
2251,rendah,tidak,iya,tidak
2252,tinggi,tidak,iya,tidak
2253,tinggi,tidak,tidak,tidak
2254,rendah,tidak,tidak,tidak
2255,rendah,iya,tidak,tidak
2256,tinggi,iya,tidak,tidak
2257,tinggi,tidak,tidak,tidak
2258,rendah,iya,tidak,tidak
2259,rendah,tidak,tidak,tidak
2260,rendah,tidak,iya,iya
2261,tinggi,iya,iya,tidak
2262,rendah,tidak,iya,tidak
2263,rendah,iya,iya,iya
2264,tinggi,iya,iya,tidak
2265,rendah,iya,tidak,tidak
2266,tinggi,tidak,iya,tidak
2267,tinggi,tidak,iya,iya
2268,rendah,tidak,iya,tidak
2269,rendah,iya,iya,tidak
2270,tinggi,iya,iya,iya
2271,tinggi,iya,iya,tidak
2272,tinggi,tidak,iya,tidak
2273,tinggi,tidak,tidak,tidak
2274,tinggi,tidak,tidak,tidak
2275,tinggi,tidak,iya,tidak
2276,tinggi,iya,iya,tidak
2277,tinggi,iya,iya,iya
2278,tinggi,tidak,iya,tidak
2279,rendah,tidak,tidak,iya
2280,rendah,tidak,tidak,tidak
2281,rendah,tidak,tidak,tidak
2282,tinggi,tidak,tidak,tidak
2283,rendah,iya,tidak,tidak
2284,rendah,iya,iya,tidak
2285,tinggi,tidak,iya,tidak
2286,tinggi,tidak,tidak,tidak
2287,tinggi,tidak,tidak,tidak
2288,rendah,iya,iya,tidak
2289,tinggi,iya,iya,iya
2290,tinggi,tidak,tidak,tidak
2291,tinggi,tidak,tidak,tidak
2292,tinggi,tidak,tidak,tidak
2293,tinggi,tidak,tidak,tidak
2294,tinggi,tidak,iya,tidak
2295,tinggi,tidak,iya,tidak
2296,tinggi,iya,iya,tidak
2297,rendah,tidak,iya,tidak
2298,rendah,tidak,tidak,iya
2299,tinggi,iya,tidak,tidak
2300,rendah,tidak,tidak,iya
2301,tinggi,iya,tidak,tidak
2302,rendah,tidak,tidak,tidak
2303,tinggi,iya,tidak,tidak
2304,tinggi,tidak,iya,tidak
2305,tinggi,iya,tidak,tidak
2306,rendah,tidak,tidak,tidak
2307,rendah,tidak,tidak,tidak
2308,rendah,tidak,tidak,tidak
2309,tinggi,tidak,tidak,tidak
2310,tinggi,tidak,iya,iya
2311,tinggi,iya,tidak,tidak
2312,tinggi,tidak,iya,tidak
2313,tinggi,iya,tidak,tidak
2314,rendah,tidak,iya,tidak
2315,tinggi,tidak,tidak,tidak
2316,rendah,tidak,tidak,tidak
2317,rendah,tidak,iya,iya
2318,rendah,tidak,iya,iya
2319,rendah,iya,tidak,tidak
2320,tinggi,tidak,tidak,iya
2321,rendah,tidak,iya,iya
2322,rendah,tidak,tidak,iya
2323,tinggi,tidak,iya,tidak
2324,rendah,tidak,tidak,tidak
2325,tinggi,tidak,tidak,tidak
2326,tinggi,tidak,iya,tidak
2327,tinggi,iya,iya,tidak
2328,tinggi,iya,iya,tidak
2329,rendah,iya,iya,tidak
2330,tinggi,tidak,iya,tidak
2331,rendah,tidak,tidak,tidak
2332,tinggi,iya,tidak,iya
2333,tinggi,iya,tidak,tidak
2334,rendah,tidak,iya,tidak
2335,tinggi,tidak,tidak,tidak
2336,tinggi,iya,tidak,iya
2337,tinggi,tidak,iya,iya
2338,tinggi,tidak,iya,tidak
2339,tinggi,tidak,tidak,tidak
2340,tinggi,iya,tidak,iya
2341,rendah,tidak,tidak,iya
2342,rendah,tidak,tidak,tidak
2343,tinggi,tidak,iya,iya
2344,rendah,iya,tidak,tidak
2345,tinggi,tidak,iya,tidak
2346,rendah,tidak,tidak,iya
2347,rendah,tidak,tidak,iya
2348,rendah,iya,tidak,tidak
2349,rendah,iya,tidak,tidak
2350,rendah,tidak,tidak,tidak
2351,tinggi,tidak,tidak,iya
2352,rendah,iya,iya,iya
2353,rendah,tidak,tidak,iya
2354,rendah,tidak,tidak,tidak
2355,tinggi,tidak,tidak,iya
2356,tinggi,tidak,iya,iya
2357,rendah,iya,tidak,tidak
2358,tinggi,tidak,tidak,tidak
2359,tinggi,tidak,tidak,tidak
2360,rendah,tidak,tidak,tidak
2361,rendah,tidak,tidak,tidak
2362,rendah,iya,iya,tidak
2363,tinggi,tidak,tidak,tidak
2364,tinggi,tidak,tidak,tidak
2365,tinggi,tidak,iya,iya
2366,rendah,tidak,tidak,tidak
2367,rendah,iya,tidak,iya
2368,tinggi,tidak,iya,iya
2369,rendah,tidak,iya,tidak
2370,tinggi,tidak,iya,tidak
2371,rendah,iya,iya,iya
2372,rendah,tidak,tidak,tidak
2373,rendah,iya,iya,tidak
2374,tinggi,iya,iya,tidak
2375,tinggi,tidak,tidak,tidak
2376,rendah,tidak,iya,iya
2377,rendah,iya,iya,tidak
2378,tinggi,iya,tidak,tidak
2379,rendah,tidak,iya,tidak
2380,rendah,iya,tidak,tidak
2381,tinggi,iya,iya,tidak
2382,tinggi,tidak,tidak,tidak
2383,tinggi,tidak,iya,tidak
2384,tinggi,iya,tidak,tidak
2385,tinggi,tidak,iya,tidak
2386,tinggi,tidak,tidak,iya
2387,rendah,iya,tidak,tidak
2388,rendah,tidak,iya,iya
2389,tinggi,iya,tidak,iya
2390,rendah,tidak,iya,tidak
2391,rendah,iya,iya,tidak
2392,rendah,tidak,tidak,tidak
2393,tinggi,tidak,iya,tidak
2394,tinggi,tidak,iya,iya
2395,tinggi,tidak,tidak,tidak
2396,tinggi,tidak,tidak,tidak
2397,tinggi,iya,iya,tidak
2398,rendah,iya,iya,iya
2399,rendah,tidak,iya,iya
2400,tinggi,tidak,iya,tidak
2401,rendah,tidak,iya,iya
2402,rendah,tidak,iya,tidak
2403,tinggi,iya,tidak,iya
2404,rendah,iya,iya,tidak
2405,tinggi,tidak,iya,tidak
2406,rendah,tidak,iya,tidak
2407,rendah,iya,tidak,iya
2408,rendah,tidak,tidak,iya
2409,tinggi,tidak,tidak,tidak
2410,rendah,iya,iya,tidak
2411,rendah,tidak,iya,iya
2412,tinggi,tidak,iya,iya
2413,rendah,iya,iya,tidak
2414,tinggi,tidak,tidak,tidak
2415,tinggi,tidak,tidak,tidak
2416,tinggi,tidak,iya,tidak
2417,rendah,tidak,tidak,iya
2418,rendah,tidak,iya,tidak
2419,tinggi,iya,tidak,tidak
2420,tinggi,iya,tidak,tidak
2421,rendah,tidak,tidak,tidak
2422,tinggi,tidak,iya,iya
2423,rendah,tidak,tidak,iya
2424,tinggi,tidak,tidak,tidak
2425,tinggi,iya,tidak,tidak
2426,rendah,iya,tidak,iya
2427,rendah,tidak,iya,tidak
2428,tinggi,tidak,iya,tidak
2429,tinggi,iya,iya,tidak
2430,rendah,tidak,iya,iya
2431,rendah,iya,iya,tidak
2432,rendah,iya,iya,tidak
2433,tinggi,tidak,iya,tidak
2434,tinggi,tidak,tidak,tidak
2435,tinggi,iya,iya,tidak
2436,tinggi,tidak,iya,iya
2437,rendah,tidak,tidak,iya
2438,rendah,tidak,tidak,tidak
2439,tinggi,tidak,iya,iya
2440,rendah,tidak,tidak,tidak
2441,tinggi,tidak,tidak,tidak
2442,rendah,tidak,iya,tidak
2443,tinggi,tidak,tidak,tidak
2444,rendah,iya,tidak,iya
2445,rendah,tidak,tidak,tidak
2446,rendah,iya,tidak,iya
2447,rendah,tidak,iya,iya
2448,rendah,tidak,tidak,tidak
2449,tinggi,tidak,iya,iya
2450,rendah,tidak,tidak,tidak
2451,rendah,tidak,tidak,iya
2452,rendah,iya,tidak,tidak
2453,tinggi,iya,tidak,iya
2454,tinggi,tidak,iya,tidak
2455,tinggi,tidak,tidak,tidak
2456,tinggi,tidak,iya,iya
2457,rendah,iya,tidak,tidak
2458,tinggi,tidak,iya,tidak
2459,rendah,tidak,iya,iya
2460,tinggi,iya,iya,tidak
2461,rendah,tidak,iya,tidak
2462,rendah,tidak,tidak,tidak
2463,tinggi,tidak,tidak,iya
2464,tinggi,tidak,tidak,iya
2465,rendah,tidak,tidak,tidak
2466,rendah,iya,tidak,tidak
2467,tinggi,iya,iya,tidak
2468,rendah,tidak,iya,iya
2469,tinggi,iya,tidak,iya
2470,tinggi,tidak,iya,tidak
2471,rendah,iya,tidak,tidak
2472,rendah,tidak,iya,iya
2473,rendah,iya,tidak,tidak
2474,rendah,tidak,tidak,tidak
2475,tinggi,tidak,iya,iya
2476,tinggi,iya,tidak,tidak
2477,tinggi,tidak,iya,tidak
2478,rendah,iya,tidak,iya
2479,rendah,tidak,iya,tidak
2480,rendah,tidak,iya,tidak
2481,tinggi,tidak,iya,tidak
2482,tinggi,iya,tidak,iya
2483,rendah,iya,tidak,tidak
2484,tinggi,tidak,tidak,tidak
2485,rendah,tidak,iya,tidak
2486,tinggi,iya,tidak,tidak
2487,rendah,iya,tidak,iya
2488,tinggi,iya,iya,tidak
2489,tinggi,tidak,iya,tidak
2490,tinggi,iya,iya,tidak
2491,rendah,tidak,tidak,tidak
2492,tinggi,iya,tidak,tidak
2493,tinggi,tidak,tidak,iya
2494,tinggi,iya,iya,tidak
2495,tinggi,iya,tidak,tidak
2496,tinggi,tidak,tidak,tidak
2497,rendah,iya,tidak,iya
2498,rendah,tidak,tidak,iya
2499,rendah,iya,iya,tidak
2500,tinggi,tidak,iya,tidak
2501,rendah,tidak,tidak,tidak
2502,rendah,tidak,tidak,iya
2503,tinggi,iya,iya,tidak
2504,tinggi,tidak,tidak,tidak
2505,tinggi,tidak,tidak,tidak
2506,tinggi,tidak,iya,tidak
2507,rendah,tidak,tidak,iya
2508,tinggi,iya,iya,tidak
2509,tinggi,tidak,tidak,tidak
2510,tinggi,tidak,tidak,iya
2511,rendah,tidak,iya,tidak
2512,tinggi,tidak,tidak,tidak
2513,tinggi,tidak,tidak,tidak
2514,rendah,iya,tidak,iya
2515,tinggi,iya,iya,iya
2516,rendah,iya,tidak,tidak
2517,rendah,iya,tidak,iya
2518,rendah,iya,tidak,tidak
2519,tinggi,iya,iya,tidak
2520,tinggi,iya,tidak,tidak
2521,rendah,tidak,tidak,tidak
2522,rendah,tidak,tidak,iya
2523,rendah,tidak,tidak,iya
2524,tinggi,iya,iya,tidak
2525,rendah,tidak,iya,iya
2526,tinggi,tidak,iya,tidak
2527,tinggi,iya,tidak,iya
2528,tinggi,iya,tidak,tidak
2529,tinggi,tidak,tidak,iya
2530,rendah,tidak,tidak,tidak
2531,tinggi,iya,tidak,iya
2532,rendah,iya,iya,iya
2533,rendah,iya,iya,iya
2534,tinggi,iya,tidak,iya
2535,tinggi,tidak,iya,iya
2536,tinggi,tidak,tidak,tidak
2537,rendah,tidak,iya,tidak
2538,tinggi,tidak,iya,tidak
2539,tinggi,iya,tidak,tidak
2540,tinggi,tidak,tidak,tidak
2541,rendah,tidak,tidak,iya
2542,tinggi,iya,iya,iya
2543,rendah,iya,iya,iya
2544,tinggi,tidak,tidak,tidak
2545,tinggi,tidak,tidak,tidak
2546,tinggi,iya,tidak,iya
2547,tinggi,tidak,tidak,iya
2548,tinggi,tidak,tidak,tidak
2549,rendah,iya,tidak,tidak
2550,rendah,iya,iya,iya
2551,tinggi,tidak,iya,iya
2552,tinggi,tidak,tidak,iya
2553,tinggi,iya,iya,tidak
2554,rendah,iya,tidak,tidak
2555,rendah,tidak,tidak,iya
2556,rendah,tidak,tidak,tidak
2557,tinggi,tidak,iya,tidak
2558,rendah,tidak,tidak,tidak
2559,rendah,iya,tidak,tidak
2560,rendah,tidak,iya,iya
2561,tinggi,iya,tidak,iya
2562,tinggi,iya,tidak,tidak
2563,tinggi,iya,iya,tidak
2564,tinggi,tidak,iya,tidak
2565,tinggi,tidak,tidak,tidak
2566,rendah,tidak,tidak,tidak
2567,rendah,tidak,tidak,tidak
2568,rendah,tidak,tidak,tidak
2569,rendah,tidak,tidak,tidak
2570,tinggi,iya,tidak,tidak
2571,rendah,tidak,tidak,tidak
2572,tinggi,tidak,tidak,tidak
2573,tinggi,tidak,tidak,iya
2574,rendah,tidak,iya,tidak
2575,rendah,tidak,tidak,iya
2576,tinggi,iya,tidak,iya
2577,rendah,tidak,iya,iya
2578,rendah,tidak,iya,tidak
2579,rendah,iya,tidak,iya
2580,tinggi,iya,tidak,iya
2581,rendah,tidak,iya,iya
2582,rendah,iya,iya,tidak
2583,tinggi,iya,iya,iya
2584,tinggi,tidak,tidak,tidak
2585,tinggi,iya,tidak,tidak
2586,rendah,iya,iya,tidak
2587,rendah,tidak,tidak,iya
2588,rendah,tidak,tidak,iya
2589,rendah,iya,iya,iya
2590,rendah,iya,iya,tidak
2591,rendah,iya,iya,iya
2592,rendah,tidak,iya,tidak
2593,rendah,iya,tidak,iya
2594,tinggi,iya,tidak,iya
2595,tinggi,tidak,iya,tidak
2596,rendah,tidak,tidak,iya
2597,tinggi,iya,iya,iya
2598,rendah,tidak,tidak,tidak
2599,rendah,tidak,iya,iya
2600,tinggi,tidak,iya,tidak
2601,rendah,tidak,tidak,tidak
2602,tinggi,tidak,tidak,iya
2603,rendah,iya,iya,iya
2604,tinggi,iya,iya,tidak
2605,tinggi,tidak,iya,iya
2606,tinggi,iya,iya,tidak
2607,rendah,tidak,tidak,tidak
2608,rendah,iya,iya,tidak
2609,tinggi,tidak,tidak,tidak
2610,tinggi,iya,tidak,tidak
2611,rendah,tidak,iya,tidak
2612,rendah,iya,tidak,iya
2613,rendah,tidak,tidak,iya
2614,rendah,iya,tidak,tidak
2615,tinggi,tidak,tidak,iya
2616,tinggi,tidak,iya,tidak
2617,rendah,tidak,iya,iya
2618,tinggi,iya,iya,tidak
2619,rendah,iya,iya,iya
2620,tinggi,tidak,tidak,tidak
2621,tinggi,tidak,tidak,tidak
2622,rendah,tidak,iya,iya
2623,tinggi,iya,iya,iya
2624,tinggi,iya,iya,tidak
2625,rendah,iya,iya,tidak
2626,tinggi,tidak,tidak,iya
2627,tinggi,iya,iya,tidak
2628,tinggi,tidak,tidak,iya
2629,rendah,iya,tidak,tidak
2630,rendah,tidak,iya,tidak
2631,tinggi,iya,tidak,tidak
2632,tinggi,tidak,tidak,tidak
2633,rendah,tidak,tidak,tidak
2634,tinggi,tidak,tidak,tidak
2635,tinggi,tidak,iya,iya
2636,rendah,tidak,tidak,tidak
2637,tinggi,iya,iya,tidak
2638,tinggi,iya,tidak,tidak
2639,rendah,tidak,iya,tidak
2640,rendah,tidak,tidak,tidak
2641,tinggi,tidak,tidak,iya
2642,tinggi,iya,tidak,tidak
2643,tinggi,tidak,tidak,iya
2644,tinggi,tidak,iya,tidak
2645,rendah,tidak,iya,iya
2646,rendah,iya,iya,tidak
2647,tinggi,iya,iya,tidak
2648,tinggi,tidak,tidak,tidak
2649,rendah,iya,tidak,tidak
2650,rendah,iya,tidak,tidak
2651,rendah,iya,tidak,tidak
2652,rendah,tidak,tidak,tidak
2653,rendah,iya,iya,tidak
2654,rendah,tidak,tidak,tidak
2655,rendah,iya,iya,tidak
2656,tinggi,tidak,iya,tidak
2657,rendah,iya,tidak,iya
2658,tinggi,tidak,iya,tidak
2659,tinggi,tidak,iya,tidak
2660,rendah,tidak,iya,tidak
2661,tinggi,tidak,tidak,iya
2662,rendah,iya,tidak,tidak
2663,rendah,iya,iya,iya
2664,tinggi,iya,iya,iya
2665,tinggi,tidak,iya,tidak
2666,tinggi,tidak,iya,tidak
2667,rendah,tidak,tidak,iya
2668,rendah,tidak,iya,tidak
2669,rendah,tidak,tidak,iya
2670,tinggi,tidak,tidak,tidak
2671,rendah,tidak,tidak,iya
2672,tinggi,tidak,tidak,iya
2673,tinggi,tidak,iya,tidak
2674,rendah,tidak,iya,tidak
2675,tinggi,tidak,iya,tidak
2676,tinggi,iya,iya,tidak
2677,tinggi,iya,tidak,tidak
2678,rendah,tidak,iya,iya
2679,rendah,iya,tidak,tidak
2680,tinggi,tidak,iya,iya
2681,rendah,tidak,iya,tidak
2682,tinggi,iya,tidak,tidak
2683,rendah,iya,tidak,tidak
2684,tinggi,tidak,iya,iya
2685,rendah,iya,tidak,tidak
2686,rendah,iya,tidak,tidak
2687,tinggi,iya,tidak,tidak
2688,rendah,iya,iya,tidak
2689,tinggi,iya,tidak,tidak
2690,tinggi,tidak,iya,tidak
2691,tinggi,iya,tidak,iya
2692,tinggi,iya,tidak,iya
2693,tinggi,tidak,tidak,iya
2694,rendah,iya,tidak,tidak
2695,rendah,tidak,iya,tidak
2696,tinggi,iya,tidak,tidak
2697,tinggi,tidak,tidak,tidak
2698,tinggi,tidak,tidak,iya
2699,rendah,tidak,tidak,iya
2700,rendah,tidak,tidak,tidak
2701,tinggi,iya,tidak,tidak
2702,rendah,tidak,tidak,iya
2703,rendah,tidak,iya,tidak
2704,tinggi,tidak,tidak,tidak
2705,rendah,iya,tidak,iya
2706,rendah,tidak,tidak,tidak
2707,tinggi,iya,tidak,tidak
2708,rendah,tidak,tidak,tidak
2709,rendah,tidak,iya,tidak
2710,rendah,tidak,iya,tidak
2711,tinggi,iya,tidak,iya
2712,tinggi,tidak,iya,tidak
2713,rendah,iya,iya,tidak
2714,rendah,iya,tidak,tidak
2715,tinggi,tidak,tidak,tidak
2716,tinggi,tidak,iya,iya
2717,tinggi,tidak,iya,tidak
2718,rendah,iya,tidak,iya
2719,tinggi,tidak,iya,iya
2720,rendah,iya,tidak,tidak
2721,rendah,iya,tidak,tidak
2722,rendah,tidak,tidak,iya
2723,tinggi,tidak,tidak,tidak
2724,tinggi,iya,iya,tidak
2725,rendah,iya,tidak,iya
2726,tinggi,iya,tidak,tidak
2727,rendah,iya,tidak,tidak
2728,rendah,tidak,tidak,tidak
2729,rendah,tidak,tidak,iya
2730,tinggi,tidak,iya,iya
2731,tinggi,iya,tidak,iya
2732,rendah,iya,iya,tidak
2733,rendah,iya,tidak,tidak
2734,tinggi,iya,iya,tidak
2735,tinggi,tidak,tidak,tidak
2736,tinggi,iya,tidak,tidak
2737,rendah,tidak,tidak,iya
2738,rendah,iya,iya,tidak
2739,rendah,iya,iya,tidak
2740,tinggi,iya,tidak,iya
2741,rendah,tidak,iya,tidak
2742,tinggi,iya,iya,tidak
2743,rendah,tidak,tidak,tidak
2744,tinggi,iya,iya,iya
2745,rendah,iya,iya,iya
2746,tinggi,tidak,tidak,tidak
2747,tinggi,tidak,tidak,tidak
2748,rendah,tidak,tidak,tidak
2749,rendah,tidak,tidak,tidak
2750,rendah,tidak,tidak,iya
2751,tinggi,iya,tidak,iya
2752,rendah,tidak,tidak,tidak
2753,rendah,iya,tidak,tidak
2754,tinggi,tidak,tidak,tidak
2755,tinggi,tidak,tidak,tidak
2756,tinggi,iya,iya,iya
2757,tinggi,iya,iya,tidak
2758,rendah,tidak,iya,tidak
2759,tinggi,iya,iya,tidak
2760,tinggi,tidak,tidak,tidak
2761,tinggi,iya,tidak,iya
2762,rendah,iya,iya,tidak
2763,tinggi,iya,tidak,tidak
2764,tinggi,iya,iya,tidak
2765,rendah,tidak,tidak,tidak
2766,rendah,iya,tidak,iya
2767,tinggi,tidak,iya,tidak
2768,rendah,iya,iya,tidak
2769,rendah,tidak,tidak,tidak
2770,tinggi,tidak,iya,tidak
2771,rendah,tidak,tidak,tidak
2772,tinggi,iya,iya,tidak
2773,tinggi,tidak,tidak,iya
2774,tinggi,iya,iya,tidak
2775,rendah,iya,iya,tidak
2776,rendah,tidak,tidak,iya
2777,tinggi,iya,iya,tidak
2778,tinggi,iya,tidak,tidak
2779,rendah,tidak,iya,tidak
2780,rendah,iya,iya,tidak
2781,tinggi,tidak,tidak,iya
2782,tinggi,tidak,tidak,tidak
2783,tinggi,tidak,iya,tidak
2784,rendah,tidak,tidak,iya
2785,tinggi,iya,tidak,tidak
2786,tinggi,tidak,iya,tidak
2787,tinggi,tidak,iya,iya
2788,tinggi,iya,iya,tidak
2789,rendah,tidak,tidak,tidak
2790,tinggi,tidak,tidak,tidak
2791,rendah,tidak,tidak,iya
2792,rendah,tidak,iya,tidak
2793,tinggi,iya,tidak,tidak
2794,rendah,tidak,tidak,tidak
2795,rendah,tidak,tidak,iya
2796,rendah,iya,iya,tidak
2797,tinggi,tidak,tidak,tidak
2798,tinggi,iya,iya,tidak
2799,tinggi,iya,iya,tidak
2800,tinggi,iya,iya,tidak
2801,tinggi,iya,iya,iya
2802,tinggi,tidak,iya,tidak
2803,rendah,iya,iya,tidak
2804,rendah,tidak,iya,tidak
2805,rendah,iya,iya,iya
2806,rendah,iya,tidak,tidak
2807,rendah,tidak,iya,tidak
2808,rendah,tidak,iya,tidak
2809,tinggi,tidak,tidak,iya
2810,tinggi,tidak,iya,tidak
2811,rendah,iya,tidak,tidak
2812,rendah,tidak,tidak,tidak
2813,tinggi,tidak,tidak,tidak
2814,tinggi,tidak,tidak,tidak
2815,tinggi,tidak,iya,tidak
2816,rendah,tidak,tidak,tidak
2817,tinggi,tidak,tidak,tidak
2818,tinggi,tidak,iya,tidak
2819,rendah,iya,tidak,tidak
2820,tinggi,iya,tidak,tidak
2821,rendah,tidak,iya,iya
2822,rendah,tidak,tidak,iya
2823,tinggi,iya,iya,iya
2824,tinggi,tidak,iya,tidak
2825,tinggi,tidak,tidak,iya
2826,tinggi,iya,iya,tidak
2827,rendah,iya,tidak,iya
2828,tinggi,iya,iya,iya
2829,rendah,iya,iya,tidak
2830,tinggi,tidak,tidak,iya
2831,rendah,tidak,tidak,tidak
2832,rendah,iya,iya,tidak
2833,tinggi,iya,iya,tidak
2834,tinggi,tidak,tidak,tidak
2835,tinggi,tidak,tidak,tidak
2836,rendah,iya,tidak,tidak
2837,tinggi,tidak,tidak,tidak
2838,tinggi,iya,iya,iya
2839,tinggi,tidak,tidak,tidak
2840,rendah,tidak,tidak,iya
2841,rendah,tidak,iya,tidak
2842,tinggi,tidak,tidak,tidak
2843,rendah,tidak,iya,tidak
2844,tinggi,tidak,iya,tidak
2845,tinggi,iya,tidak,tidak
2846,tinggi,tidak,tidak,tidak
2847,rendah,iya,tidak,tidak
2848,tinggi,iya,tidak,iya
2849,tinggi,iya,tidak,tidak
2850,rendah,tidak,tidak,tidak
2851,tinggi,tidak,tidak,tidak
2852,tinggi,tidak,tidak,iya
2853,rendah,tidak,iya,tidak
2854,tinggi,tidak,iya,iya
2855,rendah,iya,tidak,tidak
2856,tinggi,tidak,tidak,tidak
2857,rendah,iya,iya,tidak
2858,tinggi,iya,tidak,tidak
2859,tinggi,tidak,tidak,tidak
2860,tinggi,tidak,tidak,tidak
2861,rendah,tidak,iya,tidak
2862,tinggi,tidak,tidak,iya
2863,tinggi,tidak,iya,tidak
2864,rendah,tidak,tidak,tidak
2865,tinggi,iya,iya,tidak
2866,rendah,tidak,iya,tidak
2867,tinggi,tidak,iya,iya
2868,tinggi,iya,tidak,tidak
2869,rendah,iya,tidak,tidak
2870,rendah,tidak,tidak,iya
2871,rendah,tidak,tidak,tidak
2872,tinggi,iya,iya,tidak
2873,rendah,iya,iya,tidak
2874,tinggi,tidak,tidak,tidak
2875,rendah,iya,iya,iya
2876,rendah,tidak,tidak,iya
2877,rendah,tidak,tidak,tidak
2878,rendah,iya,iya,tidak
2879,tinggi,tidak,tidak,tidak
2880,tinggi,iya,tidak,tidak
2881,tinggi,tidak,tidak,tidak
2882,rendah,iya,iya,iya
2883,rendah,tidak,tidak,tidak
2884,rendah,tidak,iya,iya
2885,tinggi,iya,iya,iya
2886,tinggi,tidak,iya,iya
2887,tinggi,iya,tidak,tidak
2888,rendah,iya,tidak,tidak
2889,tinggi,iya,iya,tidak
2890,tinggi,iya,tidak,tidak
2891,tinggi,iya,tidak,iya
2892,rendah,tidak,iya,tidak
2893,rendah,tidak,iya,tidak
2894,tinggi,tidak,tidak,tidak
2895,rendah,tidak,iya,iya
2896,tinggi,iya,iya,tidak
2897,tinggi,tidak,tidak,tidak
2898,tinggi,tidak,tidak,tidak
2899,rendah,iya,tidak,tidak
2900,rendah,tidak,iya,iya
2901,rendah,tidak,iya,tidak
2902,tinggi,iya,tidak,tidak
2903,rendah,iya,iya,iya
2904,tinggi,tidak,iya,tidak
2905,rendah,tidak,iya,tidak
2906,tinggi,tidak,tidak,tidak
2907,tinggi,tidak,tidak,iya
2908,tinggi,tidak,tidak,tidak
2909,tinggi,tidak,tidak,tidak
2910,tinggi,tidak,tidak,tidak
2911,tinggi,tidak,tidak,iya
2912,tinggi,tidak,tidak,tidak
2913,rendah,tidak,iya,iya
2914,tinggi,tidak,tidak,tidak
2915,rendah,tidak,tidak,iya
2916,tinggi,tidak,iya,tidak
2917,rendah,iya,iya,iya
2918,tinggi,iya,tidak,iya
2919,tinggi,tidak,iya,tidak
2920,rendah,iya,tidak,tidak
2921,rendah,tidak,tidak,tidak
2922,tinggi,iya,tidak,tidak
2923,rendah,iya,iya,tidak
2924,tinggi,tidak,iya,tidak
2925,tinggi,tidak,tidak,iya
2926,rendah,tidak,tidak,tidak
2927,tinggi,iya,tidak,tidak
2928,rendah,iya,iya,iya
2929,tinggi,tidak,iya,tidak
2930,rendah,iya,tidak,iya
2931,rendah,tidak,tidak,tidak
2932,tinggi,iya,tidak,iya
2933,rendah,iya,tidak,iya
2934,tinggi,iya,tidak,tidak
2935,rendah,iya,iya,tidak
2936,rendah,iya,tidak,tidak
2937,rendah,tidak,iya,iya
2938,tinggi,iya,tidak,tidak
2939,rendah,tidak,tidak,iya
2940,tinggi,tidak,tidak,iya
2941,rendah,tidak,tidak,tidak
2942,tinggi,tidak,tidak,iya
2943,rendah,tidak,tidak,tidak
2944,rendah,iya,iya,tidak
2945,tinggi,tidak,tidak,tidak
2946,tinggi,iya,tidak,tidak
2947,rendah,tidak,tidak,tidak
2948,rendah,iya,tidak,tidak
2949,tinggi,tidak,tidak,tidak
2950,rendah,iya,tidak,iya
2951,rendah,tidak,tidak,tidak
2952,rendah,tidak,iya,iya
2953,rendah,tidak,tidak,iya
2954,tinggi,tidak,tidak,iya
2955,tinggi,tidak,tidak,tidak
2956,rendah,tidak,iya,tidak
2957,tinggi,tidak,tidak,tidak
2958,tinggi,tidak,iya,iya
2959,rendah,iya,tidak,iya
2960,rendah,tidak,tidak,iya
2961,tinggi,tidak,iya,iya
2962,tinggi,tidak,iya,iya
2963,rendah,tidak,iya,iya
2964,rendah,tidak,tidak,iya
2965,tinggi,tidak,tidak,iya
2966,rendah,tidak,tidak,tidak
2967,rendah,tidak,tidak,tidak
2968,tinggi,iya,iya,tidak
2969,tinggi,tidak,tidak,tidak
2970,tinggi,iya,tidak,iya
2971,rendah,iya,tidak,tidak
2972,rendah,iya,tidak,tidak
2973,rendah,iya,iya,tidak
2974,rendah,iya,tidak,iya
2975,tinggi,iya,iya,tidak
2976,tinggi,tidak,tidak,tidak
2977,rendah,iya,tidak,tidak
2978,rendah,iya,tidak,tidak
2979,rendah,tidak,tidak,iya
2980,tinggi,tidak,iya,iya
2981,tinggi,tidak,iya,tidak
2982,rendah,tidak,tidak,tidak
2983,tinggi,tidak,tidak,iya
2984,tinggi,tidak,iya,tidak
2985,tinggi,tidak,iya,tidak
2986,rendah,tidak,tidak,iya
2987,tinggi,tidak,tidak,iya
2988,tinggi,iya,iya,iya
2989,tinggi,iya,iya,tidak
2990,rendah,tidak,iya,tidak
2991,rendah,tidak,iya,tidak
2992,rendah,iya,tidak,tidak
2993,tinggi,tidak,tidak,iya
2994,tinggi,iya,tidak,tidak
2995,tinggi,tidak,tidak,tidak
2996,rendah,tidak,tidak,tidak
2997,tinggi,tidak,tidak,tidak
2998,rendah,tidak,tidak,tidak
2999,rendah,tidak,iya,iya
3000,tinggi,tidak,tidak,iya
